execution_date,title,order,search_query
2024-06-06,Plant-Based Hand Soap Non-Drying Hypoallergenic Sensitive...,10,Hand Soap
2024-06-06,Plant-Based Hand Soap Non-Drying Hypoallergenic Sensitive...,123,Hand Soap
2024-06-06,8oz Hand Soap,2,Hand Soap
2024-06-06,HAND SOAP,3,Hand Soap
2024-06-06,Hand Soap (Case of 6),30,Hand Soap
2024-06-06,Hand Soap - Pink Lilac 12oz (unit),46,Hand Soap
2024-06-06,Hand Soap -Lavender and Grapefruit 12oz (unit),54,Hand Soap
2024-06-06,Lemon Ginger 15oz Foaming Hand Soap,60,Hand Soap
2024-06-06,Hand Soap - Orange & Chamomile 12oz (unit),9,Hand Soap
2024-06-14,8oz Hand Soap,1,Hand Soap
2024-06-14,HAND SOAP,12,Hand Soap
2024-06-14,Hand Soap - Pink Lilac 12oz (unit),18,Hand Soap
2024-06-14,Hand Soap -Lavender and Grapefruit 12oz (unit),22,Hand Soap
2024-06-14,Hand Soap (Case of 6),28,Hand Soap
2024-06-14,Holy Soap - Glass Bottle,63,Hand Soap
2024-06-14,Plant-Based Hand Soap Non-Drying Hypoallergenic Sensitive...,8,Hand Soap
2024-06-01,Hand Soap -Lavender and Grapefruit 12oz (unit),16,Hand Soap
2024-06-01,8oz Hand Soap,2,Hand Soap
2024-06-01,Hand Soap - Pink Lilac 12oz (unit),23,Hand Soap
2024-06-01,HAND SOAP,37,Hand Soap
2024-06-01,Plant-Based Hand Soap Non-Drying Hypoallergenic Sensitive...,5,Hand Soap
2024-06-01,Hand Soap - Orange & Chamomile 12oz (unit),7,Hand Soap
2024-06-01,Hand Soap (Case of 6),77,Hand Soap
2024-06-01,Lemon Ginger 15oz Foaming Hand Soap,92,Hand Soap
2024-05-31,HAND SOAP,14,Hand Soap
2024-05-31,8oz Hand Soap,2,Hand Soap
2024-05-31,Hand Soap - Pink Lilac 12oz (unit),27,Hand Soap
2024-05-31,Hand Soap - Orange & Chamomile 12oz (unit),3,Hand Soap
2024-05-31,Hand Soap -Lavender and Grapefruit 12oz (unit),32,Hand Soap
2024-05-31,Plant-Based Hand Soap Non-Drying Hypoallergenic Sensitive...,4,Hand Soap
2024-05-31,Hand Soap (Case of 6),61,Hand Soap
2024-05-31,Lemon Ginger 15oz Foaming Hand Soap,92,Hand Soap
2024-06-07,Plant-Based Hand Soap Non-Drying Hypoallergenic Sensitive...,104,Hand Soap
2024-06-07,HAND SOAP,14,Hand Soap
2024-06-07,Hand Soap (Case of 6),18,Hand Soap
2024-06-07,8oz Hand Soap,2,Hand Soap
2024-06-07,Hand Soap - Orange & Chamomile 12oz (unit),3,Hand Soap
2024-06-07,Hand Soap -Lavender and Grapefruit 12oz (unit),38,Hand Soap
2024-06-07,Hand Soap - Pink Lilac 12oz (unit),46,Hand Soap
2024-06-07,Lemon Ginger 15oz Foaming Hand Soap,84,Hand Soap
2024-06-07,Plant-Based Hand Soap Non-Drying Hypoallergenic Sensitive...,9,Hand Soap
2024-06-03,Hand Soap -Lavender and Grapefruit 12oz (unit),19,Hand Soap
2024-06-03,8oz Hand Soap,2,Hand Soap
2024-06-03,HAND SOAP,24,Hand Soap
2024-06-03,Hand Soap - Orange & Chamomile 12oz (unit),3,Hand Soap
2024-06-03,Hand Soap - Pink Lilac 12oz (unit),37,Hand Soap
2024-06-03,Plant-Based Hand Soap Non-Drying Hypoallergenic Sensitive...,6,Hand Soap
2024-06-03,Hand Soap (Case of 6),68,Hand Soap
2024-06-03,Lemon Ginger 15oz Foaming Hand Soap,85,Hand Soap
2024-06-09,HAND SOAP,11,Hand Soap
2024-06-09,Plant-Based Hand Soap Non-Drying Hypoallergenic Sensitive...,12,Hand Soap
2024-06-09,8oz Hand Soap,2,Hand Soap
2024-06-09,Hand Soap -Lavender and Grapefruit 12oz (unit),37,Hand Soap
2024-06-09,Hand Soap - Orange & Chamomile 12oz (unit),4,Hand Soap
2024-06-09,Hand Soap - Pink Lilac 12oz (unit),49,Hand Soap
2024-06-09,Hand Soap (Case of 6),72,Hand Soap
2024-06-09,Plant-Based Hand Soap Non-Drying Hypoallergenic Sensitive...,89,Hand Soap
2024-06-09,Lemon Ginger 15oz Foaming Hand Soap,96,Hand Soap
2024-06-12,Plant-Based Hand Soap Non-Drying Hypoallergenic Sensitive...,113,Hand Soap
2024-06-12,Hand Soap - Orange & Chamomile 12oz (unit),16,Hand Soap
2024-06-12,HAND SOAP,17,Hand Soap
2024-06-12,8oz Hand Soap,2,Hand Soap
2024-06-12,Hand Soap -Lavender and Grapefruit 12oz (unit),32,Hand Soap
2024-06-12,Hand Soap - Pink Lilac 12oz (unit),42,Hand Soap
2024-06-12,Hand Soap (Case of 6),43,Hand Soap
2024-06-12,Plant-Based Hand Soap Non-Drying Hypoallergenic Sensitive...,5,Hand Soap
2024-06-12,Lemon Ginger 15oz Foaming Hand Soap,74,Hand Soap
2024-05-27,8oz Hand Soap,2,Hand Soap
2024-05-27,Hand Soap - Pink Lilac 12oz (unit),22,Hand Soap
2024-05-27,Hand Soap -Lavender and Grapefruit 12oz (unit),26,Hand Soap
2024-05-27,Hand Soap - Orange & Chamomile 12oz (unit),3,Hand Soap
2024-05-27,Hand Soap 12 fl oz,4,Hand Soap
2024-05-27,Hand Soap (Case of 6),41,Hand Soap
2024-05-27,HAND SOAP,5,Hand Soap
2024-05-27,Plant-Based Hand Soap Non-Drying Hypoallergenic Sensitive...,7,Hand Soap
2024-05-30,Plant-Based Hand Soap Non-Drying Hypoallergenic Sensitive...,10,Hand Soap
2024-05-30,HAND SOAP,16,Hand Soap
2024-05-30,Hand Soap - Orange & Chamomile 12oz (unit),19,Hand Soap
2024-05-30,8oz Hand Soap,2,Hand Soap
2024-05-30,Hand Soap 12 fl oz,3,Hand Soap
2024-05-30,Hand Soap - Pink Lilac 12oz (unit),38,Hand Soap
2024-05-30,Hand Soap -Lavender and Grapefruit 12oz (unit),39,Hand Soap
2024-05-30,Lemon Ginger 15oz Foaming Hand Soap,79,Hand Soap
2024-05-30,Hand Soap (Case of 6),83,Hand Soap
2024-05-24,Plant-Based Hand Soap Non-Drying Hypoallergenic Sensitive...,13,Hand Soap
2024-05-24,Hand Soap - Orange & Chamomile 12oz (unit),16,Hand Soap
2024-05-24,HAND SOAP,18,Hand Soap
2024-05-24,8oz Hand Soap,2,Hand Soap
2024-05-24,Hand Soap - Pink Lilac 12oz (unit),24,Hand Soap
2024-05-24,Hand Soap 12 fl oz,3,Hand Soap
2024-05-24,Hand Soap -Lavender and Grapefruit 12oz (unit),31,Hand Soap
2024-05-24,Hand Soap (Case of 6),49,Hand Soap
2024-05-24,Lemon Ginger 15oz Foaming Hand Soap,78,Hand Soap
2024-06-15,Plant-Based Hand Soap Non-Drying Hypoallergenic Sensitive...,10,Hand Soap
2024-06-15,Hand Soap -Lavender and Grapefruit 12oz (unit),16,Hand Soap
2024-06-15,Holy Soap - Glass Bottle,172,Hand Soap
2024-06-15,HAND SOAP,18,Hand Soap
2024-06-15,8oz Hand Soap,2,Hand Soap
2024-06-15,Hand Soap (Case of 6),36,Hand Soap
2024-06-15,Hand Soap - Pink Lilac 12oz (unit),8,Hand Soap
2024-05-26,Hand Soap - Pink Lilac 12oz (unit),13,Hand Soap
2024-05-26,8oz Hand Soap,2,Hand Soap
2024-05-26,Hand Soap -Lavender and Grapefruit 12oz (unit),25,Hand Soap
2024-05-26,Hand Soap 12 fl oz,3,Hand Soap
2024-05-26,HAND SOAP,4,Hand Soap
2024-05-26,Hand Soap - Orange & Chamomile 12oz (unit),6,Hand Soap
2024-05-26,Hand Soap (Case of 6),63,Hand Soap
2024-05-26,Plant-Based Hand Soap Non-Drying Hypoallergenic Sensitive...,8,Hand Soap
2024-05-29,Lemon Ginger 15oz Foaming Hand Soap,110,Hand Soap
2024-05-29,Plant-Based Hand Soap Non-Drying Hypoallergenic Sensitive...,17,Hand Soap
2024-05-29,8oz Hand Soap,2,Hand Soap
2024-05-29,HAND SOAP,22,Hand Soap
2024-05-29,Hand Soap - Pink Lilac 12oz (unit),24,Hand Soap
2024-05-29,Hand Soap 12 fl oz,3,Hand Soap
2024-05-29,Hand Soap - Orange & Chamomile 12oz (unit),4,Hand Soap
2024-05-29,Hand Soap -Lavender and Grapefruit 12oz (unit),40,Hand Soap
2024-05-29,Hand Soap (Case of 6),57,Hand Soap
2024-06-13,Plant-Based Hand Soap Non-Drying Hypoallergenic Sensitive...,12,Hand Soap
2024-06-13,Hand Soap - Pink Lilac 12oz (unit),17,Hand Soap
2024-06-13,8oz Hand Soap,2,Hand Soap
2024-06-13,HAND SOAP,20,Hand Soap
2024-06-13,Hand Soap -Lavender and Grapefruit 12oz (unit),31,Hand Soap
2024-06-13,Hand Soap - Orange & Chamomile 12oz (unit),4,Hand Soap
2024-06-13,Hand Soap (Case of 6),43,Hand Soap
2024-06-04,Plant-Based Hand Soap Non-Drying Hypoallergenic Sensitive...,126,Hand Soap
2024-06-04,HAND SOAP,17,Hand Soap
2024-06-04,8oz Hand Soap,2,Hand Soap
2024-06-04,Hand Soap - Pink Lilac 12oz (unit),21,Hand Soap
2024-06-04,Hand Soap - Orange & Chamomile 12oz (unit),3,Hand Soap
2024-06-04,Hand Soap -Lavender and Grapefruit 12oz (unit),32,Hand Soap
2024-06-04,Hand Soap (Case of 6),33,Hand Soap
2024-06-04,Plant-Based Hand Soap Non-Drying Hypoallergenic Sensitive...,5,Hand Soap
2024-06-04,Lemon Ginger 15oz Foaming Hand Soap,94,Hand Soap
2024-05-28,Plant-Based Hand Soap Non-Drying Hypoallergenic Sensitive...,11,Hand Soap
2024-05-28,Lemon Ginger 15oz Foaming Hand Soap,14,Hand Soap
2024-05-28,Hand Soap - Orange & Chamomile 12oz (unit),16,Hand Soap
2024-05-28,8oz Hand Soap,2,Hand Soap
2024-05-28,Hand Soap - Pink Lilac 12oz (unit),25,Hand Soap
2024-05-28,Hand Soap (Case of 6),29,Hand Soap
2024-05-28,HAND SOAP,3,Hand Soap
2024-05-28,Hand Soap 12 fl oz,4,Hand Soap
2024-05-28,Hand Soap -Lavender and Grapefruit 12oz (unit),50,Hand Soap
2024-06-02,8oz Hand Soap,2,Hand Soap
2024-06-02,Hand Soap -Lavender and Grapefruit 12oz (unit),21,Hand Soap
2024-06-02,HAND SOAP,3,Hand Soap
2024-06-02,Hand Soap (Case of 6),37,Hand Soap
2024-06-02,Plant-Based Hand Soap Non-Drying Hypoallergenic Sensitive...,5,Hand Soap
2024-06-02,Lemon Ginger 15oz Foaming Hand Soap,80,Hand Soap
2024-06-02,Hand Soap - Pink Lilac 12oz (unit),83,Hand Soap
2024-06-02,Hand Soap - Orange & Chamomile 12oz (unit),9,Hand Soap
2024-06-10,Plant-Based Hand Soap Non-Drying Hypoallergenic Sensitive...,100,Hand Soap
2024-06-10,Hand Soap - Orange & Chamomile 12oz (unit),17,Hand Soap
2024-06-10,8oz Hand Soap,2,Hand Soap
2024-06-10,HAND SOAP,25,Hand Soap
2024-06-10,Hand Soap -Lavender and Grapefruit 12oz (unit),33,Hand Soap
2024-06-10,Hand Soap (Case of 6),35,Hand Soap
2024-06-10,Plant-Based Hand Soap Non-Drying Hypoallergenic Sensitive...,6,Hand Soap
2024-06-10,Lemon Ginger 15oz Foaming Hand Soap,66,Hand Soap
2024-05-25,Plant-Based Hand Soap Non-Drying Hypoallergenic Sensitive...,11,Hand Soap
2024-05-25,Hand Soap - Orange & Chamomile 12oz (unit),14,Hand Soap
2024-05-25,Hand Soap - Pink Lilac 12oz (unit),18,Hand Soap
2024-05-25,8oz Hand Soap,2,Hand Soap
2024-05-25,Hand Soap 12 fl oz,3,Hand Soap
2024-05-25,HAND SOAP,4,Hand Soap
2024-05-25,Hand Soap -Lavender and Grapefruit 12oz (unit),40,Hand Soap
2024-05-25,Hand Soap (Case of 6),82,Hand Soap
2024-06-08,Hand Soap (Case of 6),14,Hand Soap
2024-06-08,HAND SOAP,15,Hand Soap
2024-06-08,Plant-Based Hand Soap Non-Drying Hypoallergenic Sensitive...,154,Hand Soap
2024-06-08,8oz Hand Soap,2,Hand Soap
2024-06-08,Hand Soap - Pink Lilac 12oz (unit),26,Hand Soap
2024-06-08,Hand Soap -Lavender and Grapefruit 12oz (unit),28,Hand Soap
2024-06-08,Hand Soap - Orange & Chamomile 12oz (unit),3,Hand Soap
2024-06-08,Plant-Based Hand Soap Non-Drying Hypoallergenic Sensitive...,6,Hand Soap
2024-06-08,Lemon Ginger 15oz Foaming Hand Soap,79,Hand Soap
2024-06-11,Hand Soap - Pink Lilac 12oz (unit),18,Hand Soap
2024-06-11,8oz Hand Soap,2,Hand Soap
2024-06-11,HAND SOAP,21,Hand Soap
2024-06-11,Hand Soap -Lavender and Grapefruit 12oz (unit),22,Hand Soap
2024-06-11,Hand Soap - Orange & Chamomile 12oz (unit),3,Hand Soap
2024-06-11,Lemon Ginger 15oz Foaming Hand Soap,53,Hand Soap
2024-06-11,Hand Soap (Case of 6),57,Hand Soap
2024-06-11,Plant-Based Hand Soap Non-Drying Hypoallergenic Sensitive...,7,Hand Soap
2024-06-11,Plant-Based Hand Soap Non-Drying Hypoallergenic Sensitive...,89,Hand Soap
2024-06-05,Plant-Based Hand Soap Non-Drying Hypoallergenic Sensitive...,109,Hand Soap
2024-06-05,HAND SOAP,12,Hand Soap
2024-06-05,8oz Hand Soap,2,Hand Soap
2024-06-05,Hand Soap -Lavender and Grapefruit 12oz (unit),21,Hand Soap
2024-06-05,Hand Soap - Pink Lilac 12oz (unit),27,Hand Soap
2024-06-05,Hand Soap - Orange & Chamomile 12oz (unit),3,Hand Soap
2024-06-05,Hand Soap (Case of 6),36,Hand Soap
2024-06-05,Plant-Based Hand Soap Non-Drying Hypoallergenic Sensitive...,4,Hand Soap
2024-06-05,Lemon Ginger 15oz Foaming Hand Soap,92,Hand Soap
2024-05-22,HAND SOAP,1,Hand Soap
2024-05-22,Holy Soap - Glass Bottle,10,Hand Soap
2024-05-22,Hand Soap - Orange & Chamomile 12oz (unit),2,Hand Soap
2024-05-22,Hand Soap - Pink Lilac 12oz (unit),3,Hand Soap
2024-05-22,Hand Soap (Case of 6),4,Hand Soap
2024-05-22,Hand Soap 12 fl oz,5,Hand Soap
2024-05-22,Lemon Ginger 15oz Foaming Hand Soap,6,Hand Soap
2024-05-22,Plant-Based Hand Soap Non-Drying Hypoallergenic Sensitive...,7,Hand Soap
2024-05-22,Hand Soap -Lavender and Grapefruit 12oz (unit),8,Hand Soap
2024-05-22,8oz Hand Soap,9,Hand Soap
2024-05-23,8oz Hand Soap,1,Hand Soap
2024-05-23,Plant-Based Hand Soap Non-Drying Hypoallergenic Sensitive...,10,Hand Soap
2024-05-23,HAND SOAP,14,Hand Soap
2024-05-23,Hand Soap -Lavender and Grapefruit 12oz (unit),22,Hand Soap
2024-05-23,Hand Soap (Case of 6),42,Hand Soap
2024-05-23,Hand Soap 12 fl oz,6,Hand Soap
2024-05-23,Lemon Ginger 15oz Foaming Hand Soap,60,Hand Soap
2024-05-23,Hand Soap - Pink Lilac 12oz (unit),7,Hand Soap
2024-05-23,Hand Soap - Orange & Chamomile 12oz (unit),9,Hand Soap
2024-06-06,Hand and Body Lotion,1,Hand & Body Lotions
2024-06-06,6.7 oz. Orange Blossom Honey Hand & Body Lotion,2,Hand & Body Lotions
2024-06-06,Shea Butter Lotion - Lavender Sage 1.5oz,30,Hand & Body Lotions
2024-06-06,Shea Butter Lotion - Milk & Honey 1.5oz,35,Hand & Body Lotions
2024-06-06,Hand and Body Lotion,5,Hand & Body Lotions
2024-06-06,Hand and Body Lotion,63,Hand & Body Lotions
2024-06-06,Lavender Argan Hand and Body Lotion ,64,Hand & Body Lotions
2024-06-14,Shea Butter Lotion - Lavender Sage 1.5oz,1,Hand & Body Lotions
2024-06-14,Lavender Argan Hand and Body Lotion ,18,Hand & Body Lotions
2024-06-14,After Hours | Hand & Body Lotion,193,Hand & Body Lotions
2024-06-14,Shea Butter Lotion - Milk & Honey 1.5oz,2,Hand & Body Lotions
2024-06-14,Hand and Body Lotion,21,Hand & Body Lotions
2024-06-14,Hand and Body Lotion,42,Hand & Body Lotions
2024-06-14,6.7 oz. Orange Blossom Honey Hand & Body Lotion,7,Hand & Body Lotions
2024-06-01,Hand and Body Lotion,1,Hand & Body Lotions
2024-06-01,After Hours | Hand & Body Lotion,122,Hand & Body Lotions
2024-06-01,6.7 oz. Orange Blossom Honey Hand & Body Lotion,2,Hand & Body Lotions
2024-06-01,Shea Butter Lotion - Lavender Sage 1.5oz,27,Hand & Body Lotions
2024-06-01,Shea Butter Lotion - Milk & Honey 1.5oz,37,Hand & Body Lotions
2024-06-01,Hand and Body Lotion,4,Hand & Body Lotions
2024-06-01,Lavender Argan Hand and Body Lotion ,63,Hand & Body Lotions
2024-05-31,6.7 oz. Orange Blossom Honey Hand & Body Lotion,1,Hand & Body Lotions
2024-05-31,After Hours | Hand & Body Lotion,108,Hand & Body Lotions
2024-05-31,Hand and Body Lotion,2,Hand & Body Lotions
2024-05-31,Hand and Body Lotion,3,Hand & Body Lotions
2024-05-31,Shea Butter Lotion - Lavender Sage 1.5oz,30,Hand & Body Lotions
2024-05-31,Shea Butter Lotion - Milk & Honey 1.5oz,34,Hand & Body Lotions
2024-05-31,Lavender Argan Hand and Body Lotion ,72,Hand & Body Lotions
2024-06-07,Hand and Body Lotion,1,Hand & Body Lotions
2024-06-07,Hand and Body Lotion,11,Hand & Body Lotions
2024-06-07,6.7 oz. Orange Blossom Honey Hand & Body Lotion,2,Hand & Body Lotions
2024-06-07,Shea Butter Lotion - Lavender Sage 1.5oz,23,Hand & Body Lotions
2024-06-07,Shea Butter Lotion - Milk & Honey 1.5oz,29,Hand & Body Lotions
2024-06-07,Lavender Argan Hand and Body Lotion ,69,Hand & Body Lotions
2024-06-07,Hand and Body Lotion,94,Hand & Body Lotions
2024-06-03,Hand and Body Lotion,1,Hand & Body Lotions
2024-06-03,Hand and Body Lotion,113,Hand & Body Lotions
2024-06-03,After Hours | Hand & Body Lotion,155,Hand & Body Lotions
2024-06-03,6.7 oz. Orange Blossom Honey Hand & Body Lotion,2,Hand & Body Lotions
2024-06-03,Hand and Body Lotion,3,Hand & Body Lotions
2024-06-03,Shea Butter Lotion - Milk & Honey 1.5oz,36,Hand & Body Lotions
2024-06-03,Shea Butter Lotion - Lavender Sage 1.5oz,41,Hand & Body Lotions
2024-06-03,Lavender Argan Hand and Body Lotion ,66,Hand & Body Lotions
2024-06-09,6.7 oz. Orange Blossom Honey Hand & Body Lotion,1,Hand & Body Lotions
2024-06-09,Hand and Body Lotion,14,Hand & Body Lotions
2024-06-09,After Hours | Hand & Body Lotion,158,Hand & Body Lotions
2024-06-09,Hand and Body Lotion,2,Hand & Body Lotions
2024-06-09,Shea Butter Lotion - Milk & Honey 1.5oz,37,Hand & Body Lotions
2024-06-09,Shea Butter Lotion - Lavender Sage 1.5oz,40,Hand & Body Lotions
2024-06-09,Lavender Argan Hand and Body Lotion ,99,Hand & Body Lotions
2024-06-12,6.7 oz. Orange Blossom Honey Hand & Body Lotion,1,Hand & Body Lotions
2024-06-12,After Hours | Hand & Body Lotion,118,Hand & Body Lotions
2024-06-12,Hand and Body Lotion,2,Hand & Body Lotions
2024-06-12,Shea Butter Lotion - Lavender Sage 1.5oz,34,Hand & Body Lotions
2024-06-12,Shea Butter Lotion - Milk & Honey 1.5oz,39,Hand & Body Lotions
2024-05-27,Hand and Body Lotion,1,Hand & Body Lotions
2024-05-27,Hand and Body Lotion,100,Hand & Body Lotions
2024-05-27,After Hours | Hand & Body Lotion,129,Hand & Body Lotions
2024-05-27,6.7 oz. Orange Blossom Honey Hand & Body Lotion,2,Hand & Body Lotions
2024-05-27,Shea Butter Lotion - Milk & Honey 1.5oz,39,Hand & Body Lotions
2024-05-27,Hand and Body Lotion,4,Hand & Body Lotions
2024-05-27,Shea Butter Lotion - Lavender Sage 1.5oz,49,Hand & Body Lotions
2024-05-27,Lavender Argan Hand and Body Lotion ,88,Hand & Body Lotions
2024-05-30,6.7 oz. Orange Blossom Honey Hand & Body Lotion,1,Hand & Body Lotions
2024-05-30,After Hours | Hand & Body Lotion,187,Hand & Body Lotions
2024-05-30,Hand and Body Lotion,2,Hand & Body Lotions
2024-05-30,Shea Butter Lotion - Lavender Sage 1.5oz,29,Hand & Body Lotions
2024-05-30,Shea Butter Lotion - Milk & Honey 1.5oz,31,Hand & Body Lotions
2024-05-30,Hand and Body Lotion,5,Hand & Body Lotions
2024-05-30,Lavender Argan Hand and Body Lotion ,62,Hand & Body Lotions
2024-05-24,6.7 oz. Orange Blossom Honey Hand & Body Lotion,1,Hand & Body Lotions
2024-05-24,After Hours | Hand & Body Lotion,193,Hand & Body Lotions
2024-05-24,Hand and Body Lotion,2,Hand & Body Lotions
2024-05-24,Shea Butter Lotion - Milk & Honey 1.5oz,37,Hand & Body Lotions
2024-05-24,Shea Butter Lotion - Lavender Sage 1.5oz,45,Hand & Body Lotions
2024-05-24,Hand and Body Lotion,6,Hand & Body Lotions
2024-05-24,Lavender Argan Hand and Body Lotion ,85,Hand & Body Lotions
2024-05-24,Hand and Body Lotion,98,Hand & Body Lotions
2024-06-15,Shea Butter Lotion - Lavender Sage 1.5oz,1,Hand & Body Lotions
2024-06-15,Hand and Body Lotion,13,Hand & Body Lotions
2024-06-15,6.7 oz. Orange Blossom Honey Hand & Body Lotion,2,Hand & Body Lotions
2024-06-15,Hand and Body Lotion,3,Hand & Body Lotions
2024-06-15,Lavender Argan Hand and Body Lotion ,34,Hand & Body Lotions
2024-06-15,Hand and Body Lotion,38,Hand & Body Lotions
2024-06-15,Shea Butter Lotion - Milk & Honey 1.5oz,4,Hand & Body Lotions
2024-05-26,6.7 oz. Orange Blossom Honey Hand & Body Lotion,1,Hand & Body Lotions
2024-05-26,Hand and Body Lotion,11,Hand & Body Lotions
2024-05-26,Hand and Body Lotion,121,Hand & Body Lotions
2024-05-26,After Hours | Hand & Body Lotion,198,Hand & Body Lotions
2024-05-26,Hand and Body Lotion,2,Hand & Body Lotions
2024-05-26,Shea Butter Lotion - Milk & Honey 1.5oz,35,Hand & Body Lotions
2024-05-26,Lavender Argan Hand and Body Lotion ,38,Hand & Body Lotions
2024-05-29,6.7 oz. Orange Blossom Honey Hand & Body Lotion,1,Hand & Body Lotions
2024-05-29,After Hours | Hand & Body Lotion,144,Hand & Body Lotions
2024-05-29,Hand and Body Lotion,2,Hand & Body Lotions
2024-05-29,Hand and Body Lotion,3,Hand & Body Lotions
2024-05-29,Shea Butter Lotion - Milk & Honey 1.5oz,33,Hand & Body Lotions
2024-05-29,Shea Butter Lotion - Lavender Sage 1.5oz,47,Hand & Body Lotions
2024-05-29,Lavender Argan Hand and Body Lotion ,71,Hand & Body Lotions
2024-06-13,6.7 oz. Orange Blossom Honey Hand & Body Lotion,1,Hand & Body Lotions
2024-06-13,Hand and Body Lotion,12,Hand & Body Lotions
2024-06-13,Hand and Body Lotion,176,Hand & Body Lotions
2024-06-13,Hand and Body Lotion,190,Hand & Body Lotions
2024-06-13,Shea Butter Lotion - Lavender Sage 1.5oz,2,Hand & Body Lotions
2024-06-13,Hand and Body Lotion,3,Hand & Body Lotions
2024-06-13,Shea Butter Lotion - Milk & Honey 1.5oz,6,Hand & Body Lotions
2024-06-13,Hand and Body Lotion,76,Hand & Body Lotions
2024-06-13,Lavender Argan Hand and Body Lotion ,80,Hand & Body Lotions
2024-06-04,Hand and Body Lotion,1,Hand & Body Lotions
2024-06-04,After Hours | Hand & Body Lotion,134,Hand & Body Lotions
2024-06-04,6.7 oz. Orange Blossom Honey Hand & Body Lotion,2,Hand & Body Lotions
2024-06-04,Shea Butter Lotion - Lavender Sage 1.5oz,31,Hand & Body Lotions
2024-06-04,Shea Butter Lotion - Milk & Honey 1.5oz,34,Hand & Body Lotions
2024-06-04,Hand and Body Lotion,4,Hand & Body Lotions
2024-06-04,Lavender Argan Hand and Body Lotion ,76,Hand & Body Lotions
2024-06-04,Hand and Body Lotion,79,Hand & Body Lotions
2024-05-28,6.7 oz. Orange Blossom Honey Hand & Body Lotion,1,Hand & Body Lotions
2024-05-28,After Hours | Hand & Body Lotion,178,Hand & Body Lotions
2024-05-28,Hand and Body Lotion,2,Hand & Body Lotions
2024-05-28,Shea Butter Lotion - Milk & Honey 1.5oz,34,Hand & Body Lotions
2024-05-28,Shea Butter Lotion - Lavender Sage 1.5oz,47,Hand & Body Lotions
2024-05-28,Hand and Body Lotion,5,Hand & Body Lotions
2024-05-28,Lavender Argan Hand and Body Lotion ,64,Hand & Body Lotions
2024-06-02,6.7 oz. Orange Blossom Honey Hand & Body Lotion,1,Hand & Body Lotions
2024-06-02,Hand and Body Lotion,2,Hand & Body Lotions
2024-06-02,Hand and Body Lotion,3,Hand & Body Lotions
2024-06-02,Shea Butter Lotion - Milk & Honey 1.5oz,32,Hand & Body Lotions
2024-06-02,Shea Butter Lotion - Lavender Sage 1.5oz,36,Hand & Body Lotions
2024-06-02,Lavender Argan Hand and Body Lotion ,47,Hand & Body Lotions
2024-06-02,Hand and Body Lotion,77,Hand & Body Lotions
2024-06-10,6.7 oz. Orange Blossom Honey Hand & Body Lotion,1,Hand & Body Lotions
2024-06-10,Hand and Body Lotion,11,Hand & Body Lotions
2024-06-10,After Hours | Hand & Body Lotion,124,Hand & Body Lotions
2024-06-10,Hand and Body Lotion,2,Hand & Body Lotions
2024-06-10,Shea Butter Lotion - Lavender Sage 1.5oz,36,Hand & Body Lotions
2024-06-10,Shea Butter Lotion - Milk & Honey 1.5oz,42,Hand & Body Lotions
2024-06-10,Lavender Argan Hand and Body Lotion ,69,Hand & Body Lotions
2024-05-25,6.7 oz. Orange Blossom Honey Hand & Body Lotion,1,Hand & Body Lotions
2024-05-25,Hand and Body Lotion,11,Hand & Body Lotions
2024-05-25,After Hours | Hand & Body Lotion,119,Hand & Body Lotions
2024-05-25,Hand and Body Lotion,2,Hand & Body Lotions
2024-05-25,Shea Butter Lotion - Milk & Honey 1.5oz,39,Hand & Body Lotions
2024-05-25,Shea Butter Lotion - Lavender Sage 1.5oz,48,Hand & Body Lotions
2024-05-25,Lavender Argan Hand and Body Lotion ,68,Hand & Body Lotions
2024-05-25,Hand and Body Lotion,94,Hand & Body Lotions
2024-06-08,6.7 oz. Orange Blossom Honey Hand & Body Lotion,1,Hand & Body Lotions
2024-06-08,After Hours | Hand & Body Lotion,170,Hand & Body Lotions
2024-06-08,Hand and Body Lotion,2,Hand & Body Lotions
2024-06-08,Shea Butter Lotion - Lavender Sage 1.5oz,38,Hand & Body Lotions
2024-06-08,Shea Butter Lotion - Milk & Honey 1.5oz,41,Hand & Body Lotions
2024-06-08,Hand and Body Lotion,5,Hand & Body Lotions
2024-06-08,Lavender Argan Hand and Body Lotion ,93,Hand & Body Lotions
2024-06-11,6.7 oz. Orange Blossom Honey Hand & Body Lotion,1,Hand & Body Lotions
2024-06-11,After Hours | Hand & Body Lotion,140,Hand & Body Lotions
2024-06-11,Hand and Body Lotion,2,Hand & Body Lotions
2024-06-11,Shea Butter Lotion - Lavender Sage 1.5oz,28,Hand & Body Lotions
2024-06-11,Shea Butter Lotion - Milk & Honey 1.5oz,38,Hand & Body Lotions
2024-06-11,Lavender Argan Hand and Body Lotion ,97,Hand & Body Lotions
2024-06-05,6.7 oz. Orange Blossom Honey Hand & Body Lotion,1,Hand & Body Lotions
2024-06-05,Hand and Body Lotion,2,Hand & Body Lotions
2024-06-05,Shea Butter Lotion - Lavender Sage 1.5oz,27,Hand & Body Lotions
2024-06-05,Shea Butter Lotion - Milk & Honey 1.5oz,29,Hand & Body Lotions
2024-06-05,Hand and Body Lotion,4,Hand & Body Lotions
2024-06-05,Lavender Argan Hand and Body Lotion ,71,Hand & Body Lotions
2024-06-05,Hand and Body Lotion,90,Hand & Body Lotions
2024-05-22,Hand and Body Lotion,1,Hand & Body Lotions
2024-05-22,6.7 oz. Orange Blossom Honey Hand & Body Lotion,2,Hand & Body Lotions
2024-05-22,Shea Butter Lotion - Lavender Sage 1.5oz,3,Hand & Body Lotions
2024-05-22,Shea Butter Lotion - Milk & Honey 1.5oz,4,Hand & Body Lotions
2024-05-22,Hand and Body Lotion,1,Hand & Body Lotions
2024-05-22,6.7 oz. Orange Blossom Honey Hand & Body Lotion,2,Hand & Body Lotions
2024-05-22,Shea Butter Lotion - Lavender Sage 1.5oz,3,Hand & Body Lotions
2024-05-22,Shea Butter Lotion - Milk & Honey 1.5oz,4,Hand & Body Lotions
2024-05-22,6.7 oz. Orange Blossom Honey Hand & Body Lotion,1,Hand & Body Lotions
2024-05-22,Lavender Argan Hand and Body Lotion ,2,Hand & Body Lotions
2024-05-22,Shea Butter Lotion - Lavender Sage 1.5oz,27,Hand & Body Lotions
2024-05-22,After Hours | Hand & Body Lotion,3,Hand & Body Lotions
2024-05-22,Hand and Body Lotion,32,Hand & Body Lotions
2024-05-22,Hand and Body Lotion,34,Hand & Body Lotions
2024-05-22,Shea Butter Lotion - Milk & Honey 1.5oz,7,Hand & Body Lotions
2024-05-22,Hand and Body Lotion,93,Hand & Body Lotions
2024-05-23,Hand and Body Lotion,1,Hand & Body Lotions
2024-05-23,Hand and Body Lotion,195,Hand & Body Lotions
2024-05-23,6.7 oz. Orange Blossom Honey Hand & Body Lotion,2,Hand & Body Lotions
2024-05-23,Hand and Body Lotion,26,Hand & Body Lotions
2024-05-23,Shea Butter Lotion - Lavender Sage 1.5oz,3,Hand & Body Lotions
2024-05-23,Shea Butter Lotion - Milk & Honey 1.5oz,5,Hand & Body Lotions
2024-05-23,Hand and Body Lotion,67,Hand & Body Lotions
2024-05-23,Lavender Argan Hand and Body Lotion ,71,Hand & Body Lotions
2024-06-06,212 by Carolina Herrera Eau De Toilette Spray oz for Men,103,Perfume & Eau de Toilette
2024-06-06,PRIVATE RESERVE EAU DE TOILETTE BLACK ORCHID 10ML,13,Perfume & Eau de Toilette
2024-06-06,Rosie Eau De Parfum,27,Perfume & Eau de Toilette
2024-06-06,Savage for Men,36,Perfume & Eau de Toilette
2024-06-06,Palo Santo - 50ml - Unisex Eau de Parfum,84,Perfume & Eau de Toilette
2024-06-14,Savage for Men,18,Perfume & Eau de Toilette
2024-06-14,Plus One Unisex Eau de Toilette Perfume,30,Perfume & Eau de Toilette
2024-06-14,PRIVATE RESERVE EAU DE TOILETTE BLACK ORCHID 10ML,45,Perfume & Eau de Toilette
2024-06-14,Palo Santo - 50ml - Unisex Eau de Parfum,56,Perfume & Eau de Toilette
2024-06-14,Cloud 9 - Eau De Parfum,69,Perfume & Eau de Toilette
2024-06-14,Rosie Eau De Parfum,85,Perfume & Eau de Toilette
2024-06-01,212 by Carolina Herrera Eau De Toilette Spray oz for Men,100,Perfume & Eau de Toilette
2024-06-01,PRIVATE RESERVE EAU DE TOILETTE BLACK ORCHID 10ML,17,Perfume & Eau de Toilette
2024-06-01,Blomb No. 11 50ml Eau de Parfum,184,Perfume & Eau de Toilette
2024-06-01,Savage for Men,21,Perfume & Eau de Toilette
2024-06-01,Rosie Eau De Parfum,28,Perfume & Eau de Toilette
2024-06-01,Palo Santo - 50ml - Unisex Eau de Parfum,78,Perfume & Eau de Toilette
2024-05-31,PRIVATE RESERVE EAU DE TOILETTE BLACK ORCHID 10ML,15,Perfume & Eau de Toilette
2024-05-31,Savage for Men,29,Perfume & Eau de Toilette
2024-05-31,Rosie Eau De Parfum,46,Perfume & Eau de Toilette
2024-05-31,212 by Carolina Herrera Eau De Toilette Spray oz for Men,53,Perfume & Eau de Toilette
2024-05-31,Palo Santo - 50ml - Unisex Eau de Parfum,67,Perfume & Eau de Toilette
2024-06-07,PRIVATE RESERVE EAU DE TOILETTE BLACK ORCHID 10ML,13,Perfume & Eau de Toilette
2024-06-07,212 by Carolina Herrera Eau De Toilette Spray oz for Men,147,Perfume & Eau de Toilette
2024-06-07,Rosie Eau De Parfum,27,Perfume & Eau de Toilette
2024-06-07,Savage for Men,38,Perfume & Eau de Toilette
2024-06-07,Palo Santo - 50ml - Unisex Eau de Parfum,51,Perfume & Eau de Toilette
2024-06-03,PRIVATE RESERVE EAU DE TOILETTE BLACK ORCHID 10ML,15,Perfume & Eau de Toilette
2024-06-03,Rosie Eau De Parfum,28,Perfume & Eau de Toilette
2024-06-03,Savage for Men,31,Perfume & Eau de Toilette
2024-06-03,212 by Carolina Herrera Eau De Toilette Spray oz for Men,49,Perfume & Eau de Toilette
2024-06-03,Palo Santo - 50ml - Unisex Eau de Parfum,52,Perfume & Eau de Toilette
2024-06-09,PRIVATE RESERVE EAU DE TOILETTE BLACK ORCHID 10ML,11,Perfume & Eau de Toilette
2024-06-09,Rosie Eau De Parfum,16,Perfume & Eau de Toilette
2024-06-09,Savage for Men,29,Perfume & Eau de Toilette
2024-06-09,Palo Santo - 50ml - Unisex Eau de Parfum,83,Perfume & Eau de Toilette
2024-06-12,PRIVATE RESERVE EAU DE TOILETTE BLACK ORCHID 10ML,11,Perfume & Eau de Toilette
2024-06-12,212 by Carolina Herrera Eau De Toilette Spray oz for Men,156,Perfume & Eau de Toilette
2024-06-12,Savage for Men,42,Perfume & Eau de Toilette
2024-06-12,Palo Santo - 50ml - Unisex Eau de Parfum,54,Perfume & Eau de Toilette
2024-06-12,Rosie Eau De Parfum,56,Perfume & Eau de Toilette
2024-05-27,PRIVATE RESERVE EAU DE TOILETTE BLACK ORCHID 10ML,11,Perfume & Eau de Toilette
2024-05-27,Rosie Eau De Parfum,29,Perfume & Eau de Toilette
2024-05-27,"11.11 Organic Alcohol Perfume, Eau de Parfum",35,Perfume & Eau de Toilette
2024-05-27,LANCOME LA VIE EST BELLE EAU DE PARFUM SPRAY 30ML,42,Perfume & Eau de Toilette
2024-05-27,Palo Santo - 50ml - Unisex Eau de Parfum,52,Perfume & Eau de Toilette
2024-05-27,Savage for Men,53,Perfume & Eau de Toilette
2024-05-27,212 by Carolina Herrera Eau De Toilette Spray oz for Men,66,Perfume & Eau de Toilette
2024-05-30,Rosie Eau De Parfum,31,Perfume & Eau de Toilette
2024-05-30,Savage for Men,32,Perfume & Eau de Toilette
2024-05-30,"11.11 Organic Alcohol Perfume, Eau de Parfum",52,Perfume & Eau de Toilette
2024-05-30,Palo Santo - 50ml - Unisex Eau de Parfum,54,Perfume & Eau de Toilette
2024-05-30,212 by Carolina Herrera Eau De Toilette Spray oz for Men,86,Perfume & Eau de Toilette
2024-05-30,PRIVATE RESERVE EAU DE TOILETTE BLACK ORCHID 10ML,9,Perfume & Eau de Toilette
2024-05-24,Rosie Eau De Parfum,30,Perfume & Eau de Toilette
2024-05-24,Palo Santo - 50ml - Unisex Eau de Parfum,42,Perfume & Eau de Toilette
2024-05-24,LANCOME LA VIE EST BELLE EAU DE PARFUM SPRAY 30ML,50,Perfume & Eau de Toilette
2024-05-24,Savage for Men,51,Perfume & Eau de Toilette
2024-05-24,"11.11 Organic Alcohol Perfume, Eau de Parfum",82,Perfume & Eau de Toilette
2024-05-24,212 by Carolina Herrera Eau De Toilette Spray oz for Men,83,Perfume & Eau de Toilette
2024-05-24,PRIVATE RESERVE EAU DE TOILETTE BLACK ORCHID 10ML,9,Perfume & Eau de Toilette
2024-06-15,PRIVATE RESERVE EAU DE TOILETTE BLACK ORCHID 10ML,12,Perfume & Eau de Toilette
2024-06-15,Cloud 9 - Eau De Parfum,121,Perfume & Eau de Toilette
2024-06-15,Savage for Men,39,Perfume & Eau de Toilette
2024-06-15,Rosie Eau De Parfum,46,Perfume & Eau de Toilette
2024-06-15,Plus One Unisex Eau de Toilette Perfume,63,Perfume & Eau de Toilette
2024-06-15,Palo Santo - 50ml - Unisex Eau de Parfum,77,Perfume & Eau de Toilette
2024-05-26,PRIVATE RESERVE EAU DE TOILETTE BLACK ORCHID 10ML,10,Perfume & Eau de Toilette
2024-05-26,"11.11 Organic Alcohol Perfume, Eau de Parfum",26,Perfume & Eau de Toilette
2024-05-26,Savage for Men,38,Perfume & Eau de Toilette
2024-05-26,Rosie Eau De Parfum,40,Perfume & Eau de Toilette
2024-05-26,Palo Santo - 50ml - Unisex Eau de Parfum,48,Perfume & Eau de Toilette
2024-05-26,LANCOME LA VIE EST BELLE EAU DE PARFUM SPRAY 30ML,55,Perfume & Eau de Toilette
2024-05-26,212 by Carolina Herrera Eau De Toilette Spray oz for Men,94,Perfume & Eau de Toilette
2024-05-29,PRIVATE RESERVE EAU DE TOILETTE BLACK ORCHID 10ML,11,Perfume & Eau de Toilette
2024-05-29,Savage for Men,26,Perfume & Eau de Toilette
2024-05-29,"11.11 Organic Alcohol Perfume, Eau de Parfum",37,Perfume & Eau de Toilette
2024-05-29,Rosie Eau De Parfum,39,Perfume & Eau de Toilette
2024-05-29,Palo Santo - 50ml - Unisex Eau de Parfum,42,Perfume & Eau de Toilette
2024-05-29,LANCOME LA VIE EST BELLE EAU DE PARFUM SPRAY 30ML,51,Perfume & Eau de Toilette
2024-05-29,212 by Carolina Herrera Eau De Toilette Spray oz for Men,71,Perfume & Eau de Toilette
2024-06-13,PRIVATE RESERVE EAU DE TOILETTE BLACK ORCHID 10ML,12,Perfume & Eau de Toilette
2024-06-13,Cloud 9 - Eau De Parfum,127,Perfume & Eau de Toilette
2024-06-13,Rosie Eau De Parfum,25,Perfume & Eau de Toilette
2024-06-13,Savage for Men,26,Perfume & Eau de Toilette
2024-06-13,Palo Santo - 50ml - Unisex Eau de Parfum,66,Perfume & Eau de Toilette
2024-06-13,Plus One Unisex Eau de Toilette Perfume,69,Perfume & Eau de Toilette
2024-06-04,212 by Carolina Herrera Eau De Toilette Spray oz for Men,107,Perfume & Eau de Toilette
2024-06-04,PRIVATE RESERVE EAU DE TOILETTE BLACK ORCHID 10ML,14,Perfume & Eau de Toilette
2024-06-04,Savage for Men,30,Perfume & Eau de Toilette
2024-06-04,Rosie Eau De Parfum,33,Perfume & Eau de Toilette
2024-06-04,Palo Santo - 50ml - Unisex Eau de Parfum,43,Perfume & Eau de Toilette
2024-05-28,212 by Carolina Herrera Eau De Toilette Spray oz for Men,103,Perfume & Eau de Toilette
2024-05-28,LANCOME LA VIE EST BELLE EAU DE PARFUM SPRAY 30ML,32,Perfume & Eau de Toilette
2024-05-28,"11.11 Organic Alcohol Perfume, Eau de Parfum",33,Perfume & Eau de Toilette
2024-05-28,Savage for Men,45,Perfume & Eau de Toilette
2024-05-28,Rosie Eau De Parfum,46,Perfume & Eau de Toilette
2024-05-28,Palo Santo - 50ml - Unisex Eau de Parfum,59,Perfume & Eau de Toilette
2024-05-28,PRIVATE RESERVE EAU DE TOILETTE BLACK ORCHID 10ML,9,Perfume & Eau de Toilette
2024-06-02,PRIVATE RESERVE EAU DE TOILETTE BLACK ORCHID 10ML,13,Perfume & Eau de Toilette
2024-06-02,Savage for Men,28,Perfume & Eau de Toilette
2024-06-02,Rosie Eau De Parfum,44,Perfume & Eau de Toilette
2024-06-02,Palo Santo - 50ml - Unisex Eau de Parfum,62,Perfume & Eau de Toilette
2024-06-02,212 by Carolina Herrera Eau De Toilette Spray oz for Men,93,Perfume & Eau de Toilette
2024-06-10,PRIVATE RESERVE EAU DE TOILETTE BLACK ORCHID 10ML,10,Perfume & Eau de Toilette
2024-06-10,212 by Carolina Herrera Eau De Toilette Spray oz for Men,117,Perfume & Eau de Toilette
2024-06-10,Rosie Eau De Parfum,22,Perfume & Eau de Toilette
2024-06-10,Savage for Men,30,Perfume & Eau de Toilette
2024-06-10,Palo Santo - 50ml - Unisex Eau de Parfum,40,Perfume & Eau de Toilette
2024-05-25,PRIVATE RESERVE EAU DE TOILETTE BLACK ORCHID 10ML,11,Perfume & Eau de Toilette
2024-05-25,"11.11 Organic Alcohol Perfume, Eau de Parfum",28,Perfume & Eau de Toilette
2024-05-25,Rosie Eau De Parfum,30,Perfume & Eau de Toilette
2024-05-25,LANCOME LA VIE EST BELLE EAU DE PARFUM SPRAY 30ML,42,Perfume & Eau de Toilette
2024-05-25,Palo Santo - 50ml - Unisex Eau de Parfum,45,Perfume & Eau de Toilette
2024-05-25,Savage for Men,50,Perfume & Eau de Toilette
2024-05-25,212 by Carolina Herrera Eau De Toilette Spray oz for Men,95,Perfume & Eau de Toilette
2024-06-08,PRIVATE RESERVE EAU DE TOILETTE BLACK ORCHID 10ML,14,Perfume & Eau de Toilette
2024-06-08,Rosie Eau De Parfum,31,Perfume & Eau de Toilette
2024-06-08,Savage for Men,36,Perfume & Eau de Toilette
2024-06-08,Palo Santo - 50ml - Unisex Eau de Parfum,59,Perfume & Eau de Toilette
2024-06-08,212 by Carolina Herrera Eau De Toilette Spray oz for Men,85,Perfume & Eau de Toilette
2024-06-11,212 by Carolina Herrera Eau De Toilette Spray oz for Men,104,Perfume & Eau de Toilette
2024-06-11,Rosie Eau De Parfum,27,Perfume & Eau de Toilette
2024-06-11,Savage for Men,39,Perfume & Eau de Toilette
2024-06-11,Palo Santo - 50ml - Unisex Eau de Parfum,53,Perfume & Eau de Toilette
2024-06-11,PRIVATE RESERVE EAU DE TOILETTE BLACK ORCHID 10ML,9,Perfume & Eau de Toilette
2024-06-05,PRIVATE RESERVE EAU DE TOILETTE BLACK ORCHID 10ML,14,Perfume & Eau de Toilette
2024-06-05,Rosie Eau De Parfum,26,Perfume & Eau de Toilette
2024-06-05,Palo Santo - 50ml - Unisex Eau de Parfum,45,Perfume & Eau de Toilette
2024-06-05,Savage for Men,46,Perfume & Eau de Toilette
2024-06-05,212 by Carolina Herrera Eau De Toilette Spray oz for Men,86,Perfume & Eau de Toilette
2024-05-22,Cloud 9 - Eau De Parfum,17,Perfume & Eau de Toilette
2024-05-22,Plus One Unisex Eau de Toilette Perfume,18,Perfume & Eau de Toilette
2024-05-22,Rosie Eau De Parfum,19,Perfume & Eau de Toilette
2024-05-22,Savage for Men,20,Perfume & Eau de Toilette
2024-05-22,LANCOME LA VIE EST BELLE EAU DE PARFUM SPRAY 30ML,21,Perfume & Eau de Toilette
2024-05-22,"11.11 Organic Alcohol Perfume, Eau de Parfum",22,Perfume & Eau de Toilette
2024-05-22,212 by Carolina Herrera Eau De Toilette Spray oz for Men,23,Perfume & Eau de Toilette
2024-05-22,Blomb No. 11 50ml Eau de Parfum,24,Perfume & Eau de Toilette
2024-05-22,PRIVATE RESERVE EAU DE TOILETTE BLACK ORCHID 10ML,25,Perfume & Eau de Toilette
2024-05-22,Palo Santo - 50ml - Unisex Eau de Parfum,26,Perfume & Eau de Toilette
2024-05-23,"11.11 Organic Alcohol Perfume, Eau de Parfum",29,Perfume & Eau de Toilette
2024-05-23,Savage for Men,37,Perfume & Eau de Toilette
2024-05-23,Rosie Eau De Parfum,39,Perfume & Eau de Toilette
2024-05-23,Palo Santo - 50ml - Unisex Eau de Parfum,63,Perfume & Eau de Toilette
2024-05-23,LANCOME LA VIE EST BELLE EAU DE PARFUM SPRAY 30ML,65,Perfume & Eau de Toilette
2024-05-23,Cloud 9 - Eau De Parfum,69,Perfume & Eau de Toilette
2024-05-23,Plus One Unisex Eau de Toilette Perfume,75,Perfume & Eau de Toilette
2024-05-23,PRIVATE RESERVE EAU DE TOILETTE BLACK ORCHID 10ML,8,Perfume & Eau de Toilette
2024-05-23,212 by Carolina Herrera Eau De Toilette Spray oz for Men,98,Perfume & Eau de Toilette
2024-06-06,4 oz Mini Mason Jar Private Label - 100% Natural Soy Candle,10,Jar & Filled Candles
2024-06-06,Coconut Soy Wax Candle - White Ceramic Kitchen Line,162,Jar & Filled Candles
2024-06-06,"Bulk Private Label Soy candles, highly fragranced, glass jar",6,Jar & Filled Candles
2024-06-06,8oz Soy Wax Candle in Amber Jar,67,Jar & Filled Candles
2024-06-06,Wildflower Honey + Fig | Scented Cotton Wick Candle - 7oz,95,Jar & Filled Candles
2024-06-14,Wildflower Honey + Fig | Scented Cotton Wick Candle - 7oz,13,Jar & Filled Candles
2024-06-14,4 oz Mini Mason Jar Private Label - 100% Natural Soy Candle,16,Jar & Filled Candles
2024-06-14,Orange Blossom Candle,180,Jar & Filled Candles
2024-06-14,8oz Soy Wax Candle in Amber Jar,29,Jar & Filled Candles
2024-06-14,New Home Soy Candle,32,Jar & Filled Candles
2024-06-14,"""Manifest That Shit"" - 5oz Soy Candle",41,Jar & Filled Candles
2024-06-14,"Bulk Private Label Soy candles, highly fragranced, glass jar",44,Jar & Filled Candles
2024-06-14,Coconut Soy Wax Candle - White Ceramic Kitchen Line,47,Jar & Filled Candles
2024-06-01,Coconut Soy Wax Candle - White Ceramic Kitchen Line,168,Jar & Filled Candles
2024-06-01,8oz Soy Wax Candle in Amber Jar,22,Jar & Filled Candles
2024-06-01,"Bulk Private Label Soy candles, highly fragranced, glass jar",6,Jar & Filled Candles
2024-06-01,Wildflower Honey + Fig | Scented Cotton Wick Candle - 7oz,71,Jar & Filled Candles
2024-05-31,Wildflower Honey + Fig | Scented Cotton Wick Candle - 7oz,101,Jar & Filled Candles
2024-05-31,Coconut Soy Wax Candle - White Ceramic Kitchen Line,129,Jar & Filled Candles
2024-05-31,8oz Soy Wax Candle in Amber Jar,15,Jar & Filled Candles
2024-05-31,"Bulk Private Label Soy candles, highly fragranced, glass jar",5,Jar & Filled Candles
2024-06-07,4 oz Mini Mason Jar Private Label - 100% Natural Soy Candle,16,Jar & Filled Candles
2024-06-07,Coconut Soy Wax Candle - White Ceramic Kitchen Line,176,Jar & Filled Candles
2024-06-07,"Bulk Private Label Soy candles, highly fragranced, glass jar",5,Jar & Filled Candles
2024-06-07,8oz Soy Wax Candle in Amber Jar,51,Jar & Filled Candles
2024-06-07,Wildflower Honey + Fig | Scented Cotton Wick Candle - 7oz,97,Jar & Filled Candles
2024-06-03,8oz Soy Wax Candle in Amber Jar,39,Jar & Filled Candles
2024-06-03,"Bulk Private Label Soy candles, highly fragranced, glass jar",7,Jar & Filled Candles
2024-06-03,Wildflower Honey + Fig | Scented Cotton Wick Candle - 7oz,75,Jar & Filled Candles
2024-06-09,Coconut Soy Wax Candle - White Ceramic Kitchen Line,173,Jar & Filled Candles
2024-06-09,4 oz Mini Mason Jar Private Label - 100% Natural Soy Candle,30,Jar & Filled Candles
2024-06-09,8oz Soy Wax Candle in Amber Jar,50,Jar & Filled Candles
2024-06-09,"Bulk Private Label Soy candles, highly fragranced, glass jar",6,Jar & Filled Candles
2024-06-09,Wildflower Honey + Fig | Scented Cotton Wick Candle - 7oz,94,Jar & Filled Candles
2024-06-12,4 oz Mini Mason Jar Private Label - 100% Natural Soy Candle,23,Jar & Filled Candles
2024-06-12,8oz Soy Wax Candle in Amber Jar,65,Jar & Filled Candles
2024-06-12,"Bulk Private Label Soy candles, highly fragranced, glass jar",9,Jar & Filled Candles
2024-06-12,Wildflower Honey + Fig | Scented Cotton Wick Candle - 7oz,91,Jar & Filled Candles
2024-05-27,Coconut Soy Wax Candle - White Ceramic Kitchen Line,109,Jar & Filled Candles
2024-05-27,8oz Soy Wax Candle in Amber Jar,24,Jar & Filled Candles
2024-05-27,"Bulk Private Label Soy candles, highly fragranced, glass jar",5,Jar & Filled Candles
2024-05-27,Wildflower Honey + Fig | Scented Cotton Wick Candle - 7oz,58,Jar & Filled Candles
2024-05-27,4 oz Mini Mason Jar Private Label - 100% Natural Soy Candle,8,Jar & Filled Candles
2024-05-30,Wildflower Honey + Fig | Scented Cotton Wick Candle - 7oz,100,Jar & Filled Candles
2024-05-30,Coconut Soy Wax Candle - White Ceramic Kitchen Line,140,Jar & Filled Candles
2024-05-30,8oz Soy Wax Candle in Amber Jar,23,Jar & Filled Candles
2024-05-30,"Bulk Private Label Soy candles, highly fragranced, glass jar",5,Jar & Filled Candles
2024-05-24,"""Manifest That Shit"" - 5oz Soy Candle",11,Jar & Filled Candles
2024-05-24,Coconut Soy Wax Candle - White Ceramic Kitchen Line,147,Jar & Filled Candles
2024-05-24,"Bulk Private Label Soy candles, highly fragranced, glass jar",5,Jar & Filled Candles
2024-05-24,Wildflower Honey + Fig | Scented Cotton Wick Candle - 7oz,59,Jar & Filled Candles
2024-05-24,4 oz Mini Mason Jar Private Label - 100% Natural Soy Candle,7,Jar & Filled Candles
2024-05-24,8oz Soy Wax Candle in Amber Jar,9,Jar & Filled Candles
2024-06-15,Coconut Soy Wax Candle - White Ceramic Kitchen Line,108,Jar & Filled Candles
2024-06-15,New Home Soy Candle,130,Jar & Filled Candles
2024-06-15,4 oz Mini Mason Jar Private Label - 100% Natural Soy Candle,15,Jar & Filled Candles
2024-06-15,8oz Soy Wax Candle in Amber Jar,17,Jar & Filled Candles
2024-06-15,Wildflower Honey + Fig | Scented Cotton Wick Candle - 7oz,23,Jar & Filled Candles
2024-06-15,"Bulk Private Label Soy candles, highly fragranced, glass jar",3,Jar & Filled Candles
2024-06-15,"""Manifest That Shit"" - 5oz Soy Candle",71,Jar & Filled Candles
2024-05-26,Coconut Soy Wax Candle - White Ceramic Kitchen Line,181,Jar & Filled Candles
2024-05-26,8oz Soy Wax Candle in Amber Jar,23,Jar & Filled Candles
2024-05-26,Wildflower Honey + Fig | Scented Cotton Wick Candle - 7oz,36,Jar & Filled Candles
2024-05-26,"Bulk Private Label Soy candles, highly fragranced, glass jar",5,Jar & Filled Candles
2024-05-26,4 oz Mini Mason Jar Private Label - 100% Natural Soy Candle,7,Jar & Filled Candles
2024-05-29,Coconut Soy Wax Candle - White Ceramic Kitchen Line,171,Jar & Filled Candles
2024-05-29,8oz Soy Wax Candle in Amber Jar,21,Jar & Filled Candles
2024-05-29,"Bulk Private Label Soy candles, highly fragranced, glass jar",5,Jar & Filled Candles
2024-05-29,Wildflower Honey + Fig | Scented Cotton Wick Candle - 7oz,92,Jar & Filled Candles
2024-06-13,4 oz Mini Mason Jar Private Label - 100% Natural Soy Candle,10,Jar & Filled Candles
2024-06-13,8oz Soy Wax Candle in Amber Jar,15,Jar & Filled Candles
2024-06-13,Wildflower Honey + Fig | Scented Cotton Wick Candle - 7oz,17,Jar & Filled Candles
2024-06-13,"Bulk Private Label Soy candles, highly fragranced, glass jar",4,Jar & Filled Candles
2024-06-13,New Home Soy Candle,53,Jar & Filled Candles
2024-06-13,"""Manifest That Shit"" - 5oz Soy Candle",54,Jar & Filled Candles
2024-06-13,Coconut Soy Wax Candle - White Ceramic Kitchen Line,65,Jar & Filled Candles
2024-06-04,Wildflower Honey + Fig | Scented Cotton Wick Candle - 7oz,117,Jar & Filled Candles
2024-06-04,Coconut Soy Wax Candle - White Ceramic Kitchen Line,184,Jar & Filled Candles
2024-06-04,8oz Soy Wax Candle in Amber Jar,28,Jar & Filled Candles
2024-06-04,"Bulk Private Label Soy candles, highly fragranced, glass jar",5,Jar & Filled Candles
2024-05-28,Coconut Soy Wax Candle - White Ceramic Kitchen Line,100,Jar & Filled Candles
2024-05-28,8oz Soy Wax Candle in Amber Jar,15,Jar & Filled Candles
2024-05-28,"Bulk Private Label Soy candles, highly fragranced, glass jar",5,Jar & Filled Candles
2024-05-28,Wildflower Honey + Fig | Scented Cotton Wick Candle - 7oz,51,Jar & Filled Candles
2024-05-28,4 oz Mini Mason Jar Private Label - 100% Natural Soy Candle,7,Jar & Filled Candles
2024-06-02,Wildflower Honey + Fig | Scented Cotton Wick Candle - 7oz,113,Jar & Filled Candles
2024-06-02,8oz Soy Wax Candle in Amber Jar,37,Jar & Filled Candles
2024-06-02,"Bulk Private Label Soy candles, highly fragranced, glass jar",6,Jar & Filled Candles
2024-06-10,"Bulk Private Label Soy candles, highly fragranced, glass jar",11,Jar & Filled Candles
2024-06-10,4 oz Mini Mason Jar Private Label - 100% Natural Soy Candle,16,Jar & Filled Candles
2024-06-10,Coconut Soy Wax Candle - White Ceramic Kitchen Line,196,Jar & Filled Candles
2024-06-10,8oz Soy Wax Candle in Amber Jar,43,Jar & Filled Candles
2024-06-10,Wildflower Honey + Fig | Scented Cotton Wick Candle - 7oz,93,Jar & Filled Candles
2024-05-25,Coconut Soy Wax Candle - White Ceramic Kitchen Line,178,Jar & Filled Candles
2024-05-25,8oz Soy Wax Candle in Amber Jar,18,Jar & Filled Candles
2024-05-25,"Bulk Private Label Soy candles, highly fragranced, glass jar",5,Jar & Filled Candles
2024-05-25,Wildflower Honey + Fig | Scented Cotton Wick Candle - 7oz,51,Jar & Filled Candles
2024-05-25,4 oz Mini Mason Jar Private Label - 100% Natural Soy Candle,6,Jar & Filled Candles
2024-06-08,Coconut Soy Wax Candle - White Ceramic Kitchen Line,155,Jar & Filled Candles
2024-06-08,4 oz Mini Mason Jar Private Label - 100% Natural Soy Candle,24,Jar & Filled Candles
2024-06-08,8oz Soy Wax Candle in Amber Jar,26,Jar & Filled Candles
2024-06-08,"Bulk Private Label Soy candles, highly fragranced, glass jar",9,Jar & Filled Candles
2024-06-08,Wildflower Honey + Fig | Scented Cotton Wick Candle - 7oz,96,Jar & Filled Candles
2024-06-11,"Bulk Private Label Soy candles, highly fragranced, glass jar",12,Jar & Filled Candles
2024-06-11,Coconut Soy Wax Candle - White Ceramic Kitchen Line,164,Jar & Filled Candles
2024-06-11,4 oz Mini Mason Jar Private Label - 100% Natural Soy Candle,54,Jar & Filled Candles
2024-06-11,Wildflower Honey + Fig | Scented Cotton Wick Candle - 7oz,81,Jar & Filled Candles
2024-06-11,8oz Soy Wax Candle in Amber Jar,94,Jar & Filled Candles
2024-06-05,Coconut Soy Wax Candle - White Ceramic Kitchen Line,180,Jar & Filled Candles
2024-06-05,8oz Soy Wax Candle in Amber Jar,27,Jar & Filled Candles
2024-06-05,"Bulk Private Label Soy candles, highly fragranced, glass jar",3,Jar & Filled Candles
2024-06-05,Wildflower Honey + Fig | Scented Cotton Wick Candle - 7oz,93,Jar & Filled Candles
2024-05-22,Orange Blossom Candle,1,Jar & Filled Candles
2024-05-22,New Home Soy Candle,10,Jar & Filled Candles
2024-05-22,DE LAS FLORES,2,Jar & Filled Candles
2024-05-22,Coconut Soy Wax Candle - White Ceramic Kitchen Line,3,Jar & Filled Candles
2024-05-22,8oz Soy Wax Candle in Amber Jar,4,Jar & Filled Candles
2024-05-22,Wildflower Honey + Fig | Scented Cotton Wick Candle - 7oz,5,Jar & Filled Candles
2024-05-22,"Bulk Private Label Soy candles, highly fragranced, glass jar",6,Jar & Filled Candles
2024-05-22,LA CONDESA,7,Jar & Filled Candles
2024-05-22,"""Manifest That Shit"" - 5oz Soy Candle",8,Jar & Filled Candles
2024-05-22,4 oz Mini Mason Jar Private Label - 100% Natural Soy Candle,9,Jar & Filled Candles
2024-05-23,"Bulk Private Label Soy candles, highly fragranced, glass jar",2,Jar & Filled Candles
2024-05-23,Coconut Soy Wax Candle - White Ceramic Kitchen Line,24,Jar & Filled Candles
2024-05-23,4 oz Mini Mason Jar Private Label - 100% Natural Soy Candle,3,Jar & Filled Candles
2024-05-23,"""Manifest That Shit"" - 5oz Soy Candle",38,Jar & Filled Candles
2024-05-23,8oz Soy Wax Candle in Amber Jar,4,Jar & Filled Candles
2024-05-23,Wildflower Honey + Fig | Scented Cotton Wick Candle - 7oz,9,Jar & Filled Candles
2024-05-23,New Home Soy Candle,93,Jar & Filled Candles
