id;name;address;phone_number;website;type;latitude;longitude;rating;reviews;thumbnail;price;description;unique_search_term_id;email_1;quality;result;free;role;instagram;created_time;contact_info_searched
21479;Beach Bunnies;25 N Orlando Ave, Cocoa Beach, FL 32931;(321) 639-0998;http://beachbunnies.shop/;Beach clothing store;28,318991;-80,609752;5;16;https://lh5.googleusercontent.com/p/AF1QipPLXUPbN7asXEbisRGxXa33H4S1xUwfkKU9vSD1=w80-h123-k-no;;;10868;beachbunniesfla@gmail.com;good;ok;yes;no;https://www.instagram.com/beachbunniesboutique/;2024-04-02T13:00:03.303Z;TRUE
23466;Wave Life LLC;221 W Hallandale Beach Blvd #204, Hallandale Beach, FL 33009;(786) 292-5454;http://wavelife.us/;Beach clothing store;25,985133;-80,150976;4,7;7;https://streetviewpixels-pa.googleapis.com/v1/thumbnail?panoid=ZkpcTduplrnwqSCoDxX99A&cb_client=search.gws-prod.gps&w=80&h=92&yaw=186.55328&pitch=0&thumbfov=100;;;10892;info@wavelife.us;good;ok;no;yes;;2024-04-02T19:15:12.571Z;TRUE
21931;1 Truth Apparel;;(321) 423-3144;https://1truthapparel.com/;Clothing store;46,423669;-129,942709;;;https://lh5.googleusercontent.com/p/AF1QipNeOiZpIrXjTQili_STHnc3PRDSBVPLUdMnljYS=w80-h106-k-no;;;10874;sales@1truthapparel.com;good;ok;no;yes;https://www.instagram.com/1truthapparel/;2024-04-02T14:30:12.364Z;TRUE
17008;Afdhal Hijaab Inc;1095 Nursery Rd #1009, Winter Springs, FL 32708;(941) 786-7041;http://www.afdhalhijaab.com/;Clothing store;28,704045;-81,323968;;;https://lh5.googleusercontent.com/p/AF1QipMcZPdvbGqW5ZKbW73efly_kECkVcWdaRp83XQG=w153-h92-k-no;;;10782;info@afdhalhijaab.com;good;ok;no;yes;;2024-04-01T15:45:03.132Z;TRUE
18371;ahsome30;;;http://www.ahsome30.com/;Clothing store;46,423669;-129,942709;;;https://lh5.googleusercontent.com/p/AF1QipNob-uLCVzWuK1LDrCyN3hWQfMwlIIUEvYOiTiB=w88-h92-k-no;;;10814;admin@ahsome30.com;good;ok;no;yes;;2024-04-01T23:30:17.580Z;TRUE
19179;Aracelis Shoes and Clothing;2372 W Oak Ridge Rd, Orlando, FL 32809;(407) 751-5041;https://www.aracelisshoes.com/;Clothing store;28,471087;-81,410796;4,7;3;https://lh5.googleusercontent.com/p/AF1QipOIq9vk0qYqwqy7NFtLJwiRFE4alH0KWUnWvMld=w163-h92-k-no;;;10829;arashoes5057@gmail.com;good;ok;yes;no;https://www.instagram.com/aracelis_shoes/;2024-04-02T03:15:03.774Z;TRUE
18671;Athletic Junction;255 S Orange Ave, Orlando, FL 32801;(650) 334-3340;https://athleticjunction.com/contact/;Clothing store;28,539396;-81,378488;1;1;https://streetviewpixels-pa.googleapis.com/v1/thumbnail?panoid=kLYlBtZjyfh62779AEQJYw&cb_client=search.gws-prod.gps&w=80&h=92&yaw=11.415092&pitch=0&thumbfov=100;;;10822;mvp@athleticjunction.com;good;ok;no;no;https://www.instagram.com/athleticjunction/;2024-04-02T01:30:13.191Z;TRUE
19055;Babes Catching Big Bass;1771 N Semoran Blvd x, Orlando, FL 32807;(407) 929-7519;https://babes-catching-big-bass.ueniweb.com/?utm_campaign=gmb;Clothing store;28,568481;-81,310182;1;1;https://lh5.googleusercontent.com/p/AF1QipMKG3QySkl1tbjIaWfbTvgVhXUryhbX9f9NqxHj=w122-h92-k-no;;;10827;belinda9291@gmail.com;good;ok;yes;no;;2024-04-02T02:45:02.826Z;TRUE
23419;Be Savage Lingerie;73 SW 12th Ave #102, Dania Beach, FL 33004;(267) 521-5086;https://www.shopbesavage.com/;Clothing store;26,050498;-80,154335;;;https://streetviewpixels-pa.googleapis.com/v1/thumbnail?panoid=b41h2vQL-o1fgd8GjWf_LA&cb_client=search.gws-prod.gps&w=80&h=92&yaw=27.8584&pitch=0&thumbfov=100;;;10891;sales@fullcircle.com;good;ok;no;yes;https://www.instagram.com/8theme/;2024-04-02T19:00:10.360Z;TRUE
17776;Becker's Best Shoes, Inc;404 N Donnelly St, Mt Dora, FL 32757;(352) 385-0909;https://beckersbestshoes.com/;Clothing store;28,799887;-81,644455;4,5;88;https://lh5.googleusercontent.com/p/AF1QipPioPI97E9LjCOkmNqpwBUoms8mh4PqlbYa_gH_=w122-h92-k-no;;;10802;info@beckersbestshoes.com;good;ok;no;yes;https://www.instagram.com/beckersbestshoes/;2024-04-01T20:30:07.406Z;TRUE
20066;Cariloha;9403 Jeff Fuqua Blvd # 8021, Orlando, FL 32827, United States;+1 407-825-4268;http://www.cariloha.com/stores/orlando;Clothing store;28,431233;-81,308158;4,4;42;https://lh5.googleusercontent.com/p/AF1QipMeWp6wBc2vncbEf84TFXP7O5m5fFK2pWpnQIRo=w80-h106-k-no;;;10844;delsol.orlando@gmail.com;good;ok;yes;no;https://www.instagram.com/cariloha/;2024-04-02T07:00:03.240Z;TRUE
16953;CATgear;15519 US-441, Eustis, FL 32726;(352) 636-8750;https://catgear.com/pages/contact-catgear;Clothing store;28,823409;-81,698876;;;https://streetviewpixels-pa.googleapis.com/v1/thumbnail?panoid=EOjuTmNY5eTXmDAOXi6wcA&cb_client=search.gws-prod.gps&w=80&h=92&yaw=3.4842253&pitch=0&thumbfov=100;;;10779;dominic@catgear.com;good;ok;no;no;https://www.instagram.com/catgear/;2024-04-01T15:00:11.865Z;TRUE
22840;Center Court Tennis Outfitters;935 17th St, Vero Beach, FL 32960;(772) 567-8211;http://center-courttennis.com/;Clothing store;27,632289;-80,392411;4,2;11;;;;10883;info@center-courttennis.com;good;ok;no;yes;;2024-04-02T17:00:21.832Z;TRUE
23736;CI Fashion miami Inc.;16255 NW 54th Ave, Miami Gardens, FL 33014;(305) 628-1388;http://cifashionmiami.com/;Clothing store;25,921131;-80,288126;4,3;166;https://lh5.googleusercontent.com/p/AF1QipN9iZ6Ift48pQMzJqO7cK6b90doqaUHT7yD_NVM=w122-h92-k-no;;;10896;aachinaimport@gmail.com;good;ok;yes;no;https://www.instagram.com/cifashionmiami/;2024-04-02T20:15:16.235Z;TRUE
20478;Creations by B&G;;;https://www.facebook.com/buyBandG;Clothing store;46,423669;-129,942709;;;https://lh5.googleusercontent.com/p/AF1QipN6E6rhk5gA-lAc6lYjsaSGNpMSbrrYWR8B2eRJ=w163-h92-k-no;;;10854;creationsbyb.g29@gmail.com;good;ok;yes;no;;2024-04-02T09:30:08.681Z;TRUE
21673;Creative Accents;818 E New Haven Ave, Melbourne, FL 32901, United States;+1 321-604-0391;https://accentsbysue.com/;Clothing store;28,078717;-80,606777;4,4;7;https://lh5.googleusercontent.com/p/AF1QipNJBEy8r8gtDx5GADdnI6D1mRqbSBjaZeGdw5et=w80-h106-k-no;;;10870;sue_a_walker@yahoo.com;good;ok;yes;no;https://www.instagram.com/creative.accents.melbourne/;2024-04-02T13:30:10.561Z;TRUE
22835;Custom Medical Clothing;3201 Cardinal Dr, Vero Beach, FL 32963;(732) 600-3138;http://www.custommedicalclothing.com/;Clothing store;27,651767;-80,357610;;;;;;10883;custommedclothing@gmail.com;good;ok;yes;no;https://www.instagram.com/custommedicalclothing/;2024-04-02T17:00:21.315Z;TRUE
21615;Custom Signs & Shirts;3730 W New Haven Ave, Melbourne, FL 32904;(321) 722-1177;https://www.customsignsandshirts.com/;Clothing store;28,079185;-80,685824;4,7;159;https://lh5.googleusercontent.com/p/AF1QipNMMnyHlEVBw2eHyViO7YipeLFEr0UL5V0bGADF=w160-h92-k-no;;;10869;customsignsandshirts@gmail.com;good;ok;yes;no;;2024-04-02T13:15:23.731Z;TRUE
20064;Desigual @ MCO;9035 B Airport Blvd, Orlando, FL 32827, United States;+1 407-855-0057;https://www.orlando-airport.com/shops-and-stores/terminal-a-b/desigual-mco;Clothing store;28,431300;-81,307545;3,2;5;https://lh5.googleusercontent.com/p/AF1QipMk1Tvn7wAUcuuxC136tyXu1TaluLZBJy8loxOa=w80-h106-k-no;;;10844;info@orlando-airport.com;good;ok;no;yes;;2024-04-02T07:00:03.086Z;TRUE
16917;DOH Shirts - Official Florida Department of Health Apparel;928 Josiane Ct #1007, Altamonte Springs, FL 32701;(844) 488-2545;http://www.dohshirts.com/contact-us/;Clothing store;28,669607;-81,359432;;;https://streetviewpixels-pa.googleapis.com/v1/thumbnail?panoid=DCL3wjdZpjZZGlotdpeF3Q&cb_client=search.gws-prod.gps&w=80&h=92&yaw=175.68956&pitch=0&thumbfov=100;;;10778;info@safarisun.com;good;ok;no;yes;;2024-04-01T14:45:25.992Z;TRUE
17873;Down To Fish;720 Pell Rd, Osteen, FL 32764;(386) 237-5217;http://www.downtofishapparel.com/;Clothing store;28,867628;-81,070442;4,2;5;https://streetviewpixels-pa.googleapis.com/v1/thumbnail?panoid=BnYAoqRa-LwvrHADyOHeog&cb_client=search.gws-prod.gps&w=80&h=92&yaw=268.15552&pitch=0&thumbfov=100;;;10805;contact@downtofishapparel.com;good;ok;no;yes;https://www.instagram.com/dtfdowntofish/;2024-04-01T21:15:03.238Z;TRUE
23572;Earthbound Trading Co.;1695 W 49th St 1536 Westland, Hialeah, FL 33012;(305) 823-8900;https://www.earthboundtrading.com/;Clothing store;25,868095;-80,319143;4,7;194;https://lh5.googleusercontent.com/p/AF1QipPl16xI4Q72jqC47uCHHlNEvYQXpjvDdBvD60nz=w122-h92-k-no;;;10894;hello@earthboundtrading.com;good;ok;no;yes;https://www.instagram.com/earthboundtrading/;2024-04-02T19:45:09.806Z;TRUE
18083;El Castillo Dulcería Y Artesanías;807 E Semoran Blvd, Apopka, FL 32703;(407) 814-4577;http://elcastillofl.wixsite.com/elcastillo/home;Clothing store;28,674270;-81,494384;5;10;https://lh5.googleusercontent.com/p/AF1QipPyfFeDIkrF4Ys6wG748kR-p8Q6Ss7ai__XipyJ=w138-h92-k-no;;;10809;llcdulceriaelcastillo@gmail.com;good;ok;yes;no;https://www.instagram.com/el.castillofl/;2024-04-01T22:15:17.742Z;TRUE
19532;Employee Wear;1360 N Goldenrod Rd, Orlando, FL 32807;(321) 445-9200;https://www.employeewear.com/contact/;Clothing store;28,562898;-81,286852;;;https://streetviewpixels-pa.googleapis.com/v1/thumbnail?panoid=0IK_YmNy6XXX8gqojviXyA&cb_client=search.gws-prod.gps&w=80&h=92&yaw=174.33492&pitch=0&thumbfov=100;;;10834;sales@employeewear.com;good;ok;no;yes;;2024-04-02T04:30:30.846Z;TRUE
19194;FAJAS Y JEANS CORP;4142 W Oak Ridge Rd, Orlando, FL 32809;(321) 746-5022;http://www.fajasyjeans.us/;Clothing store;28,471864;-81,428564;3,7;3;https://lh5.googleusercontent.com/p/AF1QipN0FhkARD0JCMxw5DbG9GUaodOctT_hyOvNzv7B=w80-h112-k-no;;;10829;fajasyjeans@gmail.com;good;ok;yes;no;https://www.instagram.com/url/;2024-04-02T03:15:07.824Z;TRUE
17736;Go Native;3626 S Washington Ave, Titusville, FL 32780;(321) 267-1050;https://gonative.carrd.co/;Clothing store;28,573819;-80,799570;4,4;11;https://lh5.googleusercontent.com/p/AF1QipMpyXqRv2FhDnVUR-yvnKOEdt1H9TOfpaPyQu4Z=w103-h92-k-no;;;10801;gonative.apparel@aol.com;good;ok;yes;no;https://www.instagram.com/gonative.titusville/;2024-04-01T20:15:04.437Z;TRUE
16961;Grace & Co. Boutique;515 Cooper Commerce Dr ste 140, Apopka, FL 32703;(727) 415-3520;http://shopgraceco.com/;Clothing store;28,668768;-81,522227;4,4;5;https://streetviewpixels-pa.googleapis.com/v1/thumbnail?panoid=7t7YCuPmrd9wkgHk1gtBew&cb_client=search.gws-prod.gps&w=80&h=92&yaw=323.19427&pitch=0&thumbfov=100;;;10780;help@shopgraceco.com;good;ok;no;yes;https://www.instagram.com/gracecoboutique/;2024-04-01T15:15:03.639Z;TRUE
20073;Gum Clothing Store;6441 S Chickasaw Trail, Orlando, FL 32829;(407) 693-0880;https://gumclothing.com/pages/contact-us-1;Clothing store;28,470777;-81,267359;;;https://streetviewpixels-pa.googleapis.com/v1/thumbnail?panoid=DKX2ccNgl-CkEUvjCAFMrg&cb_client=search.gws-prod.gps&w=80&h=92&yaw=344.73245&pitch=0&thumbfov=100;;;10844;gumclothingstore@gmail.com;good;ok;yes;no;https://www.instagram.com/GumClothingStore/;2024-04-02T07:00:06.701Z;TRUE
17920;HarleenaDesigns;;;http://shopvida.com/collections/harleenadesigns;Clothing store;46,423669;-129,942709;5;1;https://lh5.googleusercontent.com/p/AF1QipPjx4sYIEpuU3nBBGH-drJKfC1RyczBulPzUHSO=w163-h92-k-no;;;10806;mllegeorgesand@gmail.com;good;ok;yes;no;;2024-04-01T21:30:07.139Z;TRUE
17661;HAVEN uncommon goods;308 S Park Ave, Winter Park, FL 32789;(407) 637-5008;http://www.havenuncommongoods.com/;Clothing store;28,595736;-81,350902;5;10;https://lh5.googleusercontent.com/p/AF1QipOAD-O-jXDF5oEIMb7YlUPggpQg-OT0zSjCS89Y=w80-h106-k-no;;;10800;info@havenuncommongoods.com;good;ok;no;yes;https://www.instagram.com/haven_uncommongoods/;2024-04-01T20:00:10.785Z;TRUE
19644;Hogan's Beach Shop;7679 International Dr, Orlando, FL 32819;(407) 674-7457;http://www.hogansbeachshop.com/;Clothing store;28,450718;-81,470325;4,7;1007;https://lh5.googleusercontent.com/p/AF1QipOqB_WwJx5GutRNcC_p97C1sA6CymS5NrIaR0YK=w163-h92-k-no;;Hulk Hogan apparel, memorabilia & more. Assortment of Hulk Hogan merchandise, including clothing, toys & autographed memorabilia.;10837;contacthbs@hogansbeachshop.com;good;ok;no;no;https://www.instagram.com/hogansbeachshop/;2024-04-02T05:15:15.248Z;TRUE
18136;Hollerbach's Outfitters;111 Magnolia Ave, Sanford, FL 32771;(407) 321-2204 ext. 1;http://hollerbachsoutfitters.com/;Clothing store;28,811249;-81,266853;4,7;28;https://lh5.googleusercontent.com/p/AF1QipMEdBOepdGs1Qm8vWQb8YToDWaccGjHrmRxThDj=w128-h92-k-no;;;10810;sanfordoutfitters@hollerbachs.com;good;ok;no;no;https://www.instagram.com/hollerbachs_outfitters/;2024-04-01T22:30:03.445Z;TRUE
22793;iLinen Coastal Boutique;1008 Beachland Blvd, Vero Beach, FL 32963;(772) 321-3262;http://ilinenlifestyle.com/;Clothing store;27,653097;-80,356114;4,5;2;https://lh5.googleusercontent.com/p/AF1QipN5TfJo7wLyq0rAFqMItoNa-f6cu5Xun06fwSZs=w128-h92-k-no;;;10883;sales@ilinenlifestyle.com;good;ok;no;yes;https://www.instagram.com/ilinenlifestyle/;2024-04-02T17:00:11.229Z;TRUE
18956;ItsHeeyGirl;202 S Orange Blossom Trl, Orlando, FL 32805;(352) 792-0563;https://www.itsheeygirl.com/;Clothing store;28,539858;-81,397623;;;https://streetviewpixels-pa.googleapis.com/v1/thumbnail?panoid=S4g_33Mkr0JUg69XAf5P3g&cb_client=search.gws-prod.gps&w=80&h=92&yaw=257.57745&pitch=0&thumbfov=100;;;10825;heeygirlcompany@gmail.com;good;ok;yes;no;https://www.instagram.com/itsheeygirl/;2024-04-02T02:15:28.278Z;TRUE
23463;jeanpierreklifa;2930 SW 30th Ave, Hallandale Beach, FL 33009;(754) 263-2233;https://www.jeanpierreklifa.com/pages/contact-us;Clothing store;25,982490;-80,166450;;;https://streetviewpixels-pa.googleapis.com/v1/thumbnail?panoid=Ch6cGHD-z_ZTn_5DthwU8A&cb_client=search.gws-prod.gps&w=80&h=92&yaw=68.92663&pitch=0&thumbfov=100;;;10892;customerservice@jeanpierreklifa.com;good;ok;no;yes;https://www.instagram.com/jpkfashion/;2024-04-02T19:15:12.135Z;TRUE
23422;K&K Bohemian Souls;1940 N 30th Rd #190, Hollywood, FL 33021;(305) 720-5815;https://kkbohemian.com/;Clothing store;26,028498;-80,168955;5;4;https://lh5.googleusercontent.com/p/AF1QipN0PVm-utO7ZrAVKLWbNaGNTIo4qGcYJDtfQ9c1=w204-h92-k-no;;;10891;kkbohemiansouls@gmail.com;good;ok;yes;no;https://www.instagram.com/kkbohemiansouls/;2024-04-02T19:00:14.603Z;TRUE
21900;Kat Love Beauty and Fashion Boutique;;;http://www.katlovefashion.com/;Clothing store;46,423669;-129,942709;5;2;https://lh5.googleusercontent.com/p/AF1QipNRqteV9wekN5dbq3RCUZxZKBB8iNeAbhjkCUUh=w107-h92-k-no;;;10874;katlovefashion@gmail.com;good;ok;yes;no;;2024-04-02T14:30:05.287Z;TRUE
17109;Klassy Kouture Fashions;1209 Saxon Blvd, Orange City, FL 32763;(386) 473-7363;http://klassykouturefashions.com/;Clothing store;28,911736;-81,278311;5;6;https://lh5.googleusercontent.com/p/AF1QipM5Ma_gx8uAvWIDAUCXWunri1Af_Jrcv1we70dR=w80-h113-k-no;;;10785;info@klassykouturefashions.com;good;ok;no;yes;;2024-04-01T16:30:05.418Z;TRUE
16976;Kollective Boutique Online;68 E 13th St, Apopka, FL 32703;;http://kollectiveboutique.wixsite.com/kollectiveboutique4u;Clothing store;28,661753;-81,509535;;;https://streetviewpixels-pa.googleapis.com/v1/thumbnail?panoid=FkTSuGD6rX4xygdMAzGQVg&cb_client=search.gws-prod.gps&w=80&h=92&yaw=176.89017&pitch=0&thumbfov=100;;;10780;kollectiveboutique4u@gmail.com;good;ok;yes;no;;2024-04-01T15:15:05.682Z;TRUE
21914;Kyla's K Boutique;;;https://kyla-s-k-boutique.ueniweb.com/?utm_campaign=gmb;Clothing store;27,943618;-80,643232;;;;;;10874;mr.goodbar7393@yahoo.com;good;ok;yes;no;;2024-04-02T14:30:07.164Z;TRUE
20712;Lickle My Pickle;2004 Grant Pl, Melbourne, FL 32901;(321) 223-8244;https://licklemypickleball.com/;Clothing store;28,078153;-80,608949;;;https://streetviewpixels-pa.googleapis.com/v1/thumbnail?panoid=Vt2Y2EbzH6Ngv6OLSplZ9g&cb_client=search.gws-prod.gps&w=80&h=92&yaw=254.44666&pitch=0&thumbfov=100;;;10856;licklemypickleofficial@gmail.com;good;ok;yes;no;;2024-04-02T10:00:15.473Z;TRUE
17179;Linewife, LLC;;;http://www.linewife.com/;Clothing store;46,423669;-129,942709;;;;;;10787;support@linewife.com;good;ok;no;yes;https://www.instagram.com/linewifetribe/;2024-04-01T17:00:13.952Z;TRUE
17359;Loti Fashion;109 Live Oaks Blvd, Casselberry, FL 32718;(321) 972-2793;https://lotifashion.com/contact-us/;Clothing store;28,663758;-81,341961;;;https://streetviewpixels-pa.googleapis.com/v1/thumbnail?panoid=W1xy6FVbEoehBlc7BuW84g&cb_client=search.gws-prod.gps&w=80&h=92&yaw=223.10963&pitch=0&thumbfov=100;;;10792;lotifashion@gmail.com;good;ok;yes;no;;2024-04-01T18:00:04.519Z;TRUE
19803;Marc Jacobs - Orlando Vineland Premium Outlets;8200 Vineland Ave Suite 170, Orlando, FL 32821;(407) 605-6091;http://marcjacobs.com/;Clothing store;28,388609;-81,491800;4,5;89;https://lh5.googleusercontent.com/p/AF1QipO_az1esSiZgtZmsSv-sxJk9QNhPmR9-Oi4eZTZ=w122-h92-k-no;;Trendy designer apparel & beauty brand. Stylish fashion designer brand whose products include clothing, accessories, fragrances & more.;10839;customerservice@marcjacobs.com;good;ok;no;yes;https://www.instagram.com/marcjacobs/;2024-04-02T05:45:17.657Z;TRUE
17018;Mo' Hustlin Creations;25021 Celestial St, Christmas, FL 32709;(407) 455-1806;https://www.mohustlincreations.com/;Clothing store;28,534231;-80,995589;;;https://streetviewpixels-pa.googleapis.com/v1/thumbnail?panoid=ez4ZYtgb4pFCucLZWAJSnw&cb_client=search.gws-prod.gps&w=80&h=92&yaw=1.1323832&pitch=0&thumbfov=100;;;10783;mohustlincreations@gmail.com;good;ok;yes;no;;2024-04-01T16:00:02.946Z;TRUE
23526;Nana's Baby Boutique - Canastilla;4377 W 16th Ave, Hialeah, FL 33012;(786) 536-6771;http://www.nanasbabyboutique.com/;Clothing store;25,861734;-80,314194;4,9;41;https://lh5.googleusercontent.com/p/AF1QipNAVHtYgdDwo156gUz2Ftre3NT0lvQDBlpRdymk=w138-h92-k-no;;;10893;nanasbabyboutique@gmail.com;good;ok;yes;no;https://www.instagram.com/nanasbabyboutique/;2024-04-02T19:30:15.808Z;TRUE
16916;Oceanology;451 E Altamonte Dr, Altamonte Springs, FL 32701;(407) 831-4611;https://www.altamontemall.com/en/directory/oceanology-14141.html;Clothing store;28,666631;-81,376654;4,2;79;https://lh5.googleusercontent.com/p/AF1QipPGqdFkjT7AJ9e_KyrabpWEWiXl7Bh9XAgrMUIO=w122-h92-k-no;;;10778;marin.parkinson@bpretail.com;good;ok;no;no;https://www.instagram.com/altamontemall/;2024-04-01T14:45:25.838Z;TRUE
19297;One Stop Drip;5756 N Orange Blossom Trl, Orlando, FL 32808;(407) 401-0735;https://posh.mk/78sdht6lerb;Clothing store;28,610192;-81,430429;5;2;https://lh5.googleusercontent.com/p/AF1QipPRmtbd6nXvt1C1QMi7m9BWzU1x-bVlYeRNheJd=w80-h120-k-no;;;10830;hosting@poshmark.com;good;ok;no;yes;https://www.instagram.com/poshmark/;2024-04-02T03:30:11.172Z;TRUE
21540;One Stop Shop Store;3202 Lake Washington Rd, Melbourne, FL 32934, United States;+1 321-428-3443;http://www.shop1stoponline.com/;Clothing store;28,147266;-80,674250;5;6;https://lh5.googleusercontent.com/p/AF1QipM4qE2YJg0-1Nl1dqGYsnOL-WiEy9yPM9KR0Dpi=w80-h142-k-no;;;10869;onestopshop4510@gmail.com;good;ok;yes;no;;2024-04-02T13:15:04.256Z;TRUE
17652;Ponytail Bows;601- 211 Orlando Ave, Maitland, FL 32751;(321) 290-2697;https://ponytailbows.com/pages/contact-us;Clothing store;28,628521;-81,363927;;;https://streetviewpixels-pa.googleapis.com/v1/thumbnail?panoid=eXYnPNjeqBlX0iYTjb3Ayg&cb_client=search.gws-prod.gps&w=80&h=92&yaw=285.81976&pitch=0&thumbfov=100;;;10800;staci.ponytailbows@gmail.com;good;ok;yes;no;;2024-04-01T20:00:09.712Z;TRUE
20419;Primavera Couture;1920 Cypress Lake Dr, Orlando, FL 32837;(707) 320-9198;https://primaveracouture.com/contact/;Clothing store;28,414665;-81,399448;4,3;12;https://lh5.googleusercontent.com/p/AF1QipMacxX2WMAbEkL29apiY78-3KLthJ1yY21nrR9Q=w80-h131-k-no;;;10853;info@primaveracouture.com;good;ok;no;yes;https://www.instagram.com/primaveracouture/;2024-04-02T09:15:05.687Z;TRUE
19594;Prv3 Clothing;2620 N Hiawassee Rd F13, Orlando, FL 32818;;https://prv3clothingline.company.site/;Clothing store;28,579806;-81,477844;5;2;https://lh5.googleusercontent.com/p/AF1QipPdhmh3EexZclfpqwkKE_NBs5ZFbGm8gDs52rgb=w163-h92-k-no;;;10836;prv3clothingline@gmail.com;good;ok;yes;no;https://www.instagram.com/proven_clothingline/;2024-04-02T05:00:10.375Z;TRUE
21920;Rebel Unicorns;;;http://www.shoprebelunicorns.com/;Clothing store;46,423669;-129,942709;5;4;https://lh5.googleusercontent.com/p/AF1QipO47KQNS-baVbUrQoQm6iN_z9tu-k4lYGPFarvh=w92-h92-k-no;;;10874;shoprebelunicorns@gmail.com;good;ok;yes;no;https://www.instagram.com/shoprebelunicorns/;2024-04-02T14:30:10.997Z;TRUE
19311;Reese's Smilez;4228 Lenox Blvd, Orlando, FL 32811;(321) 330-8063;http://reeses-smilez.myspreadshop.com/;Clothing store;28,528626;-81,431568;5;1;https://lh5.googleusercontent.com/p/AF1QipMbg9BMZpvjSKPu5LKuGm9bHcKd7reXkcRPjKIs=w92-h92-k-no;;;10831;service@spreadshirt.com;good;ok;no;yes;https://www.instagram.com/reesesjan69/;2024-04-02T03:45:04.380Z;TRUE
18721;Regalia;813 E Washington St, Orlando, FL 32801;(407) 426-8003;https://regaliagowns.com/;Clothing store;28,543844;-81,366908;4;4;https://streetviewpixels-pa.googleapis.com/v1/thumbnail?panoid=7c4PQBxCTPi5JsIaRiqVeA&cb_client=search.gws-prod.gps&w=80&h=92&yaw=358.2716&pitch=0&thumbfov=100;;;10823;regaliagowns1@gmail.com;good;ok;yes;no;https://www.instagram.com/regaliagowns/;2024-04-02T01:45:08.795Z;TRUE
17886;Rekindled;115 N Laurel Ave, Sanford, FL 32771;(386) 956-5944;https://www.rekindledshop.com/events;Clothing store;28,812283;-81,271757;;;https://streetviewpixels-pa.googleapis.com/v1/thumbnail?panoid=15A71HQfDoYti8kI1NobZA&cb_client=search.gws-prod.gps&w=80&h=92&yaw=94.85185&pitch=0&thumbfov=100;;;10805;mail.rekindled@gmail.com;good;ok;yes;no;https://www.instagram.com/rekindledshop/;2024-04-01T21:15:05.124Z;TRUE
20343;Reppin’ Jesus Apparel;639 Spice Trader Way Unit F, Orlando, FL 32818;(407) 545-0047;https://reppinjesus-apparel.ueniweb.com/?utm_campaign=gmb;Clothing store;28,548572;-81,494641;;;https://lh5.googleusercontent.com/p/AF1QipM74rorw_hPC6tqEwmfHa0bBZv55XpvSDsb-CMT=w92-h92-k-no;;;10851;reppinjesusapparel@gmail.com;good;ok;yes;no;;2024-04-02T08:45:10.299Z;TRUE
17307;RSclothingco;1889 Odham Dr, Deltona, FL 32738;(321) 444-8319;https://rsclothingco.company.site/;Clothing store;28,885014;-81,218550;;;https://streetviewpixels-pa.googleapis.com/v1/thumbnail?panoid=-x4dk4Ah9Dj-nLTtw79QFA&cb_client=search.gws-prod.gps&w=80&h=92&yaw=113.727455&pitch=0&thumbfov=100;;;10790;rsclothesco@gmail.com;good;ok;yes;no;;2024-04-01T17:30:07.058Z;TRUE
17369;Shear Gear Online;120 Sunnytown Rd, Casselberry, FL 32707;(407) 636-5500;https://www.sheargear.com/about-us/;Clothing store;28,665304;-81,340903;;;https://streetviewpixels-pa.googleapis.com/v1/thumbnail?panoid=E_31QoSghsAMrW1ZputHdQ&cb_client=search.gws-prod.gps&w=80&h=92&yaw=218.51712&pitch=0&thumbfov=100;;;10792;williamh@sheargear.com;good;ok;no;no;;2024-04-01T18:00:06.015Z;TRUE
17675;Siegel's;330 S Park Ave, Winter Park, FL 32789;(407) 645-3100;http://www.siegelclothing.com/;Clothing store;28,595348;-81,350895;4,4;25;https://lh5.googleusercontent.com/p/AF1QipMey-vilmHVBm83MRVJbYLycI_LQdRxCtpb8Wo0=w80-h106-k-no;;;10800;info@siegelclothing.com;good;ok;no;yes;;2024-04-01T20:00:14.694Z;TRUE
17174;Slimthickk Boutique;;;http://www.slimthickkboutique.com/;Clothing store;46,423669;-129,942709;5;7;https://lh5.googleusercontent.com/p/AF1QipPgv3t5-KA9HUG3dkE5i6x4G-Hy7VdH0tPC8LeI=w80-h120-k-no;;;10787;info@slimthickkboutique.com;good;ok;no;yes;https://www.instagram.com/slimthickkboutique/;2024-04-01T17:00:11.113Z;TRUE
17585;Smilish;720 Breezeway Loop, Lake Mary, FL 32746;;http://smilish.com/;Clothing store;28,782638;-81,358417;;;https://lh5.googleusercontent.com/p/AF1QipM93bVx8uA7mrg9O5js21ujj3z6zM0rEImL9TI-=w137-h92-k-no;;;10798;smilishllc@gmail.com;good;ok;yes;no;https://www.instagram.com/smilish_lynn_salnave/;2024-04-01T19:30:04.496Z;TRUE
18757;Sōshin;623 Virginia Dr, Orlando, FL 32803;;http://soshinorlando.com/;Clothing store;28,564181;-81,368957;4,4;11;https://lh5.googleusercontent.com/p/AF1QipOkq7NOMv_QlRVrxbmVlkKT7HmTLSNxVaNn-BRA=w80-h105-k-no;;;10823;soshinorlando@gmail.com;good;ok;yes;no;https://www.instagram.com/soshinorlando/;2024-04-02T01:45:22.813Z;TRUE
22799;Southern Tide Vero Beach;921 Azalea Ln, Vero Beach, FL 32963;(772) 213-8462;http://www.somanystores.com/;Clothing store;27,652491;-80,356833;5;2;https://lh5.googleusercontent.com/p/AF1QipOS42_hQwG3mvI7en6_7aebwJe4xtPWjJfgKd2s=w122-h92-k-no;;;10883;gazebo@somanystores.com;good;ok;no;no;;2024-04-02T17:00:11.976Z;TRUE
21111;Surf 8 Christians;166 Center St #205a, Cape Canaveral, FL 32920, United States;+1 321-328-8844;http://surf8christians.com/;Clothing store;28,381770;-80,606930;;;https://streetviewpixels-pa.googleapis.com/v1/thumbnail?panoid=Vb4qpTCo5R-rEb_Ikv68lw&cb_client=search.gws-prod.gps&w=80&h=92&yaw=357.07465&pitch=0&thumbfov=100;;;10863;support@surf8christians.com;good;ok;no;yes;https://www.instagram.com/surf8christians/;2024-04-02T11:45:02.968Z;TRUE
20890;SweetWid;;;http://www.sweetwid.com/;Clothing store;27,207085;-80,965974;5;7;https://lh5.googleusercontent.com/p/AF1QipPjU_igrTbdrm1cZqXF8ToScqiHSnXU5OCB51ii=w80-h142-k-no;;;10859;smile@sweetwid.com;good;ok;no;yes;https://www.instagram.com/smile_bysweetwid/;2024-04-02T10:45:04.563Z;TRUE
17700;Synergy;202-B S Park Ave, Winter Park, FL 32789;(407) 647-7241;http://www.synergysportswear.com/;Clothing store;28,596623;-81,350921;4,3;39;https://lh5.googleusercontent.com/p/AF1QipMFS5AYNfc6h5KZrwBcN4dXO83j_Ox8lYIWWklP=w163-h92-k-no;;Storefront spot for athletic clothing. An assortment of bright, relaxed sports gear & clothes, plus sunglasses & accessories.;10800;synergysportswearinc@gmail.com;good;ok;yes;no;https://www.instagram.com/synergynewengland/;2024-04-01T20:00:24.257Z;TRUE
23728;Tabernacle Clothing;2481 W 80th St, Hialeah, FL 33016;(305) 558-2212;https://www.tabernacleclothing.com/;Clothing store;25,895370;-80,333755;5;4;https://lh5.googleusercontent.com/p/AF1QipOefIUdH6yrM70n0upUwgo6_An1a11pNpCRVGLn=w122-h92-k-no;;;10896;info@tabernacleclothing.com;good;ok;no;yes;https://www.instagram.com/tabernacleclothing/;2024-04-02T20:15:12.881Z;TRUE
19083;That Shoe Store & More;6013 E Colonial Dr, Orlando, FL 32807;(407) 203-0766;http://www.thatshoestore.com/;Clothing store;28,560766;-81,306633;4,5;99;https://lh5.googleusercontent.com/p/AF1QipNym7bwKFd3HCGPa77Fpx537vQ-hri38nsSuvuv=w80-h106-k-no;;;10827;thatshoestoreandmore@gmail.com;good;ok;yes;no;https://www.instagram.com/thatshoestoreandmore/;2024-04-02T02:45:08.150Z;TRUE
22304;The Alley;319 Brevard Ave, Cocoa, FL 32922, United States;+1 800-544-5978;http://shopthealley.com/;Clothing store;28,354824;-80,726430;5;22;https://lh5.googleusercontent.com/p/AF1QipN-VZHUpQSd7RqaOxwX8PTJOaL0PyM62OvuxkzB=w130-h92-k-no;;;10877;info@evyral.com;good;ok;no;yes;;2024-04-02T15:15:09.242Z;TRUE
18108;The Shirt Shop;10 S Cumberland Ave, Ocoee, FL 34761;(407) 614-1111;https://theshirtshop.us/;Clothing store;28,569237;-81,545138;3,8;10;https://lh5.googleusercontent.com/p/AF1QipOLNSF8rjvQJOvLtLQaGTfUHVgucuLmSKv2wBwr=w160-h92-k-no;;;10809;theshirtshop@live.com;good;ok;yes;no;;2024-04-01T22:15:22.967Z;TRUE
19045;The Warden Company - Orlando Health;940 S Orange Ave, Orlando, FL 32806;(407) 650-0333;https://www.wcorlandohealth.com/aboutus.asp;Clothing store;28,529831;-81,376716;2,5;13;https://lh5.googleusercontent.com/p/AF1QipNlQk5NYXZDAOonv2gHhndhtZEw0Nerlvvyd0p1=w122-h92-k-no;;;10826;awarden@wardencompany.com;good;ok;no;no;;2024-04-02T02:30:16.540Z;TRUE
21371;Touch of Class Boutique;777 E Merritt Island Cswy Unit 120, Merritt Island, FL 32952, United States;+1 386-256-0764;https://shoptouchofclass.net/;Clothing store;28,354532;-80,686395;4,7;120;https://lh5.googleusercontent.com/p/AF1QipOiG4SIsUFSaoij7bl3ao46mp_tFxGXMR5vqZk=w204-h92-k-no;;;10866;touchofclass1566@gmail.com;good;ok;yes;no;https://www.instagram.com/touchofclassfl/;2024-04-02T12:30:09.286Z;TRUE
19754;True Religion;8200 Vineland Ave #0920, Orlando, FL 32821;(407) 239-6597;https://locations.truereligion.com/fl/orlando/10321/?utm_source=Google&utm_medium=Maps&utm_campaign=Google+Places;Clothing store;28,387529;-81,491483;4,4;163;https://lh5.googleusercontent.com/p/AF1QipM1ByBcjOzbq5-M0TiIF5tJqdcWCbaY-mDYrrAv=w138-h92-k-no;;Premium denim supplier for men & women. Retail clothing chain known for its signature jeans in premium denim, plus activewear & accessories.;10839;customersupport@truereligion.com;good;ok;no;yes;https://www.instagram.com/truereligion/;2024-04-02T05:45:05.259Z;TRUE
20160;Ubuntu Apparel;Curry Ford Rd, Orlando, FL 32822;;https://ubuntuapparel.com/;Clothing store;28,515267;-81,288878;;;https://streetviewpixels-pa.googleapis.com/v1/thumbnail?panoid=9xrMA35fZ5e7iGOhmnzkOA&cb_client=search.gws-prod.gps&w=80&h=92&yaw=305.28683&pitch=0&thumbfov=100;;;10846;iubuntuapparel@gmail.com;good;ok;yes;no;https://www.instagram.com/ubuntuapparelofficial/;2024-04-02T07:30:03.971Z;TRUE
23639;UNDER 45 STORE;521 E 57th St, Hialeah, FL 33013;(305) 200-2383;https://www.under45.store/;Clothing store;25,874648;-80,272356;5;6;https://lh5.googleusercontent.com/p/AF1QipNq1UqmTDv1watzB9gHkQTJuQyTx6t-w8SlSTPE=w92-h92-k-no;;;10895;under45store@gmail.com;good;ok;yes;no;https://www.instagram.com/under45store/;2024-04-02T20:00:06.503Z;TRUE
19044;Uniformity Downtown;1743 S Orange Ave Ste 101, Orlando, FL 32806;(407) 270-8788;http://cherokeeuniformsorlando.com/;Clothing store;28,521402;-81,376180;5;2;https://lh5.googleusercontent.com/p/AF1QipNa_BdLefptQ8pFPfKQqYcSpqQPHx2zW1mbeX9j=w80-h140-k-no;;;10826;uniformityflorida@gmail.com;good;ok;yes;no;;2024-04-02T02:30:16.467Z;TRUE
21947;Unreligious things;;;https://www.unreligiousthings.com/;Clothing store;46,423669;-129,942709;5;8;https://lh5.googleusercontent.com/p/AF1QipOyO7tp2ssSX-Bfz7ZLtJzYBEu8u8EsoGeJfjK3=w80-h106-k-no;;;10874;work@unreligiousthings.com;good;ok;no;no;https://www.instagram.com/unreligiousthings/;2024-04-02T14:30:17.177Z;TRUE
18176;URBAN APPEAL;3699 S Orlando Dr, Sanford, FL 32773;(407) 878-1236;https://visionarylabel.com/;Clothing store;28,759090;-81,283949;4,4;56;https://lh5.googleusercontent.com/p/AF1QipMS9_oMPtCIDGGmakQX7MoWBGQHHaVcGGtbvjiE=w92-h92-k-no;;;10811;urbanappeal407@gmail.com;good;ok;yes;no;;2024-04-01T22:45:07.979Z;TRUE
19822;Vince Outlet;8200 Vineland Ave Suite 1010, Orlando, FL 32821;(321) 300-7097;https://www.vince.com/;Clothing store;28,387761;-81,491466;4,2;19;https://lh5.googleusercontent.com/p/AF1QipPSz97rZINsPoEcuV_4wdXU-6PsCy0wCie_Xh7c=w122-h92-k-no;;;10839;clientservices@vince.com;good;ok;no;no;https://www.instagram.com/vince/;2024-04-02T05:45:21.359Z;TRUE
19197;VSW Fashion Orlando;7726 Winegard Rd #114, Orlando, FL 32809;;https://www.vswfashion.com/;Clothing store;28,451880;-81,384686;;;https://lh5.googleusercontent.com/p/AF1QipOtW2KyDWvNyqUdxyzKscjv3k-wMeWsH3TcrisH=w80-h106-k-no;;;10829;hello@vswfashion.com;good;ok;no;yes;https://www.instagram.com/vsw_caracas/;2024-04-02T03:15:08.080Z;TRUE
20317;We are kind - by Cromatiko;6200 Metrowest Blvd #201c, Orlando, FL 32835;;http://wearekindbrand.com/;Clothing store;28,514146;-81,466813;5;20;https://lh5.googleusercontent.com/p/AF1QipM8n5p17tLmuZW6tP1e-0IqrM-BrcWz1v7q03I1=w80-h106-k-no;;;10851;hello@wearekindbrand.com;good;ok;no;yes;https://www.instagram.com/wearekindbrand/;2024-04-02T08:45:04.608Z;TRUE
23656;Wholesale Global Trade;1020 E 32nd St, Hialeah, FL 33013;(786) 763-1212;http://www.mayoristaderopa.us/;Clothing store;25,851720;-80,261821;1;1;https://lh5.googleusercontent.com/p/AF1QipMbYqrm_MolhEbu37NCuM8qAGSAF4zNcM6gv5O_=w122-h92-k-no;;;10895;info@mayoristaderopa.us;good;ok;no;yes;;2024-04-02T20:00:13.149Z;TRUE
18851;Wibuprint.com;1317 Edgewater Dr #2457, Orlando, FL 32804;(636) 205-0321;https://wibuprint.com/;Clothing store;28,563548;-81,389111;5;1;https://lh5.googleusercontent.com/p/AF1QipO62zCrre_l2W7cWZSA-97r37An5bnu0EiSuGpQ=w80-h106-k-no;;;10824;cs@wibuprint.com;good;ok;no;yes;https://www.instagram.com/wibuprint/;2024-04-02T02:00:23.362Z;TRUE
21369;Patinaed & Co;631 Brevard Ave AB, Cocoa, FL 32922, United States;+1 321-324-3873;http://www.patinaedandco.com/;Coffee shop;28,351510;-80,726532;4,9;55;https://lh5.googleusercontent.com/p/AF1QipNDpUSdcCtBvgn9K8PsRPC0P4COksF426dwBjgb=w80-h106-k-no;;;10866;patinaedandco@gmail.com;good;ok;yes;no;https://www.instagram.com/thepatinaedfleur/;2024-04-02T12:30:09.135Z;TRUE
21311;Villons;304 Florida A1A Unit B, Satellite Beach, FL 32937;(321) 425-2029;https://www.villonfl.com/;Coffee shop;28,203109;-80,596922;4,5;100;https://lh5.googleusercontent.com/p/AF1QipN-QImMFzSlebVg0vWckt10iZjQAc-1T4SzSEK_=w122-h92-k-no;;;10865;villonprivatelabel@gmail.com;good;ok;yes;no;https://www.instagram.com/villonfl/;2024-04-02T12:15:22.660Z;TRUE
18287;1 Stop Custom Shop;1455 Oviedo Mall Boulevard, Oviedo, FL 32765;(407) 443-9714;http://www.1stopcustomshop.com/;Custom t-shirt store;28,662910;-81,233501;4,3;35;https://lh5.googleusercontent.com/p/AF1QipN-3-wlnKpKczIQiK3zAMYYrYrhag5Npz4YEsK8=w122-h92-k-no;;;10812;info@1stopcustomshop.com;good;ok;no;yes;https://www.instagram.com/1stopcustomshop/;2024-04-01T23:00:20.795Z;TRUE
16982;Allwantdlov3 LLC;3000 Clarcona Rd 578 lot 578, Apopka, FL 32703;;https://allwantdlov3-llc.printify.me/products?fbclid=PAAabYdj8rsZ8xXVE1PyqfWhlcJzcpdlHgyIVzlMnBbyjx_Wc8-CI2ZY_giR4;Custom t-shirt store;28,636319;-81,503271;5;2;;;;10780;am3954326@gmail.com;good;ok;yes;no;;2024-04-01T15:15:10.653Z;TRUE
17116;April & August Design Co.;15 S Charles Richard Beall Blvd, DeBary, FL 32713;;http://www.aprilaugustdesignco.etsy.com/;Custom t-shirt store;28,889709;-81,306671;;;https://lh5.googleusercontent.com/p/AF1QipMr2MnJmalAkS70TNbE03Igqjf6WH7ZFf7XUx5Z=w122-h92-k-no;;;10785;aprilaugustdesignco@gmail.com;good;ok;yes;no;https://www.instagram.com/april_augustdesignco/;2024-04-01T16:30:06.373Z;TRUE
20983;artLab T-Shirts & Graphic Services;1728 Agora Cir SE, Palm Bay, FL 32909;(321) 984-8844;http://artlabfla.com/;Custom t-shirt store;27,993867;-80,620945;4,6;33;https://lh5.googleusercontent.com/p/AF1QipOXFKp2aaQsGnlRw9uucXF9mJxRRKTxbCpvwpRj=w241-h92-k-no;;;10860;orders@artlabfla.com;good;ok;no;yes;https://www.instagram.com/artlabflorida/;2024-04-02T11:00:13.350Z;TRUE
18370;Creative Touch Designz LLC;;+1 352-360-9965;http://creativetouchdesignz.com/;Custom t-shirt store;46,423669;-129,942709;5;5;https://lh5.googleusercontent.com/p/AF1QipOHTzNQOsg1weNKPqaYb7MN8Q4LTdca--NYmUgh=w80-h106-k-no;;;10814;ctdesignzllc@gmail.com;good;ok;yes;no;;2024-04-01T23:30:17.316Z;TRUE
21961;Daley Digital Marketing;;(321) 482-8473;https://www.daleydigitalm.com/;Custom t-shirt store;46,423669;-129,942709;5;8;https://lh5.googleusercontent.com/p/AF1QipMRhn51KMkJM3Q0g6coPXwcsrhPnK7H2Hp2_m73=w163-h92-k-no;;;10874;daleydigitalm@gmail.com;good;ok;yes;no;;2024-04-02T14:30:21.228Z;TRUE
20693;Go Big Tees;1200 Hillcrest St #101, Orlando, FL 32803;(407) 862-1228;http://www.gobigtees.com/;Custom t-shirt store;28,552050;-81,364019;4,2;5;https://lh5.googleusercontent.com/p/AF1QipNerBEo4AbLrYgMsIUdNazHmLlO2m12hc1mKRIG=w163-h92-k-no;;;10855;sue@gobigmarketing.com;good;ok;no;no;https://www.instagram.com/hopetees/;2024-04-02T09:45:40.377Z;TRUE
21687;MAX Q DESIGNS;1020 W Eau Gallie Blvd Suite B, Melbourne, FL 32935, United States;+1 321-259-4429;http://maxqdesigns.com/;Custom t-shirt store;28,129665;-80,635030;5;1;https://lh5.googleusercontent.com/p/AF1QipNv9YchoWuP46xHTYbmc5GJo_7eopeMVPev97T4=w136-h92-k-no;;;10870;info@maxqdesigns.com;good;ok;no;yes;;2024-04-02T13:30:11.915Z;TRUE
16754;MGT Printing And Design;17706 NE 28th Ave, Starke, FL 32091;(904) 769-1787;http://www.mgtprintinganddesign.com/;Custom t-shirt store;29,974631;-82,089315;5;7;;;;10775;mgtprintinganddesign@gmail.com;good;ok;yes;no;https://www.instagram.com/mgtprinting_design/;2024-04-01T14:00:41.123Z;TRUE
17070;My Smart Shirt;1688 N Goldenrod Rd, Orlando, FL 32807;(866) 897-4545;https://mysmartshirt.com/;Custom t-shirt store;28,569653;-81,287019;4,9;31;https://lh5.googleusercontent.com/p/AF1QipOAfB7prBekPUaemgeqQ2xf8QDJ3r3i8sX5Gqje=w122-h92-k-no;;;10783;info@mysmartshirt.com;good;ok;no;yes;https://www.instagram.com/mysmartshirt/;2024-04-01T16:00:42.863Z;TRUE
17725;The Happy Cow Clothing Co.;#0, Mims, FL 32754;;https://thehappycowclothingco.com/;Custom t-shirt store;28,665577;-80,844983;5;3;https://lh5.googleusercontent.com/p/AF1QipNVzTjoezO_ledeEIltDR4Uy6JVqliCvq6VOvx5=w122-h92-k-no;;;10801;thehappycowcc@gmail.com;good;ok;yes;no;https://www.instagram.com/thehappycowclothingco/;2024-04-01T20:15:03.034Z;TRUE
18996;The Sublimation Station Inc.;777 W Central Blvd Unit B, Orlando, FL 32805;(407) 605-5300;http://www.thesublimationstation.com/;Custom t-shirt store;28,542885;-81,390388;4,7;46;https://lh5.googleusercontent.com/p/AF1QipMWMQ0wbPFXeP2Htzu5_NQprtsfV6F_9FP9xxGc=w122-h92-k-no;;;10825;sales@thesublimationstation.com;good;ok;no;yes;https://www.instagram.com/thesublimationstation/;2024-04-02T02:15:57.447Z;TRUE
16723;Y Shirt Printing;;;https://y-2.ueniweb.com/?utm_campaign=gmb;Custom t-shirt store;29,598221;-82,082761;;;;;;10775;yatri.hadiya25@gmail.com;good;ok;yes;no;;2024-04-01T14:00:35.723Z;TRUE
22910;Anti Aging Boutique;2855 Ocean Dr, Vero Beach, FL 32963;(772) 234-3433;http://www.theantiagingboutique.com/;Day spa;27,648327;-80,355562;;;https://streetviewpixels-pa.googleapis.com/v1/thumbnail?panoid=w2vsAyTCThk39f861zbEsw&cb_client=search.gws-prod.gps&w=80&h=92&yaw=178.23462&pitch=0&thumbfov=100;;;10884;dawn@theantiagingboutique.com;good;ok;no;no;;2024-04-02T17:15:44.529Z;TRUE
19176;Cinderella's Dresses;The Florida Mall, 8001 S Orange Blossom Trl #670, Orlando, FL 32809;(855) 458-8373;https://cinderellasdresses.com/;Dress store;28,446523;-81,395276;4,6;92;https://lh5.googleusercontent.com/p/AF1QipMoXN_U_Rd02R3YeV1Ne8iJ_JXgJjN0uELyCGLP=w80-h106-k-no;;;10829;info@cinderellasdresses.com;good;ok;no;yes;https://www.instagram.com/cinderellasdressesofficial/;2024-04-02T03:15:03.442Z;TRUE
23546;Leslye's Boutique;1951 W 60th St, Hialeah, FL 33012;(305) 556-4553;https://www.leslyeboutique.com/;Dress store;25,877767;-80,322438;4,5;48;https://lh5.googleusercontent.com/p/AF1QipM84v0WKZiBkIMv1pHjwY4PSgc9Bxm9GoL1dIox=w80-h106-k-no;;Easygoing shop for women's formalwear. Unfussy retailer specializing in wedding fashions, eveningwear, prom gowns & quinceañera dresses.;10894;hello@leslyeboutique.com;good;ok;no;yes;https://www.instagram.com/leslyesboutique/;2024-04-02T19:45:02.806Z;TRUE
19576;MisQuinceFoto Dress Boutique Orlando;713 Good Homes Rd, Orlando, FL 32818;(786) 444-2018;http://misquincefoto.com/;Dress store;28,552773;-81,503762;5;2;https://lh5.googleusercontent.com/p/AF1QipNDDyqCnjZfSdTIcCxuT1iG9zK10khZ5hmKPZTq=w122-h92-k-no;;;10836;info@ramonedaphoto.com;good;ok;no;yes;https://www.instagram.com/ramonedaphotos/;2024-04-02T05:00:08.568Z;TRUE
17153;Prom Pageant Couture;684 E Altamonte Dr, Altamonte Springs, FL 32701;(407) 907-0404;http://www.prompageantcouture.com/;Dress store;28,663299;-81,367027;4,9;277;https://lh5.googleusercontent.com/p/AF1QipOZeJEwVim8C7cBJi4zE1IfA6yTIMZRL0_AreOT=w122-h92-k-no;;;10786;prompageantcouture@gmail.com;good;ok;yes;no;https://www.instagram.com/prompageantcouture/;2024-04-01T16:45:16.790Z;TRUE
20792;Florida Boy;318 5th Ave, Indialantic, FL 32903;(321) 725-1183;https://www.floridaboy.com/;Embroidery shop;28,090424;-80,571743;4,6;27;https://lh5.googleusercontent.com/p/AF1QipPdQPiF6aFiovEAMUaLwZ_BSS33frEk_JlC8sxH=w80-h164-k-no;;;10857;floridaboy1110@gmail.com;good;ok;yes;no;;2024-04-02T10:15:09.174Z;TRUE
22418;Logo.Sew LLC;11646 US-1, Sebastian, FL 32958;(772) 228-6550;http://www.hg-printing.com/;Embroidery shop;27,805851;-80,463506;5;27;https://lh5.googleusercontent.com/p/AF1QipNwKfNrLQ8ewysCDLuAFl3uDa3Ul73EU9-Xl3QA=w91-h92-k-no;;;10880;print@hg-printing.com;good;ok;no;yes;https://www.instagram.com/hg_printingandgraphics/;2024-04-02T16:00:07.015Z;TRUE
21216;Robins Nest Custom Embroidery, Inc.;319 Riveredge Blvd #110, Cocoa, FL 32922;(321) 636-4320;http://www.therobinsnest.com/;Embroidery shop;28,355474;-80,724117;4,7;19;https://lh5.googleusercontent.com/p/AF1QipOM_HBbGicPiUpN-GTcbzx2iVMuqZ2JWT51gGiM=w122-h92-k-no;;;10864;robinsnest3257@cfl.rr.com;good;ok;yes;no;;2024-04-02T12:00:11.028Z;TRUE
18218;Speedy Threads & Graphics;2519 Old Lake Mary Rd, Sanford, FL 32773;(407) 915-6724;http://www.speedythreads.com/;Embroidery shop;28,785606;-81,293100;5;45;https://lh5.googleusercontent.com/p/AF1QipN6g5-LhOL_tcQsqtE8YxspY6H0-fpKSeRAzZrh=w80-h106-k-no;;;10811;info@speedythreads.com;good;ok;no;yes;https://www.instagram.com/speedy_sanford/;2024-04-01T22:45:18.637Z;TRUE
21739;Your Logo, a Geiger Affiliate;2525 Aurora Rd STE 103, Melbourne, FL 32935;(321) 259-4266;http://yourlogo.com/;Embroidery shop;28,135525;-80,663870;5;14;https://lh5.googleusercontent.com/p/AF1QipPDhfhTJWux1gaRE73K0ENMOs3T121FU2OQgVvv=w209-h92-k-no;;;10870;teamyourlogo@geiger.com;good;ok;no;no;https://www.instagram.com/yourlogogeiger/;2024-04-02T13:30:25.262Z;TRUE
17371;Geneva General Store;155 FL-46, Geneva, FL 32732;(407) 349-5827;https://www.facebook.com/GenevaGeneral/;General store;28,733831;-81,115935;4,6;338;https://lh5.googleusercontent.com/p/AF1QipNVkBZnvnPWLHDhjA0ANYpl1OY2jO9qP5kRsuCr=w80-h106-k-no;;;10793;fschlueb@yahoo.com;good;ok;yes;no;;2024-04-01T18:15:02.568Z;TRUE
21402;Village General;204 Brevard Ave, Cocoa, FL 32922;(321) 961-3586;http://www.cocoavillagegeneral.com/;General store;28,355604;-80,726121;4,8;20;https://lh5.googleusercontent.com/p/AF1QipPueaATRJ2j0P-Kg8yt9_uzoBxBsfoDKLwkLP53=w122-h92-k-no;;;10866;info@cocoavillagegeneral.com;good;ok;no;yes;https://www.instagram.com/cocoavillagegeneral/;2024-04-02T12:30:21.837Z;TRUE
;;;;;;;;;;;;;;;;;;;;;
;;;;;;;;;;;;;;;;;;;;;
;;;;;;;;;;;;;;;;;;;;;
;;;;;;;;;;;;;;;;;;;;;
;;;;;;;;;;;;;;;;;;;;;
;;;;;;;;;;;;;;;;;;;;;
;;;;;;;;;;;;;;;;;;;;;
;;;;;;;;;;;;;;;;;;;;;
;;;;;;;;;;;;;;;;;;;;;
;;;;;;;;;;;;;;;;;;;;;
;;;;;;;;;;;;;;;;;;;;;
;;;;;;;;;;;;;;;;;;;;;
;;;;;;;;;;;;;;;;;;;;;
;;;;;;;;;;;;;;;;;;;;;
;;;;;;;;;;;;;;;;;;;;;
;;;;;;;;;;;;;;;;;;;;;
;;;;;;;;;;;;;;;;;;;;;
;;;;;;;;;;;;;;;;;;;;;
;;;;;;;;;;;;;;;;;;;;;
;;;;;;;;;;;;;;;;;;;;;
;;;;;;;;;;;;;;;;;;;;;
;;;;;;;;;;;;;;;;;;;;;
;;;;;;;;;;;;;;;;;;;;;
;;;;;;;;;;;;;;;;;;;;;
;;;;;;;;;;;;;;;;;;;;;
;;;;;;;;;;;;;;;;;;;;;
;;;;;;;;;;;;;;;;;;;;;
;;;;;;;;;;;;;;;;;;;;;
;;;;;;;;;;;;;;;;;;;;;
;;;;;;;;;;;;;;;;;;;;;
;;;;;;;;;;;;;;;;;;;;;
;;;;;;;;;;;;;;;;;;;;;
;;;;;;;;;;;;;;;;;;;;;
22612;The Sandy Pickle - Pickleball, Sand Volleyball & Golf at The Village Dallas;5683 Village Glen Dr, Dallas, TX 75206;(469) 659-6387;https://playsandypickle.com/;Golf club;32,859940;-96,761592;4,5;83;https://lh5.googleusercontent.com/p/AF1QipN9l3ysNGjOdQ_ri_RNvXNJv7a7gurqk-V8PSqn=w122-h92-k-no;;;33797;picklemethis@playsandypickle.com;good;ok;no;no;https://www.instagram.com/sandypickledallas/;2024-04-02T16:30:31.107Z;TRUE
22391;Serenity for the Soul, Hair Salon & Inspirational Boutique;1011 Rockledge Dr, Rockledge, FL 32955;(321) 465-2256;http://www.serenityforthesoulsalon.com/;Hair salon;28,335748;-80,717149;5;26;https://lh5.googleusercontent.com/p/AF1QipMLIcHbaeJ3llj59_HFgf7BDJj7aPT8eNIAQAbW=w163-h92-k-no;;;10879;ashley.t.robertson@gmail.com;good;ok;yes;no;;2024-04-02T15:45:05.456Z;TRUE
17072;Avalon;1211 Hillcrest St, Orlando, FL 32803;(407) 895-7439;http://www.avalonbeyond.com/;Metaphysical supply store;28,552467;-81,363947;4,7;1865;https://lh5.googleusercontent.com/p/AF1QipNvHqCAd-x7tt5qTkMEkIAIGP3Oh_APnTlkXKJ_=w122-h92-k-no;;Metaphysical gift- & bookstore. Metaphysical gift- & bookshop offering incense, crystals, candles, herbs & essential oils.;10783;miranda@avalonbeyond.com;good;ok;no;no;;2024-04-01T16:00:43.104Z;TRUE
17938;EVAK -OVIEDO;1690 Oviedo Mall Boulevard, Oviedo, FL 32765;(407) 542-0888;https://www.myoviedomall.com/evak/;Metaphysical supply store;28,662672;-81,235727;4,8;32;https://lh5.googleusercontent.com/p/AF1QipO-fXmSPJj_Z97Wh4aqhPWOx_OUusC8rPxNRVk6=w163-h92-k-no;;;10806;info@myoviedomall.com;good;ok;no;yes;https://www.instagram.com/oviedomall/;2024-04-01T21:30:13.646Z;TRUE
17549;Guided Blessings Boutique;3285 Riverhead Dr, Deltona, FL 32738;(321) 209-5685;https://guidedblessingsboutique.square.site/;Metaphysical supply store;28,937470;-81,172661;;;https://lh5.googleusercontent.com/p/AF1QipMYu1byl2lrGzHbnJiQkPxrEs4ZwTMKngqakx87=w80-h106-k-no;;;10796;guidedblessingsboutique@gmail.com;good;ok;yes;no;;2024-04-01T19:00:11.673Z;TRUE
17941;Speedee Shop;120 Riverbridge Cir, Oviedo, FL 32765;(305) 304-8664;https://speedeeshop.com/;Outdoor clothing and equipment shop;28,624017;-81,206826;;;;;;10806;info@your-mail.com;good;ok;no;yes;;2024-04-01T21:30:14.053Z;TRUE
22590;Austin Pickle Ranch;Garage, 1717 W 6th St 4th Floor, Austin, TX 78703;;https://www.austinpickleranch.com/;Pickleball court;30,276215;-97,765864;4,6;48;https://lh5.googleusercontent.com/p/AF1QipPWUuJelJuDWWpYhF8EMqIGDxSCxXzqls_5UDt0=w80-h106-k-no;;;33797;info@austinpickleranch.com;good;ok;no;yes;https://www.instagram.com/austinpickleranch/;2024-04-02T16:30:21.561Z;TRUE
22571;Bastrop Area Pickleball Association;141 Tahitian Dr, Bastrop, TX 78602;;https://bastroppickleball.org/;Pickleball court;30,099340;-97,285384;;;https://lh5.googleusercontent.com/p/AF1QipM9c2JpvA4jZdctvL4070DuL2t94cAZ_Y_74KPp=w210-h92-k-no;;;33797;bastroppickleball@gmail.com;good;ok;yes;no;https://www.instagram.com/texas.pickleball.bapa/;2024-04-02T16:30:17.079Z;TRUE
22601;Coach Shmeyer Pickleball;1314 Sheffield Dr, Missouri City, TX 77459;(281) 380-7013;http://www.coachshmeyerpickleball.com/;Pickleball court;29,599686;-95,579246;5;1;https://lh5.googleusercontent.com/p/AF1QipM8657fyRImvQ96LL8V-bmQo4RlXaRCYeQd3Cjv=w122-h92-k-no;;;33797;shmeyer41@gmail.com;good;ok;yes;no;https://www.instagram.com/url/;2024-04-02T16:30:22.750Z;TRUE
22576;Cranky Pickle, LLC;624 Krueger Canyon, New Braunfels, TX 78132;(830) 837-5155;http://www.thecrankypickle.com/;Pickleball court;29,665380;-98,189911;5;59;https://lh5.googleusercontent.com/p/AF1QipOvTraf4cxkNtPr4jgu9A-iCQsUgwkGxBDf7ahN=w118-h92-k-no;;;33797;info@thecrankypickle.com;good;ok;no;yes;https://www.instagram.com/crankypickle_nbtx/;2024-04-02T16:30:17.807Z;TRUE
22653;Dreamland Dripping Springs;2770 US-290, Dripping Springs, TX 78620;(512) 827-1279;https://dreamland.us/;Pickleball court;30,207483;-98,129196;4,6;671;https://lh5.googleusercontent.com/p/AF1QipPn0cJMnA6Rf9LpEgwQY6s_39JjNzpN5_yV9nU=w163-h92-k-no;;;33797;info@dreamlanddstx.com;good;ok;no;yes;https://www.instagram.com/dreamlanddstx/;2024-04-02T16:30:45.984Z;TRUE
22580;FTS Pickleball;18003 Shaw Rd, Cypress, TX 77429;(281) 547-7604;https://fasttrackswimming.com/pickleball/home.html;Pickleball court;30,031889;-95,641482;4,8;4;https://lh5.googleusercontent.com/p/AF1QipNldCy5aF58pe4N71vTnSIItOH-nOSd2SBzPgFl=w163-h92-k-no;;;33797;pickleball@fasttrackswimming.com;good;ok;no;no;;2024-04-02T16:30:18.276Z;TRUE
22616;Graceway Pickleball;10001 W Sam Houston Pkwy N, Houston, TX 77064;;https://www.gracewayhtx.church/;Pickleball court;29,915610;-95,557566;5;9;https://lh5.googleusercontent.com/p/AF1QipOv_EA-ib36bYKIPS24B-oz7b1s3vlNUleaVJoD=w122-h92-k-no;;;33797;office@gracewayhtx.church;good;ok;no;yes;https://www.instagram.com/hfc.church/;2024-04-02T16:30:31.581Z;TRUE
22552;Houston Pickleball Center;12233 Robin Blvd, Houston, TX 77045;(346) 319-5113;http://www.houstonpickleballcenter.com/;Pickleball court;29,633920;-95,406125;5;185;https://lh5.googleusercontent.com/p/AF1QipMtr3mJJU6sMjU2z-9Qg36N5YMpy_9p6ONK6iLX=w122-h92-k-no;;;33797;info@houstonpickleballcenter.com;good;ok;no;yes;https://www.instagram.com/houstonpickleballcenter/;2024-04-02T16:30:12.931Z;TRUE
22540;Lake Worth Pickleball Courts;7005 Charbonneau St, Fort Worth, TX 76135;(817) 237-1211;http://www.lakeworthtx.org/;Pickleball court;32,809340;-97,441938;5;3;https://lh5.googleusercontent.com/p/AF1QipMe-eiqKAOGbdJMD4uNg9fgCmQGKnDk6daqMNB9=w80-h106-k-no;;;33797;gethelp@iwerk.com;good;ok;no;no;;2024-04-02T16:30:04.955Z;TRUE
22570;Life Time Pickleball;20235 Sunny Shores Dr, Atascocita, TX 77346;(832) 445-3977;https://www.lifetime.life/locations/tx/kingwood.html;Pickleball court;30,013032;-95,159710;4,8;18;https://lh5.googleusercontent.com/p/AF1QipMpEEzATpYntGPsM9viSxENBw4Da-ajXD_VeOA=w122-h92-k-no;;;33797;socialmedia@lt.life;good;ok;no;yes;https://www.instagram.com/lifetime.life/;2024-04-02T16:30:16.996Z;TRUE
22547;Lost Pines Pickleball;1099 State Hwy 71, Bastrop, TX 78602;(512) 985-3751;http://lostpinespbc.com/;Pickleball court;30,108755;-97,402610;5;5;https://lh5.googleusercontent.com/p/AF1QipNH9GgP4MEaTc4hAgYIKoTOZ5CPmr-I2l3ve5Nn=w122-h92-k-no;;;33797;lostpinespbc@gmail.com;good;ok;yes;no;https://www.instagram.com/lostpinespickleball/;2024-04-02T16:30:12.144Z;TRUE
22561;Pace Pickleball Club;830 Katy Fort Bend Rd Suite 100, Katy, TX 77494;(281) 394-2125;https://www.pacepickle.com/;Pickleball court;29,782698;-95,799872;4,9;74;https://lh5.googleusercontent.com/p/AF1QipPWeYxlHLCZNX02HCp1lPo35HbM8y2wXhKm9bk6=w122-h92-k-no;;;33797;pacepickle@gmail.com;good;ok;yes;no;https://www.instagram.com/pacepickleballclub/;2024-04-02T16:30:13.920Z;TRUE
22544;Pickleball Court;13000 Harris Ridge Blvd, Austin, TX 78753;;https://app.courtreserve.com/Online/Portal/Index/8181;Pickleball court;30,407226;-97,653414;4;1;https://lh5.googleusercontent.com/p/AF1QipMOVn_qIToHvK7vNqUNveMRJkOow_4-BoyPyrzL=w80-h106-k-no;;;33797;pickleball@thepitchaustin.com;good;ok;no;no;;2024-04-02T16:30:11.796Z;TRUE
22542;Pickleball Kingdom Plano;1301 Custer Rd suite 200, Plano, TX 75075;;https://www.pickleballkingdom.com/locations/plano-tx;Pickleball court;33,018416;-96,735517;;;https://lh5.googleusercontent.com/p/AF1QipNW51A4lrXS22H7cIHNtvZjKkfb0TTch5fGIrES=w138-h92-k-no;;;33797;info@kingdomplano.com;good;ok;no;yes;https://www.instagram.com/pickleballkingdom/;2024-04-02T16:30:05.145Z;TRUE
22557;Pickleball Social;1055 Conrad Sauer Dr, Houston, TX 77043;(832) 549-4299;http://pickleballsocialtx.com/;Pickleball court;29,786948;-95,549170;4,7;69;https://lh5.googleusercontent.com/p/AF1QipOvEWBU9exuOsebqkKgWtbtBt4cczPynSsVo4mI=w122-h92-k-no;;;33797;info@pickleballsocialtx.com;good;ok;no;yes;https://www.instagram.com/pickleballsocialtx/;2024-04-02T16:30:13.577Z;TRUE
22531;PickleballHouston;10550 W Airport Blvd, Stafford, TX 77477;(346) 229-4921;http://pickleballhouston.com/;Pickleball court;29,641767;-95,563069;4;4;https://streetviewpixels-pa.googleapis.com/v1/thumbnail?panoid=9UURigpdcX9FbPikQZ_nww&cb_client=search.gws-prod.gps&w=80&h=92&yaw=357.06818&pitch=0&thumbfov=100;;;33797;goldmg022344@gmail.com;good;ok;yes;no;;2024-04-02T16:30:03.754Z;TRUE
22536;Rhoton Pickleball Courts;2250 Ridgedale Dr, Carrollton, TX 75006;;http://www.cityofcarrollton.com/parks;Pickleball court;32,949905;-96,877406;4,4;5;https://streetviewpixels-pa.googleapis.com/v1/thumbnail?panoid=2G4ldLUpKfkK-rlqQI4RgA&cb_client=search.gws-prod.gps&w=80&h=92&yaw=191.66998&pitch=0&thumbfov=100;;;33797;steve.babick@cityofcarrollton.com;good;ok;no;no;;2024-04-02T16:30:04.413Z;TRUE
22607;The Grove Pickleball;2354 Hardwick St, Dallas, TX 75208;(214) 930-3791;https://grovepickleball.com/;Pickleball court;32,772887;-96,826356;5;14;https://lh5.googleusercontent.com/p/AF1QipODDGxCraMxqjWYgmd1ISTgijwB6KDGxYvFQlM=w80-h106-k-no;;;33797;info@grovepickleball.com;good;ok;no;yes;https://www.instagram.com/grovepickleball/;2024-04-02T16:30:30.535Z;TRUE
22581;The Pickleball Court at San Antonio Table Tennis Club;13107 Lookout Run ste 101, San Antonio, TX 78233;(657) 253-6695;http://www.satabletennis.org/;Pickleball court;29,561134;-98,369993;;;https://lh5.googleusercontent.com/p/AF1QipMekzcDCXPcpKaSxZVEHy6P4Q4zSexcvN3V0pqO=w122-h92-k-no;;;33797;cyril.mayeux@hotmail.com;good;ok;yes;no;;2024-04-02T16:30:18.412Z;TRUE
22578;Waterloo Pickleball;410 Pressler St, Austin, TX 78703;(512) 731-3413;https://waterloopickleball.com/;Pickleball court;30,272012;-97,761417;5;1;https://lh5.googleusercontent.com/p/AF1QipPwhCMDp0r7VXeJGmjkfeB0bipRkx4zjE3U2Cs4=w80-h106-k-no;;;33797;hello@waterloopickleball.com;good;ok;no;yes;;2024-04-02T16:30:17.994Z;TRUE
22614;Webuildpickleballcourts;4444 Westheimer Rd, Houston, TX 77027;(832) 922-7597;https://webuildpickleballcourts.com/;Pickleball court;29,742392;-95,453620;5;13;https://lh5.googleusercontent.com/p/AF1QipMktU7SiJpI9DAcGoFHTgms1eYR2ISFkS0lQlgP=w163-h92-k-no;;;33797;webuildpickleballcourts@gmail.com;good;ok;yes;no;https://www.instagram.com/webuildpickleballcourts/;2024-04-02T16:30:31.282Z;TRUE
18414;DG Promotions;3911 County Rd 19A, Mt Dora, FL 32757;(800) 714-3583;http://dgpromoinc.com/;Screen printer;28,810915;-81,684119;4,9;10;https://lh5.googleusercontent.com/p/AF1QipP5t71Kqaspl3YPq4fjm2YcJNeyvQfKF_OYOr4z=w92-h92-k-no;;;10814;sales@dgpromoinc.com;good;ok;no;yes;;2024-04-01T23:30:27.979Z;TRUE
22406;Florida Funwear Inc;205 Gus Hipp Blvd, Rockledge, FL 32955;(321) 453-7469;https://floridafunwear.com/;Screen printer;28,303391;-80,708892;4,6;11;https://lh5.googleusercontent.com/p/AF1QipNnQEBhnTQ0sicIxQrEYttEImVTBfSmpk_kJP-8=w122-h92-k-no;;;10879;floridafunwearinc@gmail.com;good;ok;yes;no;;2024-04-02T15:45:09.573Z;TRUE
22297;Good Vibes Graphics & Apparel;420 Manor Dr, Merritt Island, FL 32952, United States;+1 321-410-8337;http://www.gvausa.net/;Screen printer;28,345278;-80,691759;4,9;9;https://lh5.googleusercontent.com/p/AF1QipMW88l_xAQfwDu2X2LhFGnUwDRelcK7HrHMnkVK=w138-h92-k-no;;;10877;info@gvausa.net;good;ok;no;yes;https://www.instagram.com/goodvibes.graphics.apparel/;2024-04-02T15:15:08.547Z;TRUE
18958;Hittn' Skins - Screen Printing & Embroidery;1420 W Washington St, Orlando, FL 32805;(407) 835-2425;https://hittnskins.com/;Screen printer;28,543480;-81,400161;5;303;https://lh5.googleusercontent.com/p/AF1QipMy8w7iTWgtp1lDeOccaLi0oVzLYjKMnKcP6OxX=w138-h92-k-no;;;10825;info@hittnskins.com;good;ok;no;yes;https://www.instagram.com/hittnskins/;2024-04-02T02:15:28.549Z;TRUE
21581;Sandpiper Sportswear;751 Enterprise Ct J, Melbourne, FL 32934;(321) 253-3200;https://www.sandpipersportswear.com/;Screen printer;28,117152;-80,698288;4,1;19;https://lh5.googleusercontent.com/p/AF1QipMHHJ7RrpDtxuf2SJ4qtjBWWnbkBmmX0KN8Vamn=w80-h199-k-no;;;10869;info@sandpipersportswear.com;good;ok;no;yes;;2024-04-02T13:15:14.920Z;TRUE
23335;Southern Tees;1624 US-1, Sebastian, FL 32958;(772) 918-3350;http://www.southerntees.biz/;Screen printing shop;27,823881;-80,474156;5;24;https://lh5.googleusercontent.com/p/AF1QipPP6erMyAZ09uf0_DlkErShqZ4qLFwKoiZfazgX=w80-h106-k-no;;;10889;southernteesshop@gmail.com;good;ok;yes;no;https://www.instagram.com/southern.tees/;2024-04-02T18:30:07.325Z;TRUE
21733;All Pro Sporting Goods & Screen Printing;291 Babcock St, Melbourne, FL 32935;(321) 254-4144;https://www.allprographics.net/;Sporting goods store;28,112046;-80,621495;5;5;https://lh5.googleusercontent.com/p/AF1QipMslUGBKgowvyYHSfp5OFrYKj62QtnHemd6aHmR=w122-h92-k-no;;;10870;allprographics@cfl.rr.com;good;ok;yes;no;;2024-04-02T13:30:24.806Z;TRUE
23298;Dave's Sporting Goods and Trophies;2720 US-1, Vero Beach, FL 32960;(772) 567-3634;http://teamsportshopusa.com/;Sporting goods store;27,647179;-80,399172;4;21;https://lh5.googleusercontent.com/p/AF1QipPXJm9BRoe5aLTFSpGeikumcs5PRu4vrTHNpQwh=w90-h92-k-no;;;10888;verosports@outlook.com;good;ok;yes;no;;2024-04-02T18:15:22.367Z;TRUE
17799;Game On! Sports Gear;4280 N County Rd 19A, Mt Dora, FL 32757;(352) 602-4523;https://www.facebook.com/GameOnSportsGear/;Sporting goods store;28,815364;-81,684754;4,9;27;https://lh5.googleusercontent.com/p/AF1QipN4oBFmAwmmkIBXMaNnI203c7tRFfHcCqh8dAvM=w122-h92-k-no;;;10802;info@game-on-sports-gear.com;good;ok;no;yes;;2024-04-01T20:30:16.356Z;TRUE
23313;PowerFly Products, Inc.;9588 Gator Dr Unit 5, Sebastian, FL 32958, United States;+1 321-914-4948;https://www.bbtalkinusa.com/;Sporting goods store;27,767281;-80,448540;4,4;7;https://lh5.googleusercontent.com/p/AF1QipOmeNDpUrvM2D7DYfw4vToBD-6gJxPN32IaSpQL=w137-h92-k-no;;;10888;funinthesunweb@gmail.com;good;ok;yes;no;https://www.instagram.com/bbtalkinusa/;2024-04-02T18:15:26.298Z;TRUE
22752;Scott's Sporting Goods;1407 20th St, Vero Beach, FL 32960;(772) 778-0661;http://www.scottssportinggoods.com/;Sporting goods store;27,638415;-80,399566;4,2;48;https://lh5.googleusercontent.com/p/AF1QipMT9RiwiQDXstZQoa0962PIIZdhjXM3ZjFYFNrC=w80-h106-k-no;;;10882;scosports@aol.com;good;ok;yes;no;;2024-04-02T16:45:30.319Z;TRUE
22624;88888 Ranch Pickleball Resort;3951 FM1504, Wills Point, TX 75169;(430) 207-1367;https://88888ranch.com/;Sports club;32,667647;-95,928766;5;1;https://lh5.googleusercontent.com/p/AF1QipNtS4su_cZv87MrUTMLW7sCuS7GcNGN95hLaNaD=w122-h92-k-no;;;33797;five8ranch@gmail.com;good;ok;yes;no;https://www.instagram.com/five8ranch/;2024-04-02T16:30:35.903Z;TRUE
22541;DFW Indoor Pickleball;4801 Spring Valley Rd Suite 118, Farmers Branch, TX 75244;(214) 427-5355;https://www.dfwindoorpickleball.com/;Sports club;32,941656;-96,827982;4,3;19;https://lh5.googleusercontent.com/p/AF1QipOnx3HPcspZumIMKKvWM9un0rb-4tmYyZwn7j0=w80-h106-k-no;;;33797;play@dfwindoorpickleball.com;good;ok;no;no;https://www.instagram.com/dfwindoorpickleball/;2024-04-02T16:30:05.051Z;TRUE
22591;Major League Pickleball;;;https://www.majorleaguepickleball.net/;Sports club;46,423669;-129,942709;;;;;;33797;jay@majorleaguepickleball.net;good;ok;no;no;https://www.instagram.com/majorleaguepb/;2024-04-02T16:30:21.664Z;TRUE
22525;PALA Pickleball;20100 Holzwarth Rd, Spring, TX 77388;(800) 344-4179;https://www.palapickleball.com/;Sports club;30,055602;-95,436889;4,4;89;https://lh5.googleusercontent.com/p/AF1QipNA91g88tCOsaxjIEeMSyJrJyDNTw4olQVA5rB2=w122-h92-k-no;;;33797;info@palapickleball.com;good;ok;no;yes;https://www.instagram.com/palapickleball/;2024-04-02T16:30:02.816Z;TRUE
22526;Pickleball Paradise;6260 Honeysuckle Rd, Midlothian, TX 76065;(469) 612-6176;http://www.pickleballparadisetx.com/;Sports club;32,429024;-96,911415;4,9;38;https://lh5.googleusercontent.com/p/AF1QipOIAvXWNPyaBiVfDaEP_3omgvK8m2hpS-9_JQaG=w122-h92-k-no;;;33797;pickleballparadisetx@gmail.com;good;ok;yes;no;https://www.instagram.com/pickleballparadisetx/;2024-04-02T16:30:02.963Z;TRUE
22524;Texas Badminton & Pickleball;18120 W Bellfort Building C & D, Richmond, TX 77407;(713) 344-0852;http://www.texas-badminton.com/;Sports club;29,661578;-95,702098;4,4;42;https://lh5.googleusercontent.com/p/AF1QipPstJWgRrsMSJG09ueatCjfPbwTGAJ6q7Zqua_6=w122-h92-k-no;;;33797;admin@texas-badminton.com;good;ok;no;yes;https://www.instagram.com/texas_badminton_pickleball/;2024-04-02T16:30:02.636Z;TRUE
22620;PickleSmith Pickleball;10550 W Airport Blvd, Stafford, TX 77477;(713) 858-4417;https://picklesmithpickleball.com/;Sports complex;29,641841;-95,563123;1;1;https://lh5.googleusercontent.com/p/AF1QipNPrORLfdMc_rqsBYRYyfQpCkjY1E3L6e_qDZHE=w92-h92-k-no;;;33797;picklesmithpickleball@gmail.com;good;ok;yes;no;https://www.instagram.com/picklesmithpickleball/;2024-04-02T16:30:31.982Z;TRUE
22604;Vintage Oaks Pickleball Club;Vineyard Loop Hiking Trail, 2033-2025, Appellation, Canyon Lake, TX 78132;(281) 975-8000;http://www.pickleplay.com/;Sports complex;29,792130;-98,269777;;;https://streetviewpixels-pa.googleapis.com/v1/thumbnail?panoid=baL4mOp52EEG4hHr_QS0eA&cb_client=search.gws-prod.gps&w=80&h=92&yaw=169.14886&pitch=0&thumbfov=100;;;33797;info@pickleplay.com;good;ok;no;yes;https://www.instagram.com/pickleplayapp/;2024-04-02T16:30:30.085Z;TRUE
22623;Houston Pickleballers;10615 Atwell Dr, Houston, TX 77096;(832) 398-1690;https://houstonpickleballers.com/?utm_campaign=gmb;Sports school;29,665568;-95,481989;;;https://lh5.googleusercontent.com/p/AF1QipNsvHv5p6ANKfmdPhST3ykrc1zfY9CF22e6ARxO=w206-h92-k-no;;;33797;houstonpickleballers@gmail.com;good;ok;yes;no;;2024-04-02T16:30:32.279Z;TRUE
22560;The Real Dill Pickleball Pro Shop;8802 Vicksburg Ave, Lubbock, TX 79424;(806) 751-0186;http://www.facebook.com/thepicklekickers;Sports school;33,512549;-101,915864;;;https://lh5.googleusercontent.com/p/AF1QipOZjOmBkXbINA3t35VT9VgEHS0EDAj0dTM-yvAY=w92-h92-k-no;;;33797;thepicklekickers@gmail.com;good;ok;yes;no;;2024-04-02T16:30:13.835Z;TRUE
20361;Custom Creations;8815 Conroy Windermere Rd #201, Orlando, FL 32835;(407) 217-8009;https://customcreationsmfg.com/;Sportswear store;28,495183;-81,506383;2,3;3;https://streetviewpixels-pa.googleapis.com/v1/thumbnail?panoid=SMdG24t7AbprJv9pDmA51w&cb_client=search.gws-prod.gps&w=80&h=92&yaw=63.52081&pitch=0&thumbfov=100;;;10851;customcreationsllc@gmail.com;good;ok;yes;no;;2024-04-02T08:45:20.573Z;TRUE
20076;Americas Doing Business;11954 Narcoossee Rd, Orlando, FL 32832;(407) 432-4588;https://adoingb.com/contacto-2/;Store;28,391263;-81,245731;;;https://streetviewpixels-pa.googleapis.com/v1/thumbnail?panoid=dQQVHGTrBhnXajtOhk6L5w&cb_client=search.gws-prod.gps&w=80&h=92&yaw=279.5863&pitch=0&thumbfov=100;;;10844;corporate@adoingb.com;good;ok;no;yes;;2024-04-02T07:00:07.127Z;TRUE
21704;Antiques & Uniques Vintage Market;1240 Sarno Rd, Melbourne, FL 32935;(321) 622-6445;https://www.antiquesanduniquesvintage.com/;Store;28,122693;-80,639802;4,8;171;https://lh5.googleusercontent.com/p/AF1QipONul7V-k4ApAIzJMzzqmUWkPGbxwPZO8C58ueV=w163-h92-k-no;;;10870;info@antiquesanduniquesvintage.com;good;ok;no;yes;https://www.instagram.com/antiquesanduniquesmarket/;2024-04-02T13:30:15.742Z;TRUE
17214;Florida Pirate Hippie;117 W Howry Ave Suite 103, DeLand, FL 32720;(386) 627-6715;https://floridapiratehippie.com/;Store;29,026556;-81,304051;5;10;https://lh5.googleusercontent.com/p/AF1QipP7CAQAV5i8UO39qcHqObc_T-aHuW-9eEYxHnU0=w92-h92-k-no;;;10787;floridapiratehippie@gmail.com;good;ok;yes;no;;2024-04-01T17:00:24.211Z;TRUE
21877;Mar-C Designs;6061 Sequoia Cir, Vero Beach, FL 32967;(772) 999-4512;https://www.mar-cdesigns.com/contact;Store;27,703704;-80,446538;;;;;;10873;designsbymarc921@gmail.com;good;ok;yes;no;;2024-04-02T14:15:09.245Z;TRUE
22252;The Texas Bucket List Store and Studio;614 Holleman Dr E STE 1170, College Station, TX 77840;(979) 353-5478;http://thetexasbucketliststore.com/;Store;30,618073;-96,307810;4,3;76;https://lh5.googleusercontent.com/p/AF1QipOQJQOZBueGjAV0Y1ehDYZV0wNCBG8mI_bMawbO=w163-h92-k-no;;;33789;shop@thetexasbucketlist.com;good;ok;no;yes;https://www.instagram.com/thetexasbucketliststore/;2024-04-02T15:08:40.695Z;TRUE
21201;Hopefully Ever After Designs;1619 Rosetine St, Cocoa, FL 32926;(210) 763-5110;http://www.hopefullyeverafterdesigns.com/;T-shirt store;28,381658;-80,756079;5;11;https://lh5.googleusercontent.com/p/AF1QipOvtwQCHhVY60XJNmJoDh-CbTEOUSehvQp6NRrl=w167-h92-k-no;;;10864;hopefullyeverafterdesigns@gmail.com;good;ok;yes;no;https://www.instagram.com/hopefully_ever_after_designs/;2024-04-02T12:00:06.949Z;TRUE
18748;RICANSTRUCTION LLC;924 N Magnolia Ave SUITE 202 PMB 1302, Orlando, FL 32803;(917) 575-7003;http://www.rwuniverse.com/;T-shirt store;28,557824;-81,377190;;;https://lh5.googleusercontent.com/p/AF1QipOdCt4_6MYfXs5J_eXJTAeK-9LUTQliKBiSYC9-=w80-h120-k-no;;;10823;info@rwuniverse.com;good;ok;no;yes;https://www.instagram.com/ricanstructionwear/;2024-04-02T01:45:19.509Z;TRUE
17733;Simply--Made, LLC;1935 Buffalo Rd, Titusville, FL 32796;(321) 212-7970;https://www.simply--made.com/;T-shirt store;28,624363;-80,824059;5;5;https://lh5.googleusercontent.com/p/AF1QipM9MwJBoCXq-x3WPHMMW8xmQQB-Y8MhyA-KD8mr=w108-h92-k-no;;;10801;info@simply--made.com;good;ok;no;yes;https://www.instagram.com/simply__madellc/;2024-04-01T20:15:04.015Z;TRUE
22676;Bush Tennis Center;5700 Briarwood Ave, Midland, TX 79707;(432) 620-8180;http://bushtenniscenter.org/;Tennis court;32,025742;-102,169140;4,5;43;https://lh5.googleusercontent.com/p/AF1QipMpsp3Akk6nKqTlkT42mfZsu25C6HADJm16j1RP=w122-h92-k-no;;;33797;info@bushtenniscenter.org;good;ok;no;yes;https://www.instagram.com/bushtenniscenter/;2024-04-02T16:30:55.262Z;TRUE
22632;Caruth Park Tennis Courts;7776 Turtle Creek Blvd, Dallas, TX 75225;(214) 987-5488;https://www.uptexas.org/389/Tennis-Pickleball-Courts;Tennis court;32,858429;-96,789372;4,7;13;https://lh5.googleusercontent.com/p/AF1QipPDEpvvJFbz-Cs3Q-Xf6Uqt9auCKf8hoxAitPmd=w80-h106-k-no;;;33797;media@uptexas.org;good;ok;no;yes;https://www.instagram.com/cityofuptx/;2024-04-02T16:30:36.766Z;TRUE
22618;Fretz Tennis & PickleBall Club;6998 Belt Line Rd, Dallas, TX 75254;(214) 670-6622;https://www.impactactivities.com/fretz;Tennis court;32,948581;-96,783034;4,6;98;https://lh5.googleusercontent.com/p/AF1QipMUKgNNYFsVsVfyzKq1UG8FYDYgnXBPdPGkwVgf=w121-h92-k-no;;;33797;davidp@impactactivities.com;good;ok;no;no;https://www.instagram.com/fretztenniscenter/;2024-04-02T16:30:31.750Z;TRUE
22648;High Point Tennis Center;421 W Spring Creek Pkwy, Plano, TX 75023;(972) 941-7170;http://www.highpointtennis.com/;Tennis court;33,058457;-96,700529;4,5;291;https://lh5.googleusercontent.com/p/AF1QipP5MAs0Ou4RCIi2UQPNK84pghxIbi3ymz2emVbY=w122-h92-k-no;;;33797;staff@highpointtennis.com;good;ok;no;yes;https://www.instagram.com/highpointtennis/;2024-04-02T16:30:45.302Z;TRUE
22593;LB Houston Tennis & Pickleball;11225 Luna Rd #3113, Dallas, TX 75229;(214) 670-6367;https://www.impactactivities.com/lbhouston;Tennis court;32,888800;-96,920560;4,2;108;https://lh5.googleusercontent.com/p/AF1QipOtk4wr61HdKYfq-jVqZNNr92dXteHpRX9uy5E-=w122-h92-k-no;;;33797;info@impactactivities.com;good;ok;no;yes;https://www.instagram.com/lbhoustontennis/;2024-04-02T16:30:21.906Z;TRUE
22670;Samuell Grand Tennis Center;6220 E Grand Ave, Dallas, TX 75223;(469) 250-7887;https://www.impactactivities.com/samuellgrand;Tennis court;32,797184;-96,740820;4,4;82;https://lh5.googleusercontent.com/p/AF1QipMjhRzlPVItUVNVvZz5NaRkKeXAza6BQndfpEHW=w122-h92-k-no;;;33797;soozy.martin@gmail.com;good;ok;yes;no;https://www.instagram.com/samuellgrandtennis/;2024-04-02T16:30:54.669Z;TRUE
22652;The Courts McKinney Tennis Center;3253 Alma Rd, McKinney, TX 75070;(972) 547-2012;http://www.impactactivities.com/mckinney;Tennis court;33,168005;-96,711169;4,5;210;https://lh5.googleusercontent.com/p/AF1QipMNtW9cy82TcFzjzPg9DcUE2heYTRFz0nc649UI=w80-h106-k-no;;;33797;alexm@impactactivities.com;good;ok;no;no;https://www.instagram.com/courtsmckinney/;2024-04-02T16:30:45.847Z;TRUE
21621;All Uniform Wear;4335 W New Haven Ave, West Melbourne, FL 32904;(321) 608-3845;http://alluniformwear.com/;Uniform store;28,078346;-80,698001;4;249;https://lh5.googleusercontent.com/p/AF1QipOPSw5CIEn3MRqU0yT64xdTIo039iZThvsaHZtI=w163-h92-k-no;;Uniforms for students & professionals. Supplier of school & work uniforms with options for nurses, chefs & additional professions.;10869;webmaster@alluniformwear.com;good;ok;no;yes;https://www.instagram.com/alluniformwear/;2024-04-02T13:15:24.203Z;TRUE
22429;American Diversity Business Solutions;920 US-1, Sebastian, FL 32958;(772) 321-4869;http://americanpromo.com/;Uniform store;27,811895;-80,467034;5;1;https://streetviewpixels-pa.googleapis.com/v1/thumbnail?panoid=aztH-owfT1WnEALlek6yaA&cb_client=search.gws-prod.gps&w=80&h=92&yaw=69.08724&pitch=0&thumbfov=100;;;10880;inquiries@americanbus.com;good;ok;no;yes;;2024-04-02T16:00:12.487Z;TRUE
17222;Plexus Inc;118 New York Ave W, DeLand, FL 32720;(386) 736-1244;https://www.plexusincstore.com/;Uniform store;29,027934;-81,304339;3;10;https://lh5.googleusercontent.com/p/AF1QipMQiTLkCkCBjl2M2_fbXsXlafFK1SaoyFh3LjTO=w114-h92-k-no;;;10787;caroletattrie-plexus@cfl.rr.com;good;ok;yes;no;;2024-04-01T17:00:25.298Z;TRUE
17701;Risse Brothers School Uniforms;100 Candace Dr Suite 120, Maitland, FL 32751;(407) 339-1486;https://www.rissebrothers.com/;Uniform store;28,643945;-81,356536;3,2;184;https://lh5.googleusercontent.com/p/AF1QipNl_wlZB9tcHy7PUZc03LouvdjLbzFte26Upbwi=w80-h106-k-no;;;10800;customerservice@rissebrothers.com;good;ok;no;yes;https://www.instagram.com/rissebrothers/;2024-04-01T20:00:24.342Z;TRUE
21738;Uniform Mart;1387 S Babcock St, Melbourne, FL 32901;(321) 676-0000;http://www.theuniformmart.com/;Uniform store;28,087305;-80,620182;4,3;104;https://lh5.googleusercontent.com/p/AF1QipNUhiqfqB0lNvQevgKQALEMkA6t7gyvTGqru63s=w163-h92-k-no;;Retailer of professional apparel. Uniform dealer carrying a wide selection of shoes & apparel for medical & hospitality professionals.;10870;jack@theuniformmart.com;good;ok;no;no;;2024-04-02T13:30:25.185Z;TRUE
21930;Amaris Creative Collective;;(321) 848-4705;https://www.amariscreativecollective.shop/;Western apparel store;46,423669;-129,942709;5;9;;;;10874;amariscreativecollective@gmail.com;good;ok;yes;no;https://www.instagram.com/amariscreativecollective/;2024-04-02T14:30:12.224Z;TRUE
20844;Byrd's Western Store;4855 US-192, Melbourne, FL 32904;(321) 768-2345;http://www.byrdswesternstore.com/;Western apparel store;28,078149;-80,709131;4,6;256;https://lh5.googleusercontent.com/p/AF1QipO2ZhjmW0M75tiYgHJvwh4wUo_Y_T9X5ivn1Ddi=w163-h92-k-no;;;10858;info@byrdswesternstore.com;good;ok;no;yes;;2024-04-02T10:30:16.684Z;TRUE
18320;The Rowdy Cowboy;801 W Main St, Tavares, FL 32778;(352) 809-0611;https://therowdycowboy.com/;Western apparel store;28,802217;-81,736034;4,9;15;https://lh5.googleusercontent.com/p/AF1QipODVzumJ3RBfH658rexLpT2SUebKL8KGScOsooX=w138-h92-k-no;;;10814;sales@therowdycowboy.com;good;ok;no;yes;https://www.instagram.com/rowdycowboyfl/;2024-04-01T23:30:03.234Z;TRUE
23495;Angys Style;100 W 29th St suite c, Hialeah, FL 33012;(786) 779-8142;http://angysstyle.com/;Women's clothing store;25,847981;-80,284511;5;18;;;;10893;angystyle100@gmail.com;good;ok;yes;no;https://www.instagram.com/_angysstyle/;2024-04-02T19:30:04.793Z;TRUE
22687;Anthony's Ladies Apparel;636 21st St, Vero Beach, FL 32960;(772) 562-0480;https://www.anthonysfla.com/pages/vero-beach-store;Women's clothing store;27,641096;-80,385358;4,5;36;https://lh5.googleusercontent.com/p/AF1QipMSGIHXmwWZR197m7oM7jPlEkMDRpIkr-IjehUo=w163-h92-k-no;;;10882;customerservice@anthonysfla.com;good;ok;no;yes;https://www.instagram.com/anthonysfla/;2024-04-02T16:45:07.188Z;TRUE
19916;Be Fit Apparel;8803 Futures Dr Ste 8, Orlando, FL 32819;(407) 721-1038;http://www.befitapparel.com/;Women's clothing store;28,441429;-81,428180;4,9;8;https://streetviewpixels-pa.googleapis.com/v1/thumbnail?panoid=-h3_SepXFMbE7e4ZiPzBvA&cb_client=search.gws-prod.gps&w=80&h=92&yaw=173.26111&pitch=0&thumbfov=100;;;10841;befitapparel@aol.com;good;ok;yes;no;https://www.instagram.com/befitapparel/;2024-04-02T06:15:12.257Z;TRUE
23558;Bella’s Boutique;7250 W 24th Ave #2, Hialeah, FL 33016;(786) 828-7987;https://bellasboutiquemiami.com/;Women's clothing store;25,888389;-80,332593;5;9;https://lh5.googleusercontent.com/p/AF1QipMYcVjSnvllNLkLBRBDz6V9cET4XcOMDlHp8Kbp=w86-h92-k-no;;;10894;contact@bellasboutiquemiami.com;good;ok;no;yes;https://www.instagram.com/bellasboutiquemiami/;2024-04-02T19:45:04.481Z;TRUE
23699;Bon Jolie Collections;6175 NW 167th St STE G-27, Hialeah, FL 33015;(786) 470-7085;http://bonjoliecollections.com/;Women's clothing store;25,926746;-80,301511;;;https://streetviewpixels-pa.googleapis.com/v1/thumbnail?panoid=SbEhBHia4Xvb_6iu81OCbw&cb_client=search.gws-prod.gps&w=80&h=92&yaw=178.31073&pitch=0&thumbfov=100;;;10896;info@bonjoliecollections.com;good;ok;no;yes;https://www.instagram.com/bonjoliecollections/;2024-04-02T20:15:07.559Z;TRUE
23445;Candyland Boutique Hallandale;2910 SW 30th Ave #2, Hallandale Beach, FL 33009;(954) 456-3551;https://www.iwantcandyland.com/;Women's clothing store;25,983785;-80,166341;4,5;51;https://lh5.googleusercontent.com/p/AF1QipPpcusVqRNBK6gDGsV3Sywyk7YoMhZJWVtYM-Fm=w163-h92-k-no;;;10892;candycare@iwantcandyland.com;good;ok;no;no;https://www.instagram.com/candylandboutique/;2024-04-02T19:15:03.458Z;TRUE
19320;Carioca&Co Store;6206 Castelven Dr, Orlando, FL 32835;(407) 978-8227;https://cariocandco.com/;Women's clothing store;28,511753;-81,465790;;;;;;10831;contact@cariocandco.com;good;ok;no;yes;https://www.instagram.com/cariocacousa/;2024-04-02T03:45:05.762Z;TRUE
23317;Casp Baby Mommy & Me Boutique;;+1 772-925-1444;http://www.caspbaby.com/;Women's clothing store;27,645194;-80,396881;4,8;58;https://lh5.googleusercontent.com/p/AF1QipNaULhgTZJeu2r2ejktfP4DX7Tanvk8xjAgP4wO=w138-h92-k-no;;;10888;info@caspbaby.com;good;ok;no;yes;https://www.instagram.com/caspbaby/;2024-04-02T18:15:26.801Z;TRUE
19848;Cavender's Boot City;11607 Regency Village Dr, Orlando, FL 32821;(407) 465-0195;https://www.cavenders.com/storedetails/?StoreID=90&utm_source=Google-Maps&utm_medium=organic&utm_campaign=Google-Maps;Women's clothing store;28,392380;-81,485866;4;110;https://lh5.googleusercontent.com/p/AF1QipOnYfQDd6P1pbT7pofkT0bem1-timQ6AYHOo7G7=w163-h92-k-no;;Western store for cowboy hats & boots. Western store selling cowboy boots & hats for adults & kids, plus accessories & workwear.;10839;help@cavenders.com;good;ok;no;yes;https://www.instagram.com/cavenders/;2024-04-02T05:45:26.819Z;TRUE
21902;Coastal Addiction Lifestyle;;(321) 421-9611;http://www.coastaladdiction.com/;Women's clothing store;27,698638;-83,804601;;;https://lh5.googleusercontent.com/p/AF1QipNx9HRyVivCNt3w-K6YGxFhBDgj6EatdIuvzAFJ=w92-h92-k-no;;;10874;support@coastaladdiction.com;good;ok;no;yes;;2024-04-02T14:30:05.471Z;TRUE
17660;COCO INDIGO;HANNIBAL SQUARE, 433 W New England Ave E, Winter Park, FL 32789;(321) 972-1359;https://cocoindigo.net/;Women's clothing store;28,595987;-81,355424;5;5;https://lh5.googleusercontent.com/p/AF1QipPL0yhtRuAl3cbN7ncNtNk1sWPScHHjGB2pe6iZ=w80-h106-k-no;;;10800;elisabeth@cocoindigo.net;good;ok;no;no;https://www.instagram.com/shopcocoindigo/;2024-04-01T20:00:10.638Z;TRUE
23544;Crown On Boutique;3520 W 18th Ave, Hialeah, FL 33012;;http://www.crownonboutique.com/;Women's clothing store;25,853866;-80,319009;5;7;https://lh5.googleusercontent.com/p/AF1QipPFj95-rq1rC2oSsgPwRREI3Gwc2KYlqL0L6Tct=w115-h92-k-no;;;10894;crownonboutique@gmail.com;good;ok;yes;no;;2024-04-02T19:45:02.545Z;TRUE
23602;Diva Sports Fashion;2021 W 62nd St, Hialeah, FL 33016;(305) 381-5629;https://www.divasportsfashion.com/;Women's clothing store;25,879442;-80,324272;4,1;13;https://lh5.googleusercontent.com/p/AF1QipMFNXUHexNuBguY8m-xnpYDegKurjwxMQyFbBnp=w80-h106-k-no;;;10894;divasportsfashion@gmail.com;good;ok;yes;no;https://www.instagram.com/diva_sports_fashion/;2024-04-02T19:45:20.116Z;TRUE
22875;Faherty Vero Beach;Village Shops, 6170 Florida A1A Unit G, Vero Beach, FL 32963;(772) 226-8246;https://stores.fahertybrand.com/fl/vero-beach/VRB71/;Women's clothing store;27,693744;-80,371251;;;https://lh5.googleusercontent.com/p/AF1QipPYxd5xVtu8zf5jzz-m7EO1IZ3YllmgONdgdvmB=w80-h106-k-no;;;10884;verobeach@fahertybrand.com;good;ok;no;no;https://www.instagram.com/fahertybrand/;2024-04-02T17:15:12.990Z;TRUE
20431;Fajas Colombianas Reductoras Reducing;12981 S Orange Blossom Trl, Orlando, FL 32837;(407) 844-1278;http://www.fajasreducing.com/;Women's clothing store;28,377322;-81,402656;4,4;7;https://lh5.googleusercontent.com/p/AF1QipO_wv1GNoi35cgEEr8vu_Pe6D0JjCWG9qnH_PqS=w96-h92-k-no;;;10853;info@fajasreducing.com;good;ok;no;yes;https://www.instagram.com/fajasreducing/;2024-04-02T09:15:07.127Z;TRUE
23534;Fajas Y Mas Hialeah;683 W 49th St, Hialeah, FL 33012;(786) 367-0322;https://www.fajasdepot.com/;Women's clothing store;25,866991;-80,296548;3,6;72;https://lh5.googleusercontent.com/p/AF1QipNWRLjBEJG5Rzr4n3-g2RPk0YxVlMNfNrijRpo7=w80-h106-k-no;;;10893;margarita@fajasdepot.com;good;ok;no;no;https://www.instagram.com/fajasymasmiami/;2024-04-02T19:30:17.036Z;TRUE
22703;Frances Brewster Inc;2903 Cardinal Dr, Vero Beach, FL 32963;(772) 231-2051;http://francesbrewster.com/;Women's clothing store;27,649073;-80,356724;4,7;3;https://streetviewpixels-pa.googleapis.com/v1/thumbnail?panoid=8AoOXB_1n4KII5xj3ykblw&cb_client=search.gws-prod.gps&w=80&h=92&yaw=255.07657&pitch=0&thumbfov=100;;;10882;info-vero@francesbrewster.com;good;ok;no;no;;2024-04-02T16:45:11.565Z;TRUE
18485;Hemline Winter Park;480 Orlando Ave Suite 120, Winter Park, FL 32789;(321) 972-1340;https://shophemlinewinterpark.com/;Women's clothing store;28,602064;-81,363072;4,4;14;https://streetviewpixels-pa.googleapis.com/v1/thumbnail?panoid=DbscjS4y7P59qpjATxo1pQ&cb_client=search.gws-prod.gps&w=80&h=92&yaw=6.467539&pitch=0&thumbfov=100;;;10818;winterpark@shophemline.com;good;ok;no;no;https://www.instagram.com/hemlinewinterpark/;2024-04-02T00:30:16.985Z;TRUE
17178;Her Nature;;;https://her-nature.ueniweb.com/?utm_campaign=gmb;Women's clothing store;29,019392;-81,288012;;;;;;10787;anquiette.laughlin@gmail.com;good;ok;yes;no;;2024-04-01T17:00:13.818Z;TRUE
16655;House Of Zhane’s Beauti Curve;;;https://houseofzhanesbeauticurve.ueniweb.com/;Women's clothing store;29,598221;-82,082761;;;;;;10775;brittanywalker226@gmail.com;good;ok;yes;no;;2024-04-01T14:00:12.836Z;TRUE
17586;Hunniibei LLC;770 Silver Cloud Cir, Lake Mary, FL 32746;(407) 218-6562;https://www.hunniibei.com/;Women's clothing store;28,783661;-81,343845;;;https://lh5.googleusercontent.com/p/AF1QipPv1ClthkI4Yrhwv1nUyu0mw1_EGou4y0hgO3Wh=w163-h92-k-no;;;10798;customercare@hunniibei.com;good;ok;no;yes;;2024-04-01T19:30:04.656Z;TRUE
19903;Iyalordes Boutique By TeamCalocha;2395 N Orange Blossom Trail, Kissimmee, FL 34744, United States;+1 407-593-2597;http://iyalordesboutique.com/;Women's clothing store;28,314849;-81,402892;5;5;https://lh5.googleusercontent.com/p/AF1QipMGCuGVksXtC9lRhgv9Lbm6PCvMTzh9xBRhfsCK=w122-h92-k-no;;;10841;teamcalochavip@gmail.com;good;ok;yes;no;https://www.instagram.com/teamcalochavip/;2024-04-02T06:15:07.471Z;TRUE
18663;Jarboe Inc;1225 N Orange Ave, Orlando, FL 32804;(407) 895-6878;http://jarboeinc.com/;Women's clothing store;28,562331;-81,373050;4;4;https://streetviewpixels-pa.googleapis.com/v1/thumbnail?panoid=nlsnyC-gCdxKQGR1PSdeew&cb_client=search.gws-prod.gps&w=80&h=92&yaw=120&pitch=0&thumbfov=100;;;10822;theshop@jarboeinc.com;good;ok;no;no;https://www.instagram.com/jarboe_inc/;2024-04-02T01:30:12.197Z;TRUE
16523;Jennifer's;13251 McGregor Blvd suite 111-1, Fort Myers, FL 33919;(239) 481-8582;http://www.jennifersfortmyers.com/;Women's clothing store;26,549050;-81,912255;4,8;14;https://lh5.googleusercontent.com/p/AF1QipMwwDbB2QIoXCnjZyErxYQkq2ttbYwTuWrECz9C=w80-h110-k-no;;;10771;jennifersfortmyers@gmail.com;good;ok;yes;no;https://www.instagram.com/jennifersfortmyers/;2024-04-01T13:00:36.585Z;TRUE
23606;Karma Boutique by the Guzman sisters;18505 NW 75th Pl STE 113, Hialeah, FL 33015;(305) 381-0483;https://karmaboutiquemiami.com/;Women's clothing store;25,940913;-80,321591;4,8;18;https://lh5.googleusercontent.com/p/AF1QipPklAFjvgAMYIJ5woHg3iiCENoDayU_tw3CWUXZ=w209-h92-k-no;;;10894;karmaboutiquemiami@gmail.com;good;ok;yes;no;;2024-04-02T19:45:20.521Z;TRUE
18686;LaBelle Since 1919;351 N Orange Ave, Orlando, FL 32801;(407) 422-3565;http://www.labellesince1919.com/;Women's clothing store;28,546539;-81,378983;3,5;22;https://lh5.googleusercontent.com/p/AF1QipMA5r9cyREfjedR0l_4mDfvQCy0Jb3hDyrYNWvd=w80-h120-k-no;;;10822;sales@labellesince1919.com;good;ok;no;yes;https://www.instagram.com/labellefurs/;2024-04-02T01:30:17.973Z;TRUE
23481;Lulu-B Clothing;1501 E 10th Ave, Hialeah, FL 33010;(305) 887-7971;http://www.lulubclothing.com/;Women's clothing store;25,836562;-80,261359;4,8;8;;;;10893;sales@lulubclothing.com;good;ok;no;yes;;2024-04-02T19:30:02.749Z;TRUE
23516;Marcel's Fashions Group INC - DBA Get Lucky & My Lucky Day;7130 NW 35th Ave, Miami, FL 33147;(786) 384-0632;http://www.getlucky85.com/faq;Women's clothing store;25,838766;-80,254157;5;4;https://lh5.googleusercontent.com/p/AF1QipPo31YieJFkN5is-CMEqJ1J149WYHuWpILoq1S0=w119-h92-k-no;;;10893;marcelfashions@aol.com;good;ok;yes;no;;2024-04-02T19:30:10.182Z;TRUE
22698;Pineapples;3241 Ocean Dr, Vero Beach, FL 32963;(772) 231-1511;https://www.facebook.com/Pineapplesofvero/;Women's clothing store;27,652128;-80,356518;4,2;13;https://lh5.googleusercontent.com/p/AF1QipOISvlNdw-hFFliXklUKub3yqa99knJ8q1ldyRS=w80-h106-k-no;;;10882;veropineapple@aol.com;good;ok;yes;no;;2024-04-02T16:45:08.652Z;TRUE
23452;Rene Ruiz Collection;600 Silks Run Suite 1245, Hallandale Beach, FL 33009;(954) 342-9581;http://www.reneruizcollection.com/;Women's clothing store;25,978584;-80,140872;4,9;97;https://lh5.googleusercontent.com/p/AF1QipPfoE27PeTYXo5jlAPgsh2_mTkuXjKStJ-dMtZE=w80-h107-k-no;;Elegant boutique for designer womenswear. Modern, luxe women's boutique with a collection of elegant eveningwear from a renowned designer.;10892;carolineweb@reneruizcollection.com;good;ok;no;no;https://www.instagram.com/reneruizcollection/;2024-04-02T19:15:04.481Z;TRUE
23400;RR Island Boutique;103400 Overseas Hwy Suite 102, Key Largo, FL 33037;(305) 587-3132;https://rrislandboutique.com/;Women's clothing store;25,136391;-80,404439;5;6;https://lh5.googleusercontent.com/p/AF1QipMfhOzf4J8fKLCacWNDyAF19RCrKC0hfn1xgNNE=w80-h99-k-no;;;10890;rrislandboutique@outlook.com;good;ok;yes;no;https://www.instagram.com/rr_island_boutique/;2024-04-02T18:45:07.559Z;TRUE
22714;Sara Campbell;3231 Ocean Dr, Vero Beach, FL 32963;(772) 205-2756;http://www.saracampbell.com/;Women's clothing store;27,652017;-80,356428;5;2;https://lh5.googleusercontent.com/p/AF1QipP1k5mu_4msRHlmpqEz1wkPkV-QTpUR_In9GCWW=w122-h92-k-no;;;10882;customerservice@saracampbell.com;good;ok;no;yes;;2024-04-02T16:45:12.889Z;TRUE
18664;Sharpe Suiting;37 N Orange Ave, Orlando, FL 32801;;https://www.sharpesuiting.com/;Women's clothing store;28,542792;-81,378885;4;4;https://lh5.googleusercontent.com/p/AF1QipP8SWbBdaWApsAmKnBdpljQ35K-W-QQELqsaNGp=w80-h92-k-no;;;10822;bespoke@sharpesuiting.com;good;ok;no;no;https://www.instagram.com/sharpe.haus/;2024-04-02T01:30:12.336Z;TRUE
19915;Sirens;8001 S Orange Blossom Trl #732a, Orlando, FL 32809;(407) 826-4137;http://www.sirensfashion.com/;Women's clothing store;28,445960;-81,397596;3;20;https://lh5.googleusercontent.com/p/AF1QipPhdmAzqNWVWFoOOrzwOeUZrwStkB1ckCjlhBXm=w80-h92-k-no-pi-14.525243-ya321.16922-ro5.467989-fo100;;;10841;cs@urban-planet.com;good;ok;no;yes;https://www.instagram.com/urbanplanet/;2024-04-02T06:15:12.180Z;TRUE
17547;Skip's Boots - Osteen, FL;300 State Rte 415, Osteen, FL 32764;(407) 321-1000;http://www.skipsboots.com/;Women's clothing store;28,849902;-81,162576;4,6;411;https://lh5.googleusercontent.com/p/AF1QipOjF76Esg0m7jtox5RpZPQxGAP-otEX7t8-pnPU=w122-h92-k-no;;Western boots & apparel store. Store featuring a wide variety of brand-name Western-style boots, hats, belts & other accessories.;10796;info@skipsboots.com;good;ok;no;yes;https://www.instagram.com/skipsboots/;2024-04-01T19:00:11.358Z;TRUE
23467;Spice of Life, The Ultimate Adult Boutique;2940 SW 30th Ave #1, Hallandale Beach, FL 33009;(954) 458-5200;http://www.spiceoflife.com/;Women's clothing store;25,982638;-80,166301;4,7;251;https://lh5.googleusercontent.com/p/AF1QipOjXPbUMkMedgx0Pbr97gO_bGtX_WLto_N3ugk=w136-h92-k-no;;;10892;info@spiceoflife.com;good;ok;no;yes;;2024-04-02T19:15:12.686Z;TRUE
23512;Steps New York;1675 W 49th St #1452, Hialeah, FL 33012;(305) 558-0940;http://www.stepsnewyork.com/;Women's clothing store;25,868036;-80,318392;4,3;41;https://lh5.googleusercontent.com/p/AF1QipO7dT1ljUvjuxcXErFdCHLzNwKLmYXaVu3On-tZ=w122-h92-k-no;;;10893;shoponline@stepsnewyork.com;good;ok;no;no;;2024-04-02T19:30:09.632Z;TRUE
19167;SUITS AND DRESSES LLC;2749 N Hiawassee Rd, Orlando, FL 32818;(407) 574-8416;http://fertoum1.wix.com/suitsanddresses;Women's clothing store;28,577580;-81,475912;;;https://streetviewpixels-pa.googleapis.com/v1/thumbnail?panoid=VMq1OkcgJAQ88HkOqEGiPA&cb_client=search.gws-prod.gps&w=80&h=92&yaw=60.266468&pitch=0&thumbfov=100;;;10828;suitsanddresses@gmail.com;good;ok;yes;no;;2024-04-02T03:00:20.759Z;TRUE
22888;The Beach Shop;3328 Ocean Dr, Vero Beach, FL 32963;(772) 231-6228;http://www.thebeachshopvero.com/;Women's clothing store;27,652643;-80,356110;4,1;27;https://lh5.googleusercontent.com/p/AF1QipOxj4FuNohLiybVTje5U26Uth07cacp1jdosySu=w122-h92-k-no;;;10884;hello@thebeachshopvero.com;good;ok;no;yes;https://www.instagram.com/thebeachshopverobeach/;2024-04-02T17:15:25.279Z;TRUE
21193;Timeout Clothing;1044 Clearlake Rd, Cocoa, FL 32922;(321) 633-6666;http://timeoutcocoa.com/;Women's clothing store;28,371543;-80,754131;4,1;17;https://lh5.googleusercontent.com/p/AF1QipNBE4ud-mYK-XvZfFz62yqoc62_saQKJJNeStJI=w80-h106-k-no;;;10864;aelbejou@yahoo.com;good;ok;yes;no;;2024-04-02T12:00:06.113Z;TRUE
17627;Tom James Company;151 Southhall Ln # 130, Maitland, FL 32751;(407) 740-7848;http://www.tomjames.com/locations/orlando;Women's clothing store;28,628515;-81,397284;4,8;166;https://lh5.googleusercontent.com/p/AF1QipM1VyszfvovBD2nUVbRuEoHg1LC88C4mmx1PltE=w80-h106-k-no;;Custom-tailored apparel for men & women. Longtime outfitter offering custom-tailored apparel for men & women, accessories & ready-to-wear.;10800;tjm020@tomjames.com;good;ok;no;no;https://www.instagram.com/tomjamesclothing/;2024-04-01T20:00:03.767Z;TRUE
17626;Tom James Company;2700 Westhall Ln UNIT 148, Maitland, FL 32751;(800) 236-9023;http://www.tomjames.com/locations/central-florida;Women's clothing store;28,635956;-81,397770;;;https://streetviewpixels-pa.googleapis.com/v1/thumbnail?panoid=IjqpwguGACWW65ZrlBZKhA&cb_client=search.gws-prod.gps&w=80&h=92&yaw=161.15285&pitch=0&thumbfov=100;;;10800;clientservices@tomjames.com;good;ok;no;no;https://www.instagram.com/tomjamesclothing/;2024-04-01T20:00:03.620Z;TRUE
22871;Tommy Bahama;6290 North A1A, Vero Beach, FL 32963;(772) 234-1057;http://www.tommybahama.com/en/store/Vero%20Beach?lat=27.6430452&long=-80.3586828;Women's clothing store;27,694400;-80,371325;4,8;32;https://lh5.googleusercontent.com/p/AF1QipNDi9g6bxL7jS2UWyOp58oA1kvb33-Kv5pnaIAa=w123-h92-k-no;;Fashion store for casual clothing. Casual clothing store featuring men's & women's apparel, plus shoes & accessories.;10884;accessibility@tommybahama.com;good;ok;no;yes;https://www.instagram.com/tbahama/;2024-04-02T17:15:12.502Z;TRUE
23685;Uptown Galz Boutique.inc;7900 NW 27th Ave E23, Miami, FL 33147;(305) 970-2457;https://epiclacewigzboutiq.wixsite.com/website;Women's clothing store;25,848301;-80,242978;5;7;https://lh5.googleusercontent.com/p/AF1QipN1dy4bVv-KAZBJIHldSBITEy3eG2ZuTiSBpsRh=w80-h106-k-no;;;10895;epiclacewigzboutique@gmail.com;good;ok;yes;no;;2024-04-02T20:00:19.279Z;TRUE
19844;VILEBREQUIN;Vineland Premium Outlets, 8200 Vineland Ave Unit 0910B, Orlando, FL 32821;(407) 238-4411;http://vilebrequin.com/;Women's clothing store;28,387071;-81,491953;4,3;31;https://lh5.googleusercontent.com/p/AF1QipNtf09w1eTkIBGR0ctf6kyKQAyoT5TYHtFsMCrW=w138-h92-k-no;;;10839;contact.us@vilebrequin.com;good;ok;no;yes;https://www.instagram.com/vilebrequin/;2024-04-02T05:45:26.544Z;TRUE
23475;Vintage Wholesale Club;3125 John P Curci Dr, Hallandale Beach, FL 33009;;http://www.vintagewholesaleclub.com/;Women's clothing store;25,987966;-80,171676;4,6;9;https://lh5.googleusercontent.com/p/AF1QipPvEA-cFb_khMuwS5NVCpTLFyxNr19WvOnVefpu=w138-h92-k-no;;;10892;info@vintagewholesaleclub.com;good;ok;no;yes;https://www.instagram.com/vintagewholesaleclub/;2024-04-02T19:15:13.661Z;TRUE
18713;Vous Mode Boutique FL-;3201 E Colonial Dr, Orlando, FL 32803;(407) 686-9206;http://www.vousmode.com/;Women's clothing store;28,557311;-81,340013;4,3;7;https://lh5.googleusercontent.com/p/AF1QipPeLoTTzcbQrfYtT10_F6KJrbkZTtGbYwnQrhRa=w91-h92-k-no;;;10823;zahiravargas@hotmail.com;good;ok;yes;no;https://www.instagram.com/vousmodeboutique/;2024-04-02T01:45:05.992Z;TRUE
19897;Vulcal Boutique;9251 S Orange Blossom Trl, Orlando, FL 32837, United States;+1 407-888-9400;http://www.vulcal.com/;Women's clothing store;28,427828;-81,404029;3,3;27;https://lh5.googleusercontent.com/p/AF1QipNK2bj4ZviICQP5SJ0XFZeXhF9UepJqOZ3q2Ufj=w80-h142-k-no;;Women's shop for dressy Indian apparel. Store specializing in an assortment of saris, bridal wear & other upscale women's Indian clothing.;10841;info.vulcal@gmail.com;good;ok;yes;no;https://www.instagram.com/_vulcal_/;2024-04-02T06:15:06.859Z;TRUE
23382;Wild Lily Boutique;81933 Overseas Hwy, Islamorada, FL 33036;(305) 741-7276;http://www.wildlilyboutique.com/;Women's clothing store;24,920612;-80,631879;4,8;18;https://lh5.googleusercontent.com/p/AF1QipOtjzBqr8qqpUn4b20tZcFZKQqgN_4dldW9Q8W6=w122-h92-k-no;;;10890;liz@wildlilyboutique.com;good;ok;no;no;https://www.instagram.com/wildlilyboutique/;2024-04-02T18:45:05.314Z;TRUE
18438;Woods 2 Water Apparel;2400 S Hopkins Ave # L, Titusville, FL 32780;(321) 225-4293;https://www.woods2water.com/?utm_source=google&utm_medium=wix_google_business_profile&utm_campaign=605637770744613912;Women's clothing store;28,586952;-80,806587;5;11;https://lh5.googleusercontent.com/p/AF1QipPpX8cKHUqFQXmi4sN-UQxYI_dYqpE00klW1KiK=w122-h92-k-no;;;10816;woods2waterapparel@gmail.com;good;ok;yes;no;;2024-04-02T00:00:04.992Z;TRUE
