Product Category,Product Name,Is New,Product Token,Product State,Retail Price,Wholesale Price,Wholesale Promo Discount Percentage,brand
Pouches,It's A Good Day Canvas Pouch,False,p_f2mjrsfpz9,FOR_SALE,14.0,7.0,0.0,Properly Improper
Pouches,Girl Math Canvas Pouch,False,p_7r43mdq8vj,FOR_SALE,14.0,7.0,0.0,Properly Improper
Pouches,Let's Drink and Talk Shit Canvas Pouch,False,p_v23z7737vq,FOR_SALE,14.0,7.0,0.0,Properly Improper
Pouches,Don't Make Mommy Be A Bitch Canvas Pouch,False,p_dp5n7w9gjt,FOR_SALE,14.0,7.0,0.0,Properly Improper
Pouches,Get Shit Done Canvas Pouch,False,p_e8c8me7dxa,FOR_SALE,14.0,7.0,0.0,Properly Improper
Pouches,The Book Is Always Better Canvas Pouch,False,p_9393bv4xtm,FOR_SALE,14.0,7.0,0.0,Properly Improper
Pouches,Happy Fucking Birthday Canvas Pouch,False,p_eucs75pnvk,FOR_SALE,14.0,7.0,0.0,Properly Improper
Pouches,"Just in Case... I Believe in You, Nice Butt - Canvas Pouch",False,p_3ewydhfgc3,FOR_SALE,14.0,7.0,0.0,Properly Improper
Pouches,Beautiful Bitch - Floral Canvas Pouch,False,p_xef53h774s,FOR_SALE,14.0,7.0,0.0,Properly Improper
Pouches,Don’T Be A Dick - Strawberry & Daisy Canvas Pouch,False,p_x5uhgt5v3t,FOR_SALE,14.0,7.0,0.0,Properly Improper
Pouches,You Make the World A Better Place - Canvas Pouch,False,p_5ka8v8xtay,FOR_SALE,14.0,7.0,0.0,Properly Improper
Pouches,Vent About Your Joy Not Just Your Problems Canvas Pouch,False,p_zft2g8cc24,FOR_SALE,14.0,7.0,0.0,Properly Improper
Pouches,With Love from California Canvas Pouch,False,p_ckqjdfujrc,FOR_SALE,14.0,7.0,0.0,Properly Improper
Pouches,Live By the Sun Canvas Pouch,False,p_xpfn5gsehc,FOR_SALE,14.0,7.0,40.0,Properly Improper
Pouches,Broke Bitch Canvas Pouch,False,p_uzmy487ayh,FOR_SALE,14.0,7.0,0.0,Properly Improper
Pouches,Nothing Changes If Nothing Changes Canvas Pouch,False,p_a9g4newe6y,FOR_SALE,14.0,7.0,40.0,Properly Improper
Pouches,I Love You To the Moon and Back Canvas Pouch,False,p_8cmjnv7ry6,FOR_SALE,14.0,7.0,40.0,Properly Improper
Pouches,99% Sure My Soulmate Is A Dog Canvas Pouch,False,p_wp5t7sc3sp,FOR_SALE,14.0,7.0,0.0,Properly Improper
Pouches,"Dog Money, Not Mine Canvas Pouch",False,p_2fb7frgnfd,FOR_SALE,14.0,7.0,0.0,Properly Improper
Pouches,Girl Boss Canvas Pouch,False,p_w4ebqhu6qn,FOR_SALE,14.0,7.0,40.0,Properly Improper
Pouches,Fuck You Very Much Canvas Pouch,False,p_vsxc82hrwf,FOR_SALE,14.0,7.0,40.0,Properly Improper
Pouches,Pickleball Legend Canvas Pouch,True,p_e8m2dmkumm,FOR_SALE,14.0,7.0,0.0,Properly Improper
Pouches,Life Is Tough But So Are You Canvas Pouch,False,p_pdprnukpr6,FOR_SALE,14.0,7.0,40.0,Properly Improper
Pouches,To Do List: Drink Wine and Pet My Dog Canvas Pouch,False,p_ju3dextvvy,FOR_SALE,14.0,7.0,0.0,Properly Improper
Pouches,Breathe and Let Go Canvas Pouch,False,p_m5sc9hv8nv,FOR_SALE,14.0,7.0,40.0,Properly Improper
Pouches,You Are Beautiful Canvas Pouch,False,p_gxzcnqefdw,FOR_SALE,14.0,7.0,40.0,Properly Improper
Pouches,Never Ever Give Up Canvas Pouch,False,p_bh3dyws25q,FOR_SALE,14.0,7.0,40.0,Properly Improper
Pouches,Old Ways Won't Open New Doors Canvas Pouch,False,p_hw6s78afk2,FOR_SALE,14.0,7.0,40.0,Properly Improper
Pouches,Stop Waiting For Friday Canvas Pouch,False,p_93kqw7a36e,FOR_SALE,14.0,7.0,40.0,Properly Improper
Pouches,Don't Quit Your Daydream Canvas Pouch,False,p_3pksdtyhge,FOR_SALE,14.0,7.0,0.0,Properly Improper
Pouches,Ray of Fucking Sunshine Canvas Pouch,False,p_watgmduejg,FOR_SALE,14.0,7.0,0.0,Properly Improper
Pouches,Fuck This Shit Canvas Pouch,False,p_6yn34w6jn4,FOR_SALE,14.0,7.0,40.0,Properly Improper
Pouches,What A Fucking Day Canvas Pouch,False,p_k8zspdkz3r,FOR_SALE,14.0,7.0,40.0,Properly Improper
Pouches,California Is For Dreamers Canvas Rope Pouch,False,p_y55nu77g9p,FOR_SALE,15.0,7.5,0.0,Properly Improper
Pouches,A Bunch of Random Crap I Can’T Live Without -  Canvas Pouch,False,p_8b9kdnxhrx,FOR_SALE,14.0,7.0,0.0,Properly Improper
Pouches,Drugs and Pill w/ Chenille Patches Pouch Teal,False,p_g6fuqvzdw6,FOR_SALE,25.0,12.5,0.0,Properly Improper
Pouches,Bitch w/ Chenille Patches Pouch,False,p_h6v7ykt32h,FOR_SALE,25.0,12.5,0.0,Properly Improper
Pouches,Plane & Smile Pouch w/ Chenille Patches,False,p_4es8daw462,FOR_SALE,18.0,9.0,0.0,Properly Improper
Pouches,Heart & Pill Chenille Patches Pouch,False,p_rnhvc73gjv,FOR_SALE,18.0,9.0,0.0,Properly Improper
Pouches,Paw and Heart Pouch w/ Chenille Patches,False,p_gt75fmch7n,FOR_SALE,18.0,9.0,0.0,Properly Improper
Pouches,Rainbow & Happy Pouch w/ Chenille Patches,False,p_7rarpsppw8,FOR_SALE,18.0,9.0,0.0,Properly Improper
Pouches,Smile & Heart Pouch w/ Chenille Patches,False,p_jvgueyh3ee,FOR_SALE,18.0,9.0,0.0,Properly Improper
Pouches,Star & Moon Pouch w/ Chenille Patches,False,p_356dyh5qfc,FOR_SALE,18.0,9.0,0.0,Properly Improper
Pouches,Bitch Chenille Patch Letters Clear Pouch,False,p_p4rcbkt8t7,FOR_SALE,28.0,14.0,0.0,Properly Improper
Pouches,Fuck U Happy Face w/ Chenille Letters Nylon Pouch,False,p_9q5k5dasmj,FOR_SALE,28.0,14.0,0.0,Properly Improper
Pouches,Drugs Pill White/Clear Nylon Pouch Chenille Letters,False,p_phsc7vz9qy,FOR_SALE,28.0,14.0,0.0,Properly Improper
Pouches,Snacks Clear Nylon Pouch Chenille Letters,False,p_ek5zvmc9vz,FOR_SALE,28.0,14.0,0.0,Properly Improper
Pouches,Fuck w/ Smiley Face Chenille Patches,False,p_ewdnzzu267,FOR_SALE,28.0,14.0,0.0,Properly Improper
Pouches,Drugs Clear Black Nylon Pouch Chenille Letters,False,p_wx9yxtktfx,FOR_SALE,28.0,14.0,0.0,Properly Improper
Pouches,Weed Smile Smiley Face Clear Pouch Chenille Patch Letters,False,p_5u732d4k9g,FOR_SALE,28.0,14.0,0.0,Properly Improper
Pouches,Don't Let the Bad Days Make You Think... A Bad Life. Pouch,False,p_ddz6et7xnn,FOR_SALE,14.0,7.0,40.0,Properly Improper
Pouches,We Must Learn Who Is Gold... Plated. Pouch,False,p_dh2tuskj7y,FOR_SALE,14.0,7.0,40.0,Properly Improper
Pouches,Pretty Bitch Club,False,p_d8wp274xn4,FOR_SALE,14.0,7.0,40.0,Properly Improper
Pouches,Train Your Mind To See the Good in Every Situation. Pouch,False,p_y379eb6r8q,FOR_SALE,14.0,7.0,40.0,Properly Improper
Pouches,When You Can't Find the Sunshine Be the Sunshine Pouch,False,p_fnypg8e8vk,FOR_SALE,14.0,7.0,40.0,Properly Improper
Pouches,Pretty Girl Essentials Canvas Pouch,False,p_keb6xauaa7,FOR_SALE,14.0,7.0,0.0,Properly Improper
Pouches,Small Changes Eventually Add Up To Huge Results. Pouch,False,p_xrmaxx762u,FOR_SALE,14.0,7.0,40.0,Properly Improper
Pouches,When in Doubt Choose Change Snap Top Coin Pouch,False,p_w64mn4yhhx,FOR_SALE,12.0,6.0,0.0,Properly Improper
Pouches,Retail Therapy Coin Snap Top Pouch,False,p_ba22m8rh8w,FOR_SALE,12.0,6.0,0.0,Properly Improper
Pouches,Retirement Coin Snap Top Pouch,False,p_4zj27sa85t,FOR_SALE,12.0,6.0,0.0,Properly Improper
Pouches,Change Matters Coin Snap Top Pouch,False,p_s9gmp99wd7,FOR_SALE,12.0,6.0,0.0,Properly Improper
Pouches,Little Miss Broke Bitch Change Purse,False,p_jbry2kpnhf,FOR_SALE,12.0,6.0,0.0,Properly Improper
Pouches,Pov You're Broke Coin Snap Top Pouch,False,p_9t47u7e6rt,FOR_SALE,12.0,6.0,0.0,Properly Improper
Pouches,Ray of Fucking Sunshine Smiley Face Canvas Pouch,False,p_xjffbxn8tb,FOR_SALE,14.0,7.0,0.0,Properly Improper
Pouches,I Am A Fucking Ray of Sunshine Pink Canvas Pouch,False,p_kx3a7vzj36,FOR_SALE,14.0,7.0,0.0,Properly Improper
Pouches,Mushroom Mystical Bitch Canvas Pouch,False,p_s6pmwc3bn6,FOR_SALE,14.0,7.0,0.0,Properly Improper
Pouches,Best Mama Ever Canvas Pouch,False,p_np5dsqyg2j,FOR_SALE,14.0,7.0,0.0,Properly Improper
Journal & Diary,Fool Me Once Pocket Journal,False,p_ge3vfkb6xe,FOR_SALE,12.0,6.0,0.0,Properly Improper
Journal & Diary,Girl Math Pocket Journal,False,p_wfhk5x8u67,FOR_SALE,12.0,6.0,0.0,Properly Improper
Journal & Diary,Things I Can't Say Out Loud Orange Pocket Journal,False,p_p2sz5mxrcy,FOR_SALE,12.0,6.0,0.0,Properly Improper
Journal & Diary,Don't Make Mommy Be A Bitch  Pocket Journal,False,p_w3pwpzaqfm,FOR_SALE,12.0,6.0,0.0,Properly Improper
Journal & Diary,Happy Fucking Birthday Pocket Journal,False,p_3vbshdjp3f,FOR_SALE,12.0,6.0,0.0,Properly Improper
Journal & Diary,Get Shit Done Pocket Journal,False,p_qq3nry23ya,FOR_SALE,12.0,6.0,0.0,Properly Improper
Journal & Diary,Smile Bitch You're Beautiful Pocket Journal,False,p_jd8bdq64xk,FOR_SALE,12.0,6.0,0.0,Properly Improper
Journal & Diary,You Make the World A Better Place Pink Floral Pocket Journal,False,p_nb5gzpjw2d,FOR_SALE,12.0,6.0,0.0,Properly Improper
Journal & Diary,Fresh Out of Fucks Pocket Journal,False,p_rwer59rvec,FOR_SALE,12.0,6.0,0.0,Properly Improper
Journal & Diary,People I Want To Punch in the Face Pocket Journal,False,p_64t57wmb2u,FOR_SALE,12.0,6.0,0.0,Properly Improper
Journal & Diary,Chase Your Goals Not People Pocket Journal,False,p_56fvxcbk9k,FOR_SALE,12.0,6.0,0.0,Properly Improper
Journal & Diary,Sometimes Good Moms Say Bad Words Floral Pocket Journal,False,p_ycmw3rfvy5,FOR_SALE,12.0,6.0,0.0,Properly Improper
Journal & Diary,New Plan Fuck It Pocket Journal,False,p_rb5u6hmszm,FOR_SALE,12.0,6.0,0.0,Properly Improper
Journal & Diary,Let's Drink and Talk Shit Pocket Journal,False,p_qxmsm9a3ry,FOR_SALE,12.0,6.0,0.0,Properly Improper
Journal & Diary,The Book Is Always Better Pocket Journal,False,p_umqjyfbzuh,FOR_SALE,12.0,6.0,0.0,Properly Improper
Journal & Diary,Sometimes Good Moms Say Bad Words Pocket Journal,False,p_qjtc6weu7s,FOR_SALE,12.0,6.0,0.0,Properly Improper
Journal & Diary,Beautiful Bitch - Floral Printed Leatherette Pocket Journal,False,p_n9zvb9pave,FOR_SALE,12.0,6.0,0.0,Properly Improper
Journal & Diary,Queen of Fucking Everything - Leatherette Pocket Journal,False,p_x2gsst9j6w,FOR_SALE,12.0,6.0,0.0,Properly Improper
Journal & Diary,Ray of Fucking Sunshine + Smileys Leatherette Pocket Journal,False,p_p458r3hjqw,FOR_SALE,12.0,6.0,0.0,Properly Improper
Journal & Diary,Oh Shit I'm All Out of Fucks Leatherette Pocket Journal,False,p_h3jmbqffp3,FOR_SALE,12.0,6.0,0.0,Properly Improper
Journal & Diary,Creative Little Fucker - Leatherette Pocket Journal,False,p_vj8ubnz85d,FOR_SALE,12.0,6.0,0.0,Properly Improper
Journal & Diary,Love Bus - Leatherette Pocket Journal,False,p_hzdusyvtxb,FOR_SALE,12.0,6.0,0.0,Properly Improper
Journal & Diary,I Don't Have Time For Bullshit - Leatherette Pocket Journal,False,p_erwpnrj3we,FOR_SALE,12.0,6.0,0.0,Properly Improper
Journal & Diary,Shit I Don't Want To Forget - Leatherette Pocket Journal,False,p_v7unpg8p9e,FOR_SALE,12.0,6.0,0.0,Properly Improper
Journal & Diary,Pretty Bitch - Leatherette Pocket Journal,False,p_zm5rah6eeg,FOR_SALE,12.0,6.0,0.0,Properly Improper
Journal & Diary,Bitches Get Shit Done Pocket Journal,False,p_k2mrkyxgvn,FOR_SALE,12.0,6.0,0.0,Properly Improper
Journal & Diary,You Make the World A Better Place Pocket Journal,False,p_meanejaasn,FOR_SALE,12.0,6.0,0.0,Properly Improper
Journal & Diary,Too Much Shit To Do Pocket Journal,False,p_je843twu7j,FOR_SALE,12.0,6.0,0.0,Properly Improper
Journal & Diary,Old Me Vs New Me Leatherette Pocket Journal,False,p_dr8xc9k8fr,FOR_SALE,12.0,6.0,0.0,Properly Improper
Journal & Diary,Smile Face Mushroom Rainbow Ying-Yang Flower Pocket Journal,False,p_dgv2upr78b,FOR_SALE,12.0,6.0,0.0,Properly Improper
Journal & Diary,Dog Bone and Dog Paw Design Leatherette Pocket Journal,False,p_rh9j72z74c,FOR_SALE,12.0,6.0,0.0,Properly Improper
Journal & Diary,Chill the Fuck Out Leatherette Pocket Journal,False,p_dy2gzrfr3a,FOR_SALE,12.0,6.0,0.0,Properly Improper
Journal & Diary,Sometimes You Win Sometimes You Learn Pocket Journal,False,p_trmjdx9rt3,FOR_SALE,12.0,6.0,0.0,Properly Improper
Journal & Diary,Grow Through What You Go Through Leatherette Pocket Journal,False,p_hhkzgwe6hy,FOR_SALE,12.0,6.0,0.0,Properly Improper
Journal & Diary,People I Want To Punch in the Face Leatherette Journal,False,p_2sxcc7t6wc,FOR_SALE,12.0,6.0,0.0,Properly Improper
Journal & Diary,I Know I'm Running Fucking Late Pocket Journal,False,p_gmtnzfee4n,FOR_SALE,12.0,6.0,0.0,Properly Improper
Journal & Diary,Fuck Off I’M Dreaming Leatherette Pocket Journal,False,p_7p92gsbbvh,FOR_SALE,12.0,6.0,0.0,Properly Improper
Journal & Diary,Go the Fuck Away Leatherette Pocket Journal,False,p_2dpz4def9f,FOR_SALE,12.0,6.0,0.0,Properly Improper
Journal & Diary,Baddest Bitch Club Leatherette Pocket Journal,False,p_htbknuqvd6,FOR_SALE,12.0,6.0,0.0,Properly Improper
Journal & Diary,Make Today Your Bitch Leatherette Pocket Journal,False,p_efm2s83nav,FOR_SALE,12.0,6.0,0.0,Properly Improper
Journal & Diary,The Shit List - Leatherette Pocket Journal,False,p_3xjuwnm23f,FOR_SALE,12.0,6.0,0.0,Properly Improper
Journal & Diary,You’Re Doing Great Babe Leatherette Pocket Journal,False,p_xmqgkhsaqt,FOR_SALE,12.0,6.0,0.0,Properly Improper
Journal & Diary,The Naughty Little Notebook Red Leatherette Pocket Journal,False,p_9kvqq4jdac,FOR_SALE,12.0,6.0,0.0,Properly Improper
Journal & Diary,Organized As Fuck Leatherette Pocket Journal,False,p_jvpw8k7djv,FOR_SALE,12.0,6.0,0.0,Properly Improper
Journal & Diary,Fresh Out of Fucks Leatherette Pocket Journal,False,p_6r7ycuya7a,FOR_SALE,12.0,6.0,0.0,Properly Improper
Journal & Diary,Oh Shit! I’M All Out of Fucks - Vegan Leather Journal A5,False,p_5pm2r6rvcs,FOR_SALE,17.0,8.5,0.0,Properly Improper
Journal & Diary,New Plan Fuck It Leatherette Pocket Journal,False,p_2wfdcshzny,FOR_SALE,12.0,6.0,0.0,Properly Improper
Journal & Diary,A Bunch of Random Crap - Vegan Leather Journal A5,False,p_u7km2qayxu,FOR_SALE,17.0,8.5,0.0,Properly Improper
Journal & Diary,Creative Little Fucker - Vegan Leather Journal A5,False,p_vkbkwuh9by,FOR_SALE,17.0,8.5,0.0,Properly Improper
Journal & Diary,Don’T Be A Dick - Strawberry Vegan Leather Journal A5,False,p_j495v4s3aw,FOR_SALE,17.0,8.5,0.0,Properly Improper
Journal & Diary,Beautiful Bitch -  Floral Vegan Leather Journal A5,False,p_8meacf6v4d,FOR_SALE,17.0,8.5,0.0,Properly Improper
Journal & Diary,Little Miss Keeps A Secret Shit List A5 Journal,False,p_84ydkwk7uu,FOR_SALE,17.0,8.5,40.0,Properly Improper
Journal & Diary,Little Miss Hates Writing/Loves Drawing A5 Leather Journal,False,p_8f5dcxskn9,FOR_SALE,17.0,8.5,40.0,Properly Improper
Journal & Diary,Don't Make Mommy Be A Bitch Leatherette Pocket Journal,False,p_t7wsapyu3b,FOR_SALE,12.0,6.0,0.0,Properly Improper
Journal & Diary,Fuck It All Leatherette Pocket Journal,False,p_bsv7dfre3g,FOR_SALE,12.0,6.0,0.0,Properly Improper
Journal & Diary,Salty Bitch Leatherette Pocket Journal,False,p_5xgnnq277z,FOR_SALE,12.0,6.0,0.0,Properly Improper
Journal & Diary,It's A Good Day... Leatherette Pocket Journal,False,p_dvmt2qxz8w,FOR_SALE,12.0,6.0,0.0,Properly Improper
Journal & Diary,Just Be Fucking Kind Today Leatherette Pocket Journal,False,p_n27zxwmpka,FOR_SALE,12.0,6.0,0.0,Properly Improper
Journal & Diary,Oops - Tell Me All Your Dirty Little Secretes Pocket Journal,False,p_uup9se82xz,FOR_SALE,12.0,1.2,0.0,Properly Improper
Keychains,Fuck It Stage of Life Key Chain,True,p_waeu7qd95d,FOR_SALE,6.0,3.5,0.0,Properly Improper
Keychains,Girl Math Is Always the Answer Key Chain,True,p_vm9hg4tf5z,FOR_SALE,6.0,3.5,0.0,Properly Improper
Keychains,Get Shit Done Key Chain,True,p_jhgcu3qtgu,FOR_SALE,6.0,3.5,0.0,Properly Improper
Keychains,I Am A Badass Key Chain,True,p_zvepwxgteb,FOR_SALE,12.0,6.0,0.0,Properly Improper
Keychains,Girl Math Is Always the Answer Hot Pink Key Chain,True,p_5pdzvfx2yj,FOR_SALE,12.0,6.0,0.0,Properly Improper
Keychains,Pickleball Princess Key Chain,True,p_z59s8ka2am,FOR_SALE,12.0,6.0,0.0,Properly Improper
Keychains,Sometimes Good Moms Say Bad Words Floral Key Chain,True,p_kdxjkj74g5,FOR_SALE,12.0,6.0,0.0,Properly Improper
Keychains,Beautiful Bitch - Floral Key Chain,False,p_4qssxnjgqb,FOR_SALE,12.0,6.0,0.0,Properly Improper
Keychains,Don't Be A Dick - Strawberry & Daisy - Key Chain,False,p_h9ev4fkx6n,FOR_SALE,12.0,6.0,0.0,Properly Improper
Keychains,Where Are My Fucking Keys - Pink Flower Key Chain,False,p_bhh4yq8axv,FOR_SALE,12.0,6.0,0.0,Properly Improper
Keychains,Bitch Take Me Home Key Chain,False,p_kz7x4x37k5,FOR_SALE,7.0,3.5,0.0,Properly Improper
Keychains,Where Are My Fucking Keys Key Chain,False,p_s6ytt3zpaz,FOR_SALE,7.0,3.5,0.0,Properly Improper
Keychains,I Wish I Could But I Don't Care Key Chain,False,p_t5bpvuf52c,FOR_SALE,7.0,3.5,0.0,Properly Improper
Keychains,Queen of Fucking Everything Key Chain,False,p_8zegeg5b6n,FOR_SALE,7.0,3.5,0.0,Properly Improper
Keychains,Baddest Bitch Club - Key Chain,False,p_j8fkfv8u6w,FOR_SALE,7.0,3.5,0.0,Properly Improper
Keychains,California Is For Dreamers - Key Chain,False,p_smqtw7gqud,FOR_SALE,6.0,3.0,0.0,Properly Improper
Keychains,Grow Bitch We Are Too Old For This Shit - Key Chain,False,p_hqd8aggwey,FOR_SALE,6.0,3.0,0.0,Properly Improper
Keychains,Sometimes Good Moms Say Bad Words - Key Chain,False,p_h5fsjdamwf,FOR_SALE,7.0,3.5,0.0,Properly Improper
Keychains,It's A Good Day To Have A Good Day Key Chain,False,p_4x823r2qns,FOR_SALE,12.0,6.0,0.0,Properly Improper
Keychains,Ray of Fucking Sunshine w/ Smiley Faces Key Chain,False,p_2gg5fdej68,FOR_SALE,12.0,6.0,0.0,Properly Improper
Keychains,Don't Make Mommy Be A Bitch Key Chain,False,p_s8ja9t3aru,FOR_SALE,12.0,6.0,0.0,Properly Improper
Keychains,Best Bitches Key Chain,False,p_4jyph5ggej,FOR_SALE,12.0,6.0,0.0,Properly Improper
Keychains,Fuck It All Key Chain,False,p_58b4z5tpwn,FOR_SALE,12.0,6.0,0.0,Properly Improper
Keychains,It's A Good Day Key Chain,False,p_39cm4eq9y5,FOR_SALE,7.0,3.5,0.0,Properly Improper
Keychains,I Need A Soy Mocha Vodka Xanax Latte To Go Plz - Key Chain,False,p_cnrd2cpy3j,FOR_SALE,7.0,3.5,0.0,Properly Improper
Keychains,I Am A Ray of Fucking Sunshine Key Chain,False,p_qwe79xqauf,FOR_SALE,7.0,3.5,0.0,Properly Improper
Keychains,Bitch Don’T Lose Me - Key Chain,False,p_txaudxtmak,FOR_SALE,7.0,3.5,0.0,Properly Improper
Keychains,I Know I'm Running Fucking Late Key Chain,False,p_z5uea5cp7a,FOR_SALE,7.0,3.5,0.0,Properly Improper
Jewelry Dish,Oh Shit! I'm All Out of Fucks Trinket Tray,False,p_fr4wd4nhjk,FOR_SALE,14.95,6.5,0.0,Properly Improper
Jewelry Dish,Love- Large Rectangle Trinket Tray,True,p_6eb7jyxscg,FOR_SALE,16.0,8.0,0.0,Properly Improper
Jewelry Dish,What the Actual Fuck Square Trinket Tray,False,p_eq99d25can,FOR_SALE,14.95,6.5,0.0,Properly Improper
Jewelry Dish,Pill Bottle & Pills Trinket Tray,False,p_k5rvchzgf4,FOR_SALE,14.95,6.5,0.0,Properly Improper
Jewelry Dish,Just in Case No One Told You... Nice Butt Trinket Dish,False,p_9xfgcwbqaq,FOR_SALE,13.0,6.5,0.0,Properly Improper
Jewelry Dish,Shit I Don't Want To Lose Trinket Tray,False,p_9caukbgjn8,FOR_SALE,14.95,6.5,0.0,Properly Improper
Jewelry Dish,I Wish I Could But I Don't Care Trinket Tray,False,p_bsk4pprfxv,FOR_SALE,14.95,6.5,0.0,Properly Improper
Jewelry Dish,Bitch I'm from California Trinket Tray,False,p_thdndvjjnq,FOR_SALE,14.95,6.5,0.0,Properly Improper
Jewelry Dish,I Am A Ray of Fucking Sunshine Square Trinket Tray,False,p_8u78vksm78,FOR_SALE,14.95,6.5,0.0,Properly Improper
Jewelry Dish,Beautiful Bitch Trinket Tray,False,p_gbetu7qpq4,FOR_SALE,14.95,6.5,0.0,Properly Improper
Jewelry Dish,Don't Be A Dick Trinket Tray,False,p_xjjzyvffxp,FOR_SALE,14.95,6.5,0.0,Properly Improper
Jewelry Dish,Sometimes You Win Sometimes You Learn- Heart Trinket Tray,True,p_3sgs6g7u88,FOR_SALE,14.0,7.0,30.0,Properly Improper
Jewelry Dish,She Overcame Meant To Destroy Her - Scalloped Jewelry Dish,False,p_u8uh4f4kbp,FOR_SALE,14.0,7.0,40.0,Properly Improper
Jewelry Dish,You Are So Loved Darling - Scalloped Jewelry Dish,False,p_r2gxmwqwjg,FOR_SALE,14.0,7.0,40.0,Properly Improper
Jewelry Dish,Just Be Fucking Kind Today Trinket Tray,False,p_e5t6x9dcc9,FOR_SALE,13.0,6.5,0.0,Properly Improper
Jewelry Dish,Love More Worry Less Trinket Tray,False,p_wxaznae5bg,FOR_SALE,13.0,6.5,0.0,Properly Improper
Jewelry Dish,Sometimes You Win Sometimes You Learn - Round Trinket Tray,False,p_j3vrjfvzh5,FOR_SALE,13.0,6.5,0.0,Properly Improper
Jewelry Dish,Y'all Don't Fuck with Me - Round Trinket Tray,False,p_6av6e9s9ux,FOR_SALE,13.0,6.5,0.0,Properly Improper
Jewelry Dish,Santa Doesn’T Believe in You Either Jewelry Trinket Tray,False,p_2pzww6a9tx,FOR_SALE,13.0,6.5,0.0,Properly Improper
Jewelry Dish,Grow Through What You Go Through Scalloped Trinket Tray,False,p_jyqfz8sket,FOR_SALE,14.0,7.0,40.0,Properly Improper
Jewelry Dish,You Are Loved - Heart Shaped Trinket Bowl,False,p_5c29y38hfe,FOR_SALE,8.0,4.0,0.0,Properly Improper
Jewelry Dish,Cowgirl Boot & Hat Round Trinket Tray,False,p_hkd972663z,FOR_SALE,13.0,6.5,0.0,Properly Improper
Jewelry Dish,It's A Good Day - Square Trinket Tray,False,p_7muqku88nb,FOR_SALE,13.0,6.5,0.0,Properly Improper
Coffee Mugs,Boob Mug (4 Color Options),False,p_btcvuhhyg8,FOR_SALE,17.0,8.5,0.0,Properly Improper
Coffee Mugs,Butt Mug / Body Mug (4 Different Color Options),False,p_xw5e694nxk,FOR_SALE,17.0,8.5,0.0,Properly Improper
Coffee Mugs,I Am A Ray of Fucking Sunshine - Ceramic Cappuccino Mug,False,p_nphz2s2wd9,FOR_SALE,13.0,6.5,0.0,Properly Improper
Coffee Mugs,Queen of Fucking Everything - Ceramic Cappuccino Mug,False,p_ns8jeu8hkc,FOR_SALE,13.0,6.5,0.0,Properly Improper
Coffee Mugs,She Overcame Everything Meant To Destroy Her- Cappuccino Mug,False,p_hhtuhhjggy,FOR_SALE,13.0,6.5,0.0,Properly Improper
Coffee Mugs,Get Shit Done - Organic Ceramic Mug with Bamboo Handle,False,p_xq7duagkky,FOR_SALE,16.0,8.0,0.0,Properly Improper
Coffee Mugs,Sometimes Good Moms Say Bad Words - Pink Cappuccino Mug,False,p_gg5g39fwfh,FOR_SALE,13.0,6.5,0.0,Properly Improper
Coffee Mugs,The Og Shit Show - Mug,False,p_6zt2tz4egb,FOR_SALE,13.5,6.75,40.0,Properly Improper
Coffee Mugs,Grow Bitch We Are Too Old For This Shit Mug,False,p_fnfs7pg9we,FOR_SALE,13.5,6.75,40.0,Properly Improper
Coffee Mugs,Sometimes Good Moms Say Bad Words - Black Mug,False,p_bbqjwhcreh,FOR_SALE,13.5,6.75,0.0,Properly Improper
Coffee Mugs,Cowgirl Boot & Hat - Mug,False,p_7vhxp7y69u,FOR_SALE,13.5,6.75,0.0,Properly Improper
Coffee Mugs,Chill the Fuck Out - Mug,False,p_dva3eugk8b,FOR_SALE,13.5,6.75,40.0,Properly Improper
Coffee Mugs,You Only Fail When You Stop Trying Pink Ball Mug Beaded,False,p_sm4a58qmtv,FOR_SALE,18.0,9.0,40.0,Properly Improper
Coffee Mugs,Bitch I’M from California Happy Face Sun Mug Yellow,False,p_mc9zwrdj8w,FOR_SALE,15.0,7.5,0.0,Properly Improper
Coffee Mugs,Got Milk? Glass Milk Carton,False,p_5qbx6put3c,FOR_SALE,15.0,7.5,40.0,Properly Improper
Tote Bag,I Need A Mocha Xanax Latte To Go Please - Canvas Tote Bag,False,p_4g985q2zcw,FOR_SALE,17.0,8.5,0.0,Properly Improper
Tote Bag,You Are A Fucking Gem - Canvas Tote Bag,False,p_f2qdz639k3,FOR_SALE,17.0,8.5,0.0,Properly Improper
Tote Bag,You Don't Have To Like Me. Not Everyone Has Good Taste -Tote,False,p_etxd8kyhkh,FOR_SALE,17.0,8.5,0.0,Properly Improper
Tote Bag,You Make the World A Better Place - Canvas Tote Bag,False,p_rmv4whq5he,FOR_SALE,17.0,8.5,0.0,Properly Improper
Tote Bag,Grow Through What You Go Through - Canvas Tote Bag,False,p_tvfmcc6dqv,FOR_SALE,17.0,8.5,0.0,Properly Improper
Tote Bag,This Bag Is the Only Thing Holding My Shit Together Tote Bag,False,p_5v23rh38eq,FOR_SALE,30.0,15.0,0.0,Properly Improper
Tote Bag,She Overcame Everything Meant To Destroy Her- Tote Bag,False,p_j3akku5w7u,FOR_SALE,30.0,15.0,40.0,Properly Improper
Tote Bag,Be Kind To Yourself - Tote Bag - Large Shopper Canvas,False,p_zbvbzy4jc8,FOR_SALE,30.0,15.0,40.0,Properly Improper
Tote Bag,Fancy Shit Inside Large Canvas Tote Bag,False,p_uk68d8k8et,FOR_SALE,30.0,15.0,40.0,Properly Improper
Tote Bag,My Big Bag of Random Shit Large Canvas Tote Bag,False,p_vswf774s2z,FOR_SALE,30.0,15.0,40.0,Properly Improper
Tote Bag,A Bunch of Random Crap - Pink Flower Reusable Nylon Tote Bag,False,p_87swakkuyp,FOR_SALE,12.0,6.0,0.0,Properly Improper
Tote Bag,Beautiful Bitch - Floral Reusable Nylon Tote Bag,False,p_fcagqunjw6,FOR_SALE,12.0,6.0,0.0,Properly Improper
Tote Bag,Reusable Nylon Tote Bag,False,p_qg8x72myhf,FOR_SALE,12.0,6.0,40.0,Properly Improper
Tote Bag,Fuck This Shit Black Canvas Tote,False,p_apz2wa9q7h,FOR_SALE,15.0,7.5,0.0,Properly Improper
Tote Bag,California Is For Dreamers Shopping Tote,False,p_v4a9pnafm7,FOR_SALE,24.0,12.0,40.0,Properly Improper
Pencil Case & Pouch,Sometimes Good Moms Say Bad Words - Canvas Pouch,False,p_su4kjegc2z,FOR_SALE,14.0,7.0,0.0,Properly Improper
Pencil Case & Pouch,Organized As Fuck Canvas Pouch,False,p_yntfyp3rrg,FOR_SALE,14.0,7.0,0.0,Properly Improper
Pencil Case & Pouch,"Keep Rolling Your Eyes, Find A Brain Back There Canvas Pouch",False,p_zku2feyvck,FOR_SALE,14.0,7.0,40.0,Properly Improper
Pencil Case & Pouch,Fuck Definition Canvas Pouch,False,p_p8z4zky3sq,FOR_SALE,14.0,7.0,0.0,Properly Improper
Pencil Case & Pouch,Pickleball Princess Canvas Pouch,True,p_haz7mvsux2,FOR_SALE,14.0,7.0,0.0,Properly Improper
Pencil Case & Pouch,Santa Doesn't Believe in You Either Canvas Pouch,False,p_aueqemqvv9,FOR_SALE,14.0,7.0,0.0,Properly Improper
Pencil Case & Pouch,Jolly As Fuck Canvas Pouch,False,p_cyxsvy4e47,FOR_SALE,14.0,7.0,0.0,Properly Improper
Pencil Case & Pouch,Fuck w/ Smile Face Chenille Patches Pouch,False,p_gd36y3gv2t,FOR_SALE,25.0,12.5,0.0,Properly Improper
Pencil Case & Pouch,Ca w/ Chenille Patches Pouch,False,p_d2aadppyec,FOR_SALE,18.0,9.0,0.0,Properly Improper
Pencil Case & Pouch,Sign Language (Asl) Fuck You Pouch,False,p_pbpwzpzg88,FOR_SALE,14.0,7.0,0.0,Properly Improper
Coasters,Don't Fuck Up the Table - Cork Coaster,False,p_cqukca2jwx,FOR_SALE,3.0,1.5,0.0,Properly Improper
Coasters,Use A Coaster This Isn't from Ikea - Cork Coaster,False,p_s7nme67ty3,FOR_SALE,3.0,1.5,0.0,Properly Improper
Coasters,Let's Drink and Talk Shit - Cork Coaster,False,p_avm6wyn6kf,FOR_SALE,3.0,1.5,0.0,Properly Improper
Coasters,Shit Could Be Worse Alcohol Always Makes It Better Coaster,True,p_dhm3jkaj56,FOR_SALE,3.0,1.5,0.0,Properly Improper
Coasters,At Least Bring Tequila Coaster,True,p_w2pjmc8hn3,FOR_SALE,3.0,1.5,0.0,Properly Improper
Coasters,It's A Good Day To Have A Good Day Coaster,True,p_gmfabwbfmr,FOR_SALE,3.0,1.5,0.0,Properly Improper
Insulated Mugs & Tumblers,Fuck You Very Much Stainless-Steel Tumbler,False,p_5rcrh5u7w7,FOR_SALE,19.5,9.75,40.0,Properly Improper
Insulated Mugs & Tumblers,Asl Bitch Stainless Steel Wine Tumbler,False,p_p3ce83fkvk,FOR_SALE,19.5,9.75,40.0,Properly Improper
Insulated Mugs & Tumblers,Fuck You Sign Language Stainless Steel Travel Wine Tumbler,False,p_7db9bd68cg,FOR_SALE,19.5,9.75,40.0,Properly Improper
Insulated Mugs & Tumblers,Anti-Bitch Serum Stainless Steel Travel Wine Tumbler,False,p_h57khwyjdx,FOR_SALE,19.5,9.75,40.0,Properly Improper
Insulated Mugs & Tumblers,Parenting Is F**King Hard Stainless-Steel Tumbler,False,p_nvx2ggea5h,FOR_SALE,19.5,9.75,40.0,Properly Improper
Insulated Mugs & Tumblers,Keep Your Friends Close Stainless Steel Wine Tumbler,False,p_gy6x2njw94,FOR_SALE,19.5,9.75,0.0,Properly Improper
Bath Salts,Reduced Exhale the Bullshit - Rose & Marigold Bath Salts,False,p_jrk7gb3cqt,FOR_SALE,10.0,5.0,0.0,Properly Improper
Bath Salts,Relax Bitch Relax - Lavender & Mint Bath Salts,False,p_kvjjmmszkr,FOR_SALE,16.0,8.0,0.0,Properly Improper
Bath Salts,Exhale the Bullshit - Eucalyptus & Sea Salt Bath Salts,False,p_dtrbcpk878,FOR_SALE,16.0,8.0,0.0,Properly Improper
Socks,You Make the World A Better Place - Socks w/ A Flower Design,False,p_x78rtachfm,FOR_SALE,13.0,6.5,40.0,Properly Improper
Socks,You Are A Fucking Gem -  Socks w/ A Gem Heart Design,False,p_68xejv3g3b,FOR_SALE,13.0,6.5,40.0,Properly Improper
Socks,Be Kind To Yourself -  Socks w/ A Happy Flower Print,False,p_ens9pgcnmr,FOR_SALE,13.0,6.5,40.0,Properly Improper
Sticker,Coffee Please Bitch Sticker,False,p_ah79mefzhe,FOR_SALE,4.0,1.5,0.0,Properly Improper
Sticker,Asl Fuck You Sign Language Sticker,False,p_a4uqxp6ydm,FOR_SALE,4.0,1.5,0.0,Properly Improper
Sticker,Save the Fucking Bees Sticker,False,p_ssbywu8wd7,FOR_SALE,4.0,1.5,0.0,Properly Improper
Charm & Dangle Bracelets,Wishing Bracelet - Assorted,False,p_7mjum6bphd,FOR_SALE,7.0,3.0,0.0,Properly Improper
Charm & Dangle Bracelets,Wishing Bracelet with Charm,False,p_4zdaapn8fh,FOR_SALE,6.0,3.0,40.0,Properly Improper
Notebook,My Fucking Notebook Leatherette Pocket Journal,False,p_j6kxd9p3rv,FOR_SALE,12.0,6.0,0.0,Properly Improper
Notebook,Fucking Brilliant - Vegan Suede Journal A5,False,p_t3yz2ykrcj,FOR_SALE,16.0,8.0,40.0,Properly Improper
Water Bottle,Reduced - I Fucking Love California Water Bottle,False,p_3kdjfgzn2s,FOR_SALE,32.0,12.0,0.0,Properly Improper
Water Bottle,Reduced - California Is For Dreamers Bottles,False,p_y3aezakemr,FOR_SALE,32.0,12.0,0.0,Properly Improper
Woven & Braided Bracelets,Your Good Luck Bracelet Gold Balls Black Woven Bracelet,False,p_gyk997zc29,FOR_SALE,5.0,2.5,0.0,Properly Improper
Woven & Braided Bracelets,Your Good Luck Bracelet Gold Balls Red Woven Bracelet,False,p_uaqfsdc99g,FOR_SALE,5.0,2.5,0.0,Properly Improper
Beaded Bracelets,Gold Filled Ball Beaded Message Bracelets,False,p_2y4s73bg3k,FOR_SALE,18.0,9.0,0.0,Properly Improper
Card Holders,Cowgirl Shaped Boot - Coin Card Holder Pouch,False,p_yjjbpx6n4e,FOR_SALE,12.0,6.0,0.0,Properly Improper
Cocktail & Liquor Glass,Some Things Are Better Rich Glass Clear Glass,False,p_udd66ug8dw,FOR_SALE,16.0,8.0,0.0,Properly Improper
Coin Purse,(Assorted) Balloon Animal Coin Pouch,False,p_ru5rjy8px3,FOR_SALE,14.0,7.0,0.0,Properly Improper
Decorative Tray,You Make the World A Better Place Trinket Tray,False,p_5kjsjasfh5,FOR_SALE,13.0,6.5,0.0,Properly Improper
Grocery & Shopping Bag,Don’T Be A Dick - Strawberry & Daisy Reusable Nylon Tote Bag,False,p_nbabusnz57,FOR_SALE,12.0,6.0,0.0,Properly Improper
Hair Ties,Badass Elastic Hair - Ties,False,p_qqjyrsmmaf,FOR_SALE,5.0,2.5,0.0,Properly Improper
Makeup Bag,Smiley & Pill Black Pouch w/ Chenille Patches,False,p_844bu5vpyk,FOR_SALE,18.0,9.0,0.0,Properly Improper
Sticky Notes,Write That Shit Down Pallet Sticky Notes,False,p_5pz7dbqrka,FOR_SALE,14.0,7.0,0.0,Properly Improper
Appliques & Patches,Patches - Iron On Patches - Embroidered Patches - Kindness I,False,p_ef4ww5szr7,FOR_SALE,6.0,3.0,0.0,Kindness is Magic
Appliques & Patches,Love 70s Retro Heart Patch,False,p_46yt68jn58,FOR_SALE,6.0,3.0,0.0,Kindness is Magic
Appliques & Patches,You Are Exactly Where You Need To Be Patch,False,p_q337p5ayxs,FOR_SALE,8.0,4.0,0.0,Kindness is Magic
Appliques & Patches,Floral Peace Sign Patch,False,p_3x3syh4twg,FOR_SALE,6.5,3.25,0.0,Kindness is Magic
Appliques & Patches,Smiley Chenille Patch,False,p_czxves75bh,FOR_SALE,6.0,3.0,0.0,Kindness is Magic
Appliques & Patches,Free Spirit Butterfly Patch,False,p_h8zekxhda3,FOR_SALE,6.0,3.0,0.0,Kindness is Magic
Appliques & Patches,Yin Yang Butterfly Patch,False,p_qcgz5fsqhh,FOR_SALE,6.0,3.0,0.0,Kindness is Magic
Appliques & Patches,Sun Patch,False,p_7hx3a92wt7,FOR_SALE,6.0,3.0,0.0,Kindness is Magic
Appliques & Patches,Kindness is Magic Patch,False,p_uwfpvfagah,FOR_SALE,6.0,3.0,0.0,Kindness is Magic
Appliques & Patches,Enjoy the Little Things Patch,False,p_rg68rfct4e,FOR_SALE,8.0,4.0,0.0,Kindness is Magic
Appliques & Patches,Yin Yang Tie Dye Patch,False,p_6xunvaemav,FOR_SALE,6.5,3.25,0.0,Kindness is Magic
Appliques & Patches,Hamsa Patch,False,p_7s792wepb5,FOR_SALE,6.0,3.0,0.0,Kindness is Magic
Appliques & Patches,Kindness is Magic Rainbow Patch,False,p_wbpvdqxsbz,FOR_SALE,6.0,3.0,0.0,Kindness is Magic
Appliques & Patches,Ghost Patch,False,p_u2ex3xerfc,FOR_SALE,6.0,3.0,0.0,Kindness is Magic
Appliques & Patches,Grow Together Mushroom Patch,False,p_jt9jqaq7r9,FOR_SALE,8.0,4.0,0.0,Kindness is Magic
Appliques & Patches,Hang in There Kitten Patch,False,p_7rewfedfqp,FOR_SALE,6.0,3.0,0.0,Kindness is Magic
Appliques & Patches,Kindness is Magic Sunshine Patch,False,p_93duzhyw4t,FOR_SALE,6.0,3.0,0.0,Kindness is Magic
Appliques & Patches,Strong Yet Gentle Dinosaur Patch,False,p_2at5njhneh,FOR_SALE,6.0,3.0,0.0,Kindness is Magic
Appliques & Patches,Good Things Take Time Snail Patch,False,p_vha6tdaayj,FOR_SALE,6.0,3.0,0.0,Kindness is Magic
Appliques & Patches,Ghost Patch,False,p_mtxkztr2ps,FOR_SALE,6.0,3.0,0.0,Kindness is Magic
Lapel Pins & Buttons,Positivity Button Pins,False,p_a5wr2q6x83,FOR_SALE,2.0,1.0,0.0,Kindness is Magic
Lapel Pins & Buttons,Friends Forever Frog Pins S/2,False,p_v6gntk86fp,FOR_SALE,15.0,7.5,0.0,Kindness is Magic
Lapel Pins & Buttons,Be Kind Smiley Pin,False,p_mapgy52pwe,FOR_SALE,10.0,5.0,0.0,Kindness is Magic
Lapel Pins & Buttons,Smiley Enamel Pin,False,p_f5yh5nswut,FOR_SALE,10.0,5.0,0.0,Kindness is Magic
Lapel Pins & Buttons,Grow Your Own Way Cactus Enamel Pin,False,p_r3besjfuug,FOR_SALE,10.0,5.0,0.0,Kindness is Magic
Lapel Pins & Buttons,Embrace Change Enamel Pin,False,p_pqvbmpqn8f,FOR_SALE,10.0,5.0,0.0,Kindness is Magic
Lapel Pins & Buttons,Hamsa Enamel Pin,False,p_aybbfn5jge,FOR_SALE,10.0,5.0,0.0,Kindness is Magic
Lapel Pins & Buttons,You're Berry Special - Strawberry Enamel Pin,False,p_2dwd9eaay2,FOR_SALE,10.0,5.0,0.0,Kindness is Magic
Lapel Pins & Buttons,Inspirational Rainbow Heart Enamel Pin - All Sayings,False,p_dnexuz6ms8,FOR_SALE,10.0,5.0,0.0,Kindness is Magic
Lapel Pins & Buttons,Good Things Take Time Snail Enamel Pin,False,p_3t3nps6qmv,FOR_SALE,10.0,5.0,0.0,Kindness is Magic
Lapel Pins & Buttons,Good Things Are Out There Planet Pin,False,p_cfn7ub88f7,FOR_SALE,10.0,5.0,0.0,Kindness is Magic
Lapel Pins & Buttons,Grow with Love Enamel Pin,False,p_7j533r67rv,FOR_SALE,10.0,5.0,0.0,Kindness is Magic
Lapel Pins & Buttons,Strong Yet Gentle Dinosaur Enamel Pin,False,p_zyfrv7qpbf,FOR_SALE,10.0,5.0,0.0,Kindness is Magic
Lapel Pins & Buttons,See the Good Enamel Pin,False,p_a4ysyzc99g,FOR_SALE,10.0,5.0,0.0,Kindness is Magic
Lapel Pins & Buttons,Ghost Pin,False,p_gyzp2qk47k,FOR_SALE,10.0,5.0,0.0,Kindness is Magic
Lapel Pins & Buttons,Hang in There Kitten Enamel Pin,False,p_5xzsbuk96h,FOR_SALE,10.0,5.0,0.0,Kindness is Magic
Lapel Pins & Buttons,Grow Together Mushroom Enamel Pin,False,p_wbfqnv4teu,FOR_SALE,10.0,5.0,0.0,Kindness is Magic
Lapel Pins & Buttons,Sun Enamel Pin,False,p_egnb7mrxg8,FOR_SALE,10.0,5.0,0.0,Kindness is Magic
Keychains,Inspirational Motel Keychains - All Quotes,False,p_fv5c44mv42,FOR_SALE,10.0,5.0,0.0,Kindness is Magic
Keychains,You Are Exactly Where You Need To Be Keychain,False,p_8bah88fjky,FOR_SALE,14.0,7.0,0.0,Kindness is Magic
Keychains,Smiley Clip-On Charm - Keychain,False,p_a9s7vtwv5p,FOR_SALE,6.0,3.0,0.0,Kindness is Magic
Keychains,Kindness is Magic Rainbow Enamel Keychain,False,p_dv5fyfm3tf,FOR_SALE,14.0,7.0,0.0,Kindness is Magic
Keychains,Be Kind Smiley Keychain,False,p_e2qr9db658,FOR_SALE,14.0,7.0,0.0,Kindness is Magic
Keychains,Ghost Keychain,False,p_6dhgcknmba,FOR_SALE,14.0,7.0,0.0,Kindness is Magic
Keychains,Smiley Daisy Enamel Keychain,False,p_v5ex3s8phs,FOR_SALE,14.0,7.0,0.0,Kindness is Magic
Keychains,Hang in There Kitten Enamel Keychain,False,p_d6yfy4uez8,FOR_SALE,14.0,7.0,0.0,Kindness is Magic
Keychains,Hamsa Enamel Keychain,False,p_pm4t99m6f4,FOR_SALE,14.0,7.0,0.0,Kindness is Magic
Pendant & Charm Necklace,You're Berry Special - Strawberry Necklace,False,p_aekaakxs6g,FOR_SALE,18.0,9.0,0.0,Kindness is Magic
Pendant & Charm Necklace,Friends Are Like Stars Necklace,False,p_4j7zmjynxn,FOR_SALE,22.0,11.0,0.0,Kindness is Magic
Sticker,Enjoy the Journey Patch,False,p_y4dy8p4zma,FOR_SALE,8.0,4.0,0.0,Kindness is Magic
Sticker,Grow with Love Patch,False,p_kpmpya3xy7,FOR_SALE,6.5,3.25,0.0,Kindness is Magic
Beaded Bracelets,Evil Eye Beaded Friendship Bracelet,False,p_wat5r3k2ds,FOR_SALE,14.0,7.0,0.0,Kindness is Magic
Keepsake Coins & Tokens,Inspiration Tokens - the Magic Is in You Hearts,False,p_33twsu3dsu,FOR_SALE,15.0,7.5,0.0,Kindness is Magic
Sign,Kindness is Magic Felt Pennant,False,p_urccrwy6tu,FOR_SALE,15.0,7.5,0.0,Kindness is Magic
Hair Ties,3pc Rawr Leopard Hair Coils Telephone Cord Hair Ties,False,p_t4czrywdgm,FOR_SALE,3.0,1.5,0.0,Tiny Gift Society
Hair Ties,Thank You Gifts Leopard Hair Coils Telephone Cord Hair Ties,False,p_d64ctr2yzr,FOR_SALE,1.9,0.95,0.0,Tiny Gift Society
Hair Ties,Thank You Gifts Gold Tip Elastic Hair Tie,False,p_aa8s1p02i8,FOR_SALE,2.5,1.25,0.0,Tiny Gift Society
Hair Ties,"Thank You Gifts ""Good Vibes"" Boho Shoelace Elastic Hair Tie",False,p_kqgq84z98b,FOR_SALE,2.5,1.25,0.0,Tiny Gift Society
Hair Ties,Thank You Gifts For Customers Elastic Hair Ties,False,p_yfedj3fjx7,FOR_SALE,2.5,1.25,0.0,Tiny Gift Society
Hair Ties,Really Pretty Double Elastic Hair Tie - Hair Accessory Card,False,p_bxs9adyv87,FOR_SALE,6.0,2.0,0.0,Tiny Gift Society
Hair Ties,Thank You Gifts Boho Hair Ties (4 Ties/Pc),False,p_3y65mef5ze,FOR_SALE,5.0,1.5,0.0,Tiny Gift Society
Hair Ties,"""Love Yourself"" Hair Tie - Thank You Gift Pink",False,p_wqh5vjsmb4,FOR_SALE,3.0,1.35,0.0,Tiny Gift Society
Hair Ties,"Thank You Gifts ""Beyond Grateful"" Metallic Elastic Hair Tie",False,p_hpefb8pdmw,FOR_SALE,3.0,1.5,0.0,Tiny Gift Society
Hair Ties,Thank You Gifts Holo Hair Coils Telephone Cord Hair Ties,False,p_ps3ka4q95h,FOR_SALE,1.9,0.95,0.0,Tiny Gift Society
Hair Ties,Thank You Gifts Mini Heart Hair Tie,False,p_b7anh7qv3e,FOR_SALE,1.5,0.75,0.0,Tiny Gift Society
Hair Ties,Thank You Gifts Hair Coils,False,p_zxzdxy3us8,FOR_SALE,2.5,0.75,0.0,Tiny Gift Society
Hair Ties,"""Love Is in the Hair"" Hair Tie - Thank You Gift",False,p_505d72k1og,FOR_SALE,2.5,1.25,0.0,Tiny Gift Society
Hair Ties,Thank You Pearl Hair Tie,False,p_e1cmit92s5,FOR_SALE,2.5,1.25,0.0,Tiny Gift Society
Hair Ties,Stuck On You Hair Tie - Thank You,False,p_c39aj4of2a,FOR_SALE,2.5,1.25,0.0,Tiny Gift Society
Hair Ties,Really Pretty Single Hair Tie,False,p_2iccbttqvu,FOR_SALE,4.0,1.5,0.0,Tiny Gift Society
Hair Ties,"""Love Is in the Hair"" Hair Tie - Valentines Thank You Gift",False,p_4s6ynzg3sw,FOR_SALE,3.0,1.5,0.0,Tiny Gift Society
Hair Ties,Really Pretty Double Hair Tie,False,p_uhjlxdyg9b,FOR_SALE,6.0,2.0,0.0,Tiny Gift Society
Keychain Bracelet,Metallic Chain Link Bangle Keychain | Wristlet Key Ring,False,p_nxfne6n3jz,FOR_SALE,14.99,7.0,0.0,Tiny Gift Society
Keychain Bracelet,Bulk Bangle Keychain | Silicone Wristlet Keyring | Boho,False,p_fn5dwc2bun,FOR_SALE,17.0,6.0,0.0,Tiny Gift Society
Keychain Bracelet,Bangle Keychain | Silicone Wristlet Key Ring | Boho Vintage,False,p_7pparehnyu,FOR_SALE,17.0,7.25,0.0,Tiny Gift Society
Keychain Bracelet,Bulk Chain Link Bangle Keychain | Boho Acrylic Wristlet,False,p_42n8jgp7r2,FOR_SALE,11.0,5.5,0.0,Tiny Gift Society
Keychain Bracelet,Bulk Bangle Keychain | Silicone Wristlet Keyring Ombre Mama,False,p_kvrbemaujg,FOR_SALE,17.0,6.0,0.0,Tiny Gift Society
Keychain Bracelet,Bulk Bangle Keychain | Cute Silicone Beaded Wristlet Keyring,False,p_ygudp4pzgx,FOR_SALE,15.0,5.0,0.0,Tiny Gift Society
Keychain Bracelet,Bangle Keychain | Silicone Wristlet Key Ring | Ombre Tassel,False,p_ss486tcrbm,FOR_SALE,17.0,7.25,0.0,Tiny Gift Society
Keychain Bracelet,Bangle Keychain | Silicone Wristlet Key Ring | Bead Bracelet,False,p_n9aevgqsav,FOR_SALE,15.0,6.0,0.0,Tiny Gift Society
Keychain Bracelet,Chain Link Bangle Keychain | Boho Acrylic Wristlet Key Ring,False,p_994bux222v,FOR_SALE,14.99,7.0,0.0,Tiny Gift Society
Keychain Bracelet,Bangle Key Chain with Pom,False,p_2kk741dxmp,FOR_SALE,15.0,6.75,0.0,Tiny Gift Society
Keychain Bracelet,Tube Bracelet Bangle Keychain | Bamboo Wristlet Key Ring,False,p_mym3qhyvp8,FOR_SALE,14.5,7.25,0.0,Tiny Gift Society
Keychain Bracelet,Bangle Keychain | Silicone Wristlet Key Ring | Bead Bracelet,False,p_dqgvripfnd,FOR_SALE,15.0,6.0,0.0,Tiny Gift Society
Keychain Bracelet,Bangle Keychain | Silicone Wristlet Key Ring | Tiered Tassel,False,p_86wf2g3dq9,FOR_SALE,17.0,7.25,0.0,Tiny Gift Society
Keychain Bracelet,Mama Bangle Keychain Silicone Wristlet Keyring Bead Bracelet,False,p_u9un44ucrx,FOR_SALE,17.0,7.25,0.0,Tiny Gift Society
Keychain Bracelet,Boho Macrame Wristlet Keychain - Long Tassel Bronze Keyring,False,p_yeudyg4s83,FOR_SALE,12.0,4.0,0.0,Tiny Gift Society
Keychain Bracelet,Boho Bangle Key Chain W Ribbon,False,p_q76qvk2ctz,FOR_SALE,15.0,7.0,0.0,Tiny Gift Society
Hair Claws & Clips,Modern Gold Claw Clip | Hair Claw | Hair Accessory Clip,False,p_8xrap4pybg,FOR_SALE,7.0,3.5,0.0,Tiny Gift Society
Hair Claws & Clips,Thank You Gifts Pink Heart Hair Clip | You're the Best Card,False,p_ssgmq6fkam,FOR_SALE,3.0,1.5,0.0,Tiny Gift Society
Hair Claws & Clips,Thank You Gifts Leopard Heart Hair Clip | Thank You Card,False,p_d4hjp5frxf,FOR_SALE,3.0,1.5,0.0,Tiny Gift Society
Hair Claws & Clips,Xxl Claw Clip | Big Clip Energy | Funny Thick Hair Claw Clip,False,p_8tkvwjnjem,FOR_SALE,9.0,3.5,0.0,Tiny Gift Society
Hair Claws & Clips,Thank You Gifts Vegan Leather Hair Clip - Made My Day Card,False,p_bws4c3mpew,FOR_SALE,2.5,1.25,0.0,Tiny Gift Society
Hair Claws & Clips,Thank You Gifts Gold Leaf Hair Clip | Shop Small Card,False,p_tk75cx7jr4,FOR_SALE,3.0,1.5,0.0,Tiny Gift Society
Hair Claws & Clips,Easter Thank You Gifts Pearl Clip,False,p_w5qmh6juww,FOR_SALE,2.5,1.25,0.0,Tiny Gift Society
Hair Claws & Clips,Sparkle Triangle Hair Clip,False,p_9g5v1vm0sx,FOR_SALE,6.0,2.0,0.0,Tiny Gift Society
Hair Claws & Clips,Sparkle Circle Hair Clip,False,p_ei6lrvuyn3,FOR_SALE,6.0,2.0,0.0,Tiny Gift Society
Hair Claws & Clips,She Shines Triangle Hair Clip,False,p_etupwa1fio,FOR_SALE,6.0,2.5,0.0,Tiny Gift Society
Hair Claws & Clips,Thank You Pearl Clip,False,p_168y2c8e8p,FOR_SALE,3.0,1.5,0.0,Tiny Gift Society
Hair Claws & Clips,Thank You Gummy Bear Hair Clip,False,p_2tzo5ygudq,FOR_SALE,2.5,1.25,0.0,Tiny Gift Society
Socks,Bulk 12 Sock Assortment | Fun Cute Socks | Inspirational,False,p_ufpxrd5ngc,FOR_SALE,5.0,2.5,0.0,Tiny Gift Society
Socks,"""You'redoing Great"" Socks | Cute Socks | Happy Face Smiley",False,p_akgm6gsvkm,FOR_SALE,10.0,3.0,0.0,Tiny Gift Society
Socks,"""Sprinkle Kindness"" Socks | Cute Socks | Inspirational Gift",False,p_g8tk8zdm8k,FOR_SALE,10.0,3.0,0.0,Tiny Gift Society
Socks,Teacher Socks | Cute Paper Airplane Socks Inspirational Fun,False,p_jebx3ennb3,FOR_SALE,10.0,3.0,0.0,Tiny Gift Society
Socks,Teacher Socks | Cute Apple Pencil Socks | Inspirational Sock,False,p_njhczgry74,FOR_SALE,10.0,3.0,0.0,Tiny Gift Society
Socks,Cloud Socks | Cute Socks | Inspirational Gift | Fun Socks,False,p_ke5yygecy2,FOR_SALE,10.0,3.0,0.0,Tiny Gift Society
Socks,Fun Faces Socks | Cute Socks | Inspirational Gift | Fun Sock,False,p_j6rmwjz8p7,FOR_SALE,10.0,3.0,0.0,Tiny Gift Society
Socks,"""Do What You Love"" Socks | Cute Socks | Inspirational Gift",False,p_zytphkmerq,FOR_SALE,10.0,3.0,0.0,Tiny Gift Society
Socks,"""Good Vibes"" Heart Socks | Cute Socks | Inspirational Gift",False,p_hm2szchfud,FOR_SALE,10.0,3.0,0.0,Tiny Gift Society
Socks,"""Put On Your Positive Socks"" | Cute Socks Inspirational Gift",False,p_wy9h2guuz7,FOR_SALE,10.0,3.0,0.0,Tiny Gift Society
Socks,"""You Got This"" Socks | Cute Socks | Inspirational Gifts",False,p_nwwu9pvubh,FOR_SALE,10.0,3.0,0.0,Tiny Gift Society
Tapestry & Textile,"""You Got This Yay!""  Reversible Inspirational Tapestry",True,p_szn2sfuxzf,FOR_SALE,36.0,12.0,0.0,Tiny Gift Society
Tapestry & Textile,"""Positive Affirmations""  Reversible Inspirational Tapestry",True,p_ab235wfjjk,FOR_SALE,36.0,12.0,0.0,Tiny Gift Society
Tapestry & Textile,"""Keep Going""  Reversible Inspirational Tapestry",True,p_eg26s8vxgd,FOR_SALE,36.0,12.0,0.0,Tiny Gift Society
Tapestry & Textile,"""You Can Do Hard Things""  Reversible Inspirational Tapestry",True,p_p7t999sf8s,FOR_SALE,36.0,12.0,0.0,Tiny Gift Society
Tapestry & Textile,"""Make Today Amazing""  Reversible Inspirational Tapestry Cute",True,p_k5jca2udjv,FOR_SALE,36.0,12.0,0.0,Tiny Gift Society
Tapestry & Textile,"""No Drama Please""  Funny Reversible Classroom Tapestry",True,p_2f8pbubr9v,FOR_SALE,36.0,12.0,0.0,Tiny Gift Society
Tapestry & Textile,"""We Are Family"" Reversible Classroom Tapestry",True,p_23muta94nu,FOR_SALE,36.0,12.0,0.0,Tiny Gift Society
Tapestry & Textile,"""Growth Mindset"" Reversible Classroom Tapestry",True,p_dstrz5bn36,FOR_SALE,36.0,12.0,0.0,Tiny Gift Society
Tapestry & Textile,"""It's Okay To Be Yourself"" Reversible Classroom Tapestry",True,p_9tbuhmkg7j,FOR_SALE,36.0,12.0,0.0,Tiny Gift Society
Tapestry & Textile,"""Prepare To Be Schooled"" Reversible Classroom Tapestry",True,p_tahrb96m3a,FOR_SALE,36.0,12.0,0.0,Tiny Gift Society
Keychains,Boho Macrame Wristlet Keychain - Leaf Tassel Bronze Keyring,False,p_87v24k9xey,FOR_SALE,14.0,5.0,0.0,Tiny Gift Society
Keychains,Boho Macrame Keychain - Fancy Tassel Bronze Keyring,False,p_t6f9mjmkw8,FOR_SALE,12.0,4.0,0.0,Tiny Gift Society
Keychains,Thank You Gifts - Mini Tassel Keychain,False,p_6q3j23qzmr,FOR_SALE,3.0,1.5,0.0,Tiny Gift Society
Keychains,Bulk Wholesale Slightly Imperfect Keychains - Mixed Colors,False,p_8a2wf2zaez,FOR_SALE,14.0,3.0,0.0,Tiny Gift Society
Keychains,Boho Macrame Keychain - Daisy Flower Floral Bronze Keyring,False,p_79jm7em89v,FOR_SALE,12.0,4.0,0.0,Tiny Gift Society
Keychains,Boho Macrame Keychain - Herringbone Tassel Bronze Keyring,False,p_n5u5fv2dm5,FOR_SALE,12.0,4.0,0.0,Tiny Gift Society
Keychains,Lip Balm Holder Keychain | Chapstick Pouch Keyring,False,p_wdrppamu76,FOR_SALE,6.99,2.0,0.0,Tiny Gift Society
Keychains,Tassel Keychain,False,p_6zqngz6q5r,FOR_SALE,6.0,3.0,0.0,Tiny Gift Society
Keychains,Pom Pom Furry Pouf Mini Keychain Thank You Gift,False,p_7c7p2xk5bw,FOR_SALE,4.0,1.75,0.0,Tiny Gift Society
Scrunchies,Floral Scrunchies | Thank You Gifts | Easter Mother's Day,True,p_upxfvsrthv,FOR_SALE,3.0,1.25,0.0,Tiny Gift Society
Scrunchies,"""You're One in A Melon"" Thank You Scrunchies | Cute Fruit",False,p_tkvr5ypk4f,FOR_SALE,3.0,1.25,0.0,Tiny Gift Society
Scrunchies,Thank You Scrunchies | Customer Appreciation Gift,False,p_gmr4d7gjvq,FOR_SALE,3.0,1.25,0.0,Tiny Gift Society
Scrunchies,"Animal Print Thank You Scrunchies | Leopard, Cheetah, Zebra",False,p_xkmdn82x2g,FOR_SALE,3.0,1.25,0.0,Tiny Gift Society
Scrunchies,Scrunchie Love Thank You,False,p_8jiz6mlbn9,FOR_SALE,2.5,1.25,0.0,Tiny Gift Society
Eyeglasses,Blue Light Glasses - Rayban Style Unisex,False,p_2aoozj1jmb,FOR_SALE,24.0,7.5,0.0,Tiny Gift Society
Eyeglasses,Blue Light Glasses - Oversized Unisex,False,p_pu12joh6yx,FOR_SALE,24.0,7.5,0.0,Tiny Gift Society
Eyeglasses,Kids Blue Light Glasses - Childrens Unisex,False,p_1649iqwpb4,FOR_SALE,14.0,7.0,0.0,Tiny Gift Society
Lapel Pins & Buttons,Instagram Enamel Pin | Lapel Pin Brooch Novelty Gifts,False,p_k6ttcnsvpm,FOR_SALE,12.0,4.5,0.0,Tiny Gift Society
Lapel Pins & Buttons,Cute Unicorn Enamel Pin | Lapel Pin Brooch Novelty Gifts,False,p_xxzp5b6ppx,FOR_SALE,12.0,4.5,0.0,Tiny Gift Society
Lapel Pins & Buttons,"""Thankful"" Enamel Pin | Lapel Pin Brooch Novelty Gifts",False,p_t3tv8kq369,FOR_SALE,12.0,4.5,0.0,Tiny Gift Society
Belt Bags,Sale Hip Bag | Crossbody Pouch | Fanny Pack | Waist Bag,True,p_hwv8u2sfcm,FOR_SALE,24.0,8.0,0.0,Tiny Gift Society
Belt Bags,Hot Hip Bag | Crossbody Pouch | Fanny Pack | Waist Satchel,False,p_ymgjqyp8ha,FOR_SALE,24.0,10.0,0.0,Tiny Gift Society
Hair Accessories Sets,Gorgeous Tortoise Clip Hair Accessory,False,p_h7vvt9e666,FOR_SALE,8.0,3.5,0.0,Tiny Gift Society
Hair Accessories Sets,She Shines Triple Pearl Clip,False,p_cgskqkubz1,FOR_SALE,7.0,3.5,0.0,Tiny Gift Society
Link & Chain Necklace,Chunky Chain Square Link Necklace | Boho Acrylic Jewelry,False,p_6urmnk46fq,FOR_SALE,18.0,7.0,0.0,Tiny Gift Society
Link & Chain Necklace,Chunky Chain Flat Link Necklace | Boho Acrylic Cuban Jewelry,False,p_gubshykuzt,FOR_SALE,20.0,7.5,0.0,Tiny Gift Society
Sticker,Stickers Thank You Card,False,p_cirqosn1ex,FOR_SALE,1.5,0.75,0.0,Tiny Gift Society
Sticker,Postal Worker Thank You Stickers,False,p_bttrfm15d0,FOR_SALE,24.0,12.0,0.0,Tiny Gift Society
Band & Stacked Ring,Thank You Gifts - Stacking Rings,False,p_muxp6eqqj9,FOR_SALE,3.0,1.5,0.0,Tiny Gift Society
Baseball Cap,Book Lover Hat | Read Books Not Hats | Baseball Cap,False,p_8x8n2wtyur,FOR_SALE,19.0,5.0,0.0,Tiny Gift Society
Binderclip,Thank You Binder Clip,False,p_bonialx4hq,FOR_SALE,2.5,1.25,0.0,Tiny Gift Society
Crossbody Bags,Croc Crossbody Phone Bag | Phone Carrier Wallet Pouch Purse,False,p_vzb24a2e3a,FOR_SALE,24.0,12.0,0.0,Tiny Gift Society
Fashion Headbands,Bejeweled Headband | Cute Blue Headband | Wide Jewels,False,p_5k5q2tztsr,FOR_SALE,19.0,4.0,0.0,Tiny Gift Society
Gag Gift & Novelty Gift,Easy Student Valentines | Whole Class Shimmer Slap Bracelet,False,p_sw8s9q3pvn,FOR_SALE,3.0,1.4,0.0,Tiny Gift Society
Gift Bag Set & Pack,"""Grab Bag"" Box (Great Variety of Thank You Gifts!)",False,p_3xf98l0kry,FOR_SALE,50.0,25.0,0.0,Tiny Gift Society
Gift Box,Thank You Gifts - Bulk Box,False,p_wrbsek5pzc,FOR_SALE,50.0,25.0,0.0,Tiny Gift Society
Gift Tag,The Society Box (Best Value!),False,p_1ae5m97pyu,FOR_SALE,50.0,25.0,0.0,Tiny Gift Society
Hair Towel,Microfiber Hair Towel | Soft Spa Towel | Cozy Self-Care,False,p_g9xge97f8g,FOR_SALE,8.0,4.0,0.0,Tiny Gift Society
Jewelry Set,All My Queens Vintage Earrings,False,p_xt6th97mv6,FOR_SALE,5.0,2.5,0.0,Tiny Gift Society
Link & Chain Bracelets,Chunky Chain Link Bracelet | Boho Acrylic Bangle Jewelry,False,p_awpjmznnex,FOR_SALE,15.0,6.0,0.0,Tiny Gift Society
Makeup Bag,Accordion Cosmetic Pouch | Travel Bag | Make-Up Pencil Pouch,False,p_makpg9mv92,FOR_SALE,12.0,6.0,0.0,Tiny Gift Society
Nail Polish,Double Nail Polish Gift - Holiday Stocking Stuffer,False,p_n2egzfsmzf,FOR_SALE,11.99,4.0,0.0,Tiny Gift Society
Notebook,Thank You Mini-Notebook,False,p_cyruv6q8pe,FOR_SALE,4.0,2.0,0.0,Tiny Gift Society
Pouches,Holographic Pouch 3pc Set,False,p_kimbeisxmf,FOR_SALE,12.0,6.0,0.0,Tiny Gift Society
Purse & Bag Accessories,Boho Pom Pom Keychain | Pouf Key Ring | Purse Charm,False,p_j44jh95eum,FOR_SALE,12.0,5.0,0.0,Tiny Gift Society
Rubber & Decorative Stamps,Teacher Stamp | Self-Inking Stamp | Teacher Gift,False,p_jdbagzq78h,FOR_SALE,20.0,4.0,0.0,Tiny Gift Society
Stud & Post Earrings,Thank You Stud Earrings Card,False,p_bldn8hc8ry,FOR_SALE,2.5,1.25,0.0,Tiny Gift Society
Teacher & Back-to-School Card,Teacher Goodie Bag - Teacher Gifts,False,p_ftgrwyzaxq,FOR_SALE,32.0,12.0,0.0,Tiny Gift Society
Wallets,Mini Wallet Key Chain W Tassel,False,p_16fg83zgm1,FOR_SALE,11.0,5.5,0.0,Tiny Gift Society
Woven & Braided Bracelets,Gold Leopard Strap Bracelet | Magnetic Clasp | Boho Jewelry,False,p_zaq3wyfqjg,FOR_SALE,14.0,4.0,0.0,Tiny Gift Society
Keychains,Minimalist Braided Cotton Wristlet For Keys & Wallets,False,p_zmq9cndhz3,FOR_SALE,8.0,4.0,0.0,Handmade By Uruba
Keychains,Set of 1 Daisy Flower Keychain and 1 Daisy Wristlet,False,p_g7tu3n3fee,FOR_SALE,16.0,8.0,0.0,Handmade By Uruba
Keychains,Set of 1 Daisy Flower Keychain and 1 Bookmark Charm,False,p_gnu9z4rvzm,FOR_SALE,10.0,5.0,0.0,Handmade By Uruba
Keychains,"Rainbow Keychain Charm, Bohemian Purse/Key Accessories",False,p_pnp7ce7urz,FOR_SALE,10.0,5.0,0.0,Handmade By Uruba
Keychains,"Macrame Cotton Keychain, Boho Purse/Key Accessories",False,p_mz68jyz985,FOR_SALE,7.0,3.5,0.0,Handmade By Uruba
Keychains,"Macrame Disco Ball Keychain/Car Charm/Hanger, Trendy Keyring",False,p_fkmquqgv6g,FOR_SALE,12.0,6.0,0.0,Handmade By Uruba
Keychains,Macrame Braided Cotton Wristlet For Keys & Wallets,False,p_rra4e2qapv,FOR_SALE,12.0,6.0,0.0,Handmade By Uruba
Keychains,"Macrame Daisy Flowers Keychain Charm, Accessories For Women",False,p_dnqzu85dnj,FOR_SALE,8.0,4.0,0.0,Handmade By Uruba
Keychains,"Macrame Disco Ball Keychain Charm, Boho Gifts For Women",False,p_jkjgdrfk9x,FOR_SALE,8.0,4.0,0.0,Handmade By Uruba
Car Decorative Charms,"Disco Ball Charms, Car Accessories, Boho & Retro Home Decor",False,p_f4azwh5kdx,FOR_SALE,4.0,2.0,0.0,Handmade By Uruba
Car Decorative Charms,"Christmas Disco Ball & Hat Ornaments, Crotched Holiday Gifts",False,p_9ypdz9v88e,FOR_SALE,10.0,5.0,0.0,Handmade By Uruba
Car Decorative Charms,"Macrame Rainbow Brooch Pin, Boho Backpack/Handbag Accessory",False,p_fmzvwzgchy,FOR_SALE,10.0,5.0,0.0,Handmade By Uruba
Car Decorative Charms,Rainbow Car Vent Clips with Essential Oil Diffuser Beads,False,p_wdcgwcbnmt,FOR_SALE,12.0,6.0,0.0,Handmade By Uruba
Car Decorative Charms,Rainbow Car Charm / Oil Diffuser For Rearview Car Mirror,False,p_qe3n972az9,FOR_SALE,10.0,5.0,0.0,Handmade By Uruba
Car Decorative Charms,"Disco Ball Handmade Car Charm, Rearview Mirror Car Accessory",False,p_tcvbfen7f4,FOR_SALE,10.0,5.0,0.0,Handmade By Uruba
Car Decorative Charms,"Disco Ball Car Charm & Oil Diffuser, Retro Car Accessories",False,p_kec9dhwyth,FOR_SALE,6.0,3.0,0.0,Handmade By Uruba
Hanging Planter,"Floral Daisy Plant Hanger, Handmade Macrame Plant Accessory",False,p_myj9ggsnqg,FOR_SALE,20.0,10.0,0.0,Handmade By Uruba
Hanging Planter,Disco Ball 'glam' Plant Hanger,False,p_5n8mzk47tw,FOR_SALE,12.0,6.0,0.0,Handmade By Uruba
Hanging Planter,"Macrame Plant Hanger with Beads, Adjustable For Pot Size",False,p_n5xm67ewa4,FOR_SALE,16.0,8.0,0.0,Handmade By Uruba
Hanging Planter,Macrame Plant Hanging For Walls with Ombre Dip-Dyed Tassels,False,p_3b4yhwum9r,FOR_SALE,20.0,10.0,0.0,Handmade By Uruba
Hanging Planter,"Macrame Plant Hanger For Indoor & Outdoor Use, Boho Planter",False,p_yp25xg9dfn,FOR_SALE,16.0,8.0,0.0,Handmade By Uruba
Hanging Planter,"Macrame Disco Ball Plant Hanger, Handmade Boho Home Décor",False,p_tnkv9zhbtn,FOR_SALE,30.0,15.0,0.0,Handmade By Uruba
Hanging Planter,"Macrame Chain Plant Hanger, Handmade Planter Accessory",False,p_s3serutav9,FOR_SALE,16.0,8.0,0.0,Handmade By Uruba
Bookmark,"Minimalist Colorful Bookmark Charm, Handmade Book Accessory",False,p_ketx74a8bv,FOR_SALE,4.0,2.0,0.0,Handmade By Uruba
Bookmark,"Macrame Daisy Flower Bookmark Charm, Handmade Book Accessory",False,p_gp3sayg3bh,FOR_SALE,6.0,3.0,0.0,Handmade By Uruba
Decorative Tassel & Wall Drop,"Macrame Organizer For Jewelry, Accessories and Photos",False,p_zf7jepfmmj,FOR_SALE,25.0,12.5,0.0,Handmade By Uruba
Decorative Tassel & Wall Drop,"Ombre Handmade Macrame Wall Hanging, Bohemian Wall Decor",False,p_396th9pkgt,FOR_SALE,25.0,12.5,0.0,Handmade By Uruba
Lanyards,Daisy Flowers Phone Wristlet / Lanyard For Women,False,p_byc686bhta,FOR_SALE,12.0,6.0,0.0,Handmade By Uruba
Lanyards,Macrame Boho Daisy Flowers Wristlet / Lanyard For Women,False,p_284mthp667,FOR_SALE,12.0,6.0,0.0,Handmade By Uruba
Tapestry & Textile,Landscape Macrame Wall Hanging For Boho Home/Dorm Room Décor,False,p_xbxt8awd84,FOR_SALE,30.0,15.0,0.0,Handmade By Uruba
Tapestry & Textile,"Macrame Mandala Wall Hanging with Mirror, Boho Wall Art",False,p_xby5vmzst9,FOR_SALE,20.0,10.0,0.0,Handmade By Uruba
Wall Decor,"Macrame Boho Tapestry, Geometric Design Cotton Wall Hanging",False,p_55pc8suvf7,FOR_SALE,25.0,12.5,0.0,Handmade By Uruba
Wall Decor,"Macrame Boho Ombre Tapestry, Macrame Art On Wooden Dowel",False,p_kgkscw5pf3,FOR_SALE,25.0,12.5,0.0,Handmade By Uruba
Bunting & Garland,Large Wood Beaded Garland with Tassels & Disco Balls,False,p_u3ywdenhsc,FOR_SALE,30.0,15.0,0.0,Handmade By Uruba
Coasters,"Set of 2 Macrame Car Coasters, Cute Boho Car Accessory",False,p_hvawan7k3j,FOR_SALE,10.0,5.0,0.0,Handmade By Uruba
Coat & Hat Racks,"Macrame Hat Hanger, Wall Mounted Hat Display and Organizer",False,p_nxw2rtwyd8,FOR_SALE,8.0,4.0,0.0,Handmade By Uruba
Dangle Earrings,"Christmas Mini Hat Earrings, Hand Crotched Holiday Jewelry",False,p_shk7z6y7hw,FOR_SALE,10.0,5.0,0.0,Handmade By Uruba
Magnet,Macrame Rainbow Fridge Magnets/Essential Oil Diffuser Beads,False,p_uvdcqhmnx2,FOR_SALE,10.0,5.0,0.0,Handmade By Uruba
Wristlet,Set of 1 Braided Wristlet and 1 Macrame Keychain,False,p_ubhammfdxf,FOR_SALE,15.0,7.5,0.0,Handmade By Uruba
Keychains,Tennis Double Racket Heart Keychain,True,p_dppatpjkap,FOR_SALE,12.99,6.49,0.0,Born To Rally
Keychains,Tennis Racket Keychain - Pick Color,True,p_ebpwb3jrgb,FOR_SALE,12.99,6.49,0.0,Born To Rally
Keychains,Tennis Chapstick Holder Keychain,False,p_d945tkhtc3,FOR_SALE,5.99,2.99,0.0,Born To Rally
Keychains,Pickleball Chapstick Holder Keychain,True,p_ffkks4se52,FOR_SALE,5.99,2.99,0.0,Born To Rally
Keychains,Tennis Keychain - Tennis Junkie,False,p_s65tfg2mjf,FOR_SALE,12.99,6.49,0.0,Born To Rally
Keychains,Tennis Keychain - Stressed Blessed Tennis Obsessed,False,p_agwv3jxe7e,FOR_SALE,12.99,6.49,0.0,Born To Rally
Keychains,Tennis Keychain - Peace Love Tennis,False,p_7s6yxecy97,FOR_SALE,12.99,6.49,0.0,Born To Rally
Keychains,Tennis Keychain - Live Love Tennis,False,p_b4rw85xkss,FOR_SALE,12.99,6.49,0.0,Born To Rally
Keychains,Tennis Keychain - I Can't I Have Tennis,False,p_uja4uweabx,FOR_SALE,12.99,6.49,0.0,Born To Rally
Keychains,Tennis Keychain - Cheaper Than Therapy,False,p_4dnfs7sdxs,FOR_SALE,12.99,6.49,0.0,Born To Rally
Keychains,Tennis Keychain - Over Served,False,p_kpppyqgeh5,FOR_SALE,12.99,6.49,0.0,Born To Rally
Keychains,Tennis Keychain - Love Arrows,False,p_g3gr54e7uf,FOR_SALE,12.99,6.49,0.0,Born To Rally
Keychains,Tennis Keychain - Eat Sleep Tennis Repeat,False,p_du9qmdnxgb,FOR_SALE,12.99,6.49,0.0,Born To Rally
Keychains,Tennis Keychain - Eat Sleep Repeat,False,p_n2b22mb4qr,FOR_SALE,12.99,6.49,0.0,Born To Rally
Keychains,Tennis Racket Keychain,False,p_2akuvfgajd,FOR_SALE,12.99,6.49,0.0,Born To Rally
Keychains,Tennis Keychain - Wine and Tennis,False,p_x3mqnm8hyn,FOR_SALE,12.99,6.49,0.0,Born To Rally
Keychains,Tennis Keychain,False,p_zky2jvj6bw,FOR_SALE,12.99,6.49,0.0,Born To Rally
Keychains,Tennis Captain Keychain,False,p_9ade852tkx,FOR_SALE,12.99,6.49,0.0,Born To Rally
Keychains,Tennis Keychain - My Happy Place,False,p_74suehd76h,FOR_SALE,12.99,6.49,0.0,Born To Rally
Keychains,Tennis Racket Keychain,False,p_kg7nwp6ryq,FOR_SALE,12.99,6.49,0.0,Born To Rally
Keychains,Pickleball Bottle Opener Keychain - Dink Responsibility,False,p_bw8awqhzry,FOR_SALE,14.99,7.49,0.0,Born To Rally
Keychains,Pickleball Y'all Keychain,False,p_vph2p6ghkk,FOR_SALE,11.99,5.99,0.0,Born To Rally
Keychains,Pickleball Mom Keychain- Mom Is My Name Pickleball Is My Game,False,p_bjkxj78hzs,FOR_SALE,11.99,5.99,0.0,Born To Rally
Keychains,Pickleball Keychain - Just A Girl That Loves Pickleball & Sunshine,False,p_wjqucw74pq,FOR_SALE,11.99,5.99,0.0,Born To Rally
Keychains,Pickleball Keychain - Everything in Moderation Except Wine & Pickleball,False,p_tqtb87guaw,FOR_SALE,11.99,5.99,0.0,Born To Rally
Keychains,Making Tennis Courts Great Again Keychain,False,p_43u8vqhnp6,FOR_SALE,11.99,5.99,0.0,Born To Rally
Keychains,Great Minds Dink A Like Keychain,False,p_hyucbnm76a,FOR_SALE,11.99,5.99,0.0,Born To Rally
Keychains,Pickleball Keychain - Happy Place,False,p_3bkqq89dak,FOR_SALE,12.99,6.49,0.0,Born To Rally
Keychains,Pickleball Keyhcain - Too Much Pickleball,False,p_kzzp8phbck,FOR_SALE,11.99,5.99,0.0,Born To Rally
Keychains,Pickleball Hero Dad Keychain,False,p_ct4h5hs7bk,FOR_SALE,11.99,5.99,0.0,Born To Rally
Keychains,Pickleball Ball Zipper Pull Keychain,False,p_8ymfc9nwp9,FOR_SALE,12.99,6.49,0.0,Born To Rally
Keychains,Pickleball Ball Keychain,False,p_c2d7nzbjkp,FOR_SALE,11.99,5.99,0.0,Born To Rally
Keychains,Pickleball Dad Keychain,False,p_zsue66hwdx,FOR_SALE,11.99,5.99,0.0,Born To Rally
Keychains,Pickleball Queen Keychain,False,p_kvqx9j2wzn,FOR_SALE,11.99,5.99,0.0,Born To Rally
Keychains,Pickleball Queen Keychain,False,p_hr3axxdhau,FOR_SALE,13.98,6.99,0.0,Born To Rally
Keychains,Pickleball Love Heart Keychain,False,p_tqruzdc4tg,FOR_SALE,11.99,5.99,0.0,Born To Rally
Keychains,Pickleball Queen Keychain,False,p_27xkuqr6g7,FOR_SALE,11.99,5.99,0.0,Born To Rally
Keychains,Pickleball Uncle Keychain,False,p_d5ubvawxmy,FOR_SALE,11.99,5.99,0.0,Born To Rally
Keychains,Pickleball Retirement Definition Keychain,False,p_w5kwhn4dmy,FOR_SALE,11.99,5.99,0.0,Born To Rally
Keychains,Pickleball Keychain - Make Retirement Great Again,False,p_cg3guhsymg,FOR_SALE,11.99,5.99,0.0,Born To Rally
Keychains,Pickleball  Keychain - Dink Responsibility,False,p_km7renem5r,FOR_SALE,11.98,5.99,0.0,Born To Rally
Keychains,Pickleball Keychain - Queen of the Pickleball,False,p_brg8rkta2q,FOR_SALE,13.98,6.99,0.0,Born To Rally
Keychains,Pickleball Just Dink It Keychain,False,p_2qunv45vu5,FOR_SALE,13.99,6.99,0.0,Born To Rally
Keychains,Pickleball King Keychain,False,p_hbmryy6nwk,FOR_SALE,11.99,5.99,0.0,Born To Rally
Keychains,Pickleball Love Keychain,False,p_9hhxqk6tfa,FOR_SALE,11.99,5.99,0.0,Born To Rally
Keychains,Pickleball Is My Therapy Keychain,False,p_yzppw29tvp,FOR_SALE,11.99,5.99,0.0,Born To Rally
Keychains,Pickleball Keychain - Peace Love Pickleball,False,p_crde7p7bxm,FOR_SALE,11.99,5.99,0.0,Born To Rally
Keychains,Pickleball Keychain - Just One More Game,False,p_sg9zk6b6y3,FOR_SALE,11.99,5.99,0.0,Born To Rally
Keychains,Pickleball Life Keychain,False,p_cjd8vcxgqf,FOR_SALE,11.99,5.99,0.0,Born To Rally
Keychains,Pickleball Keychain - I Can Do Anything Through Christ Who Strengthens Me,False,p_c3n6xr36q4,FOR_SALE,11.99,5.99,0.0,Born To Rally
Keychains,Pickleball Keep Calm Keychain,False,p_xs8d6yzwvn,FOR_SALE,11.99,5.99,0.0,Born To Rally
Keychains,Pickleball King Keychain,False,p_scv5q8xb94,FOR_SALE,11.99,5.99,0.0,Born To Rally
Keychains,Pickleball Keychain - Obsessive Pickleball Disorder,False,p_j6q7npqzyu,FOR_SALE,11.99,5.99,0.0,Born To Rally
Keychains,Pickleball Keychain - No Strings Attached,False,p_stzg6wwqsm,FOR_SALE,11.99,5.99,0.0,Born To Rally
Keychains,Pickleball Keychain - Just Dink It,False,p_8wh5shfyzd,FOR_SALE,11.99,5.99,0.0,Born To Rally
Keychains,Pickleball Keychain - Eat Sleep Pickleball Repeat,False,p_m8sw7ghbja,FOR_SALE,11.99,5.99,0.0,Born To Rally
Keychains,Pickleball Husband Keychain,False,p_xvqq335d4a,FOR_SALE,11.99,5.99,0.0,Born To Rally
Keychains,Pickleball Flag Keychain,False,p_n6wc7d98xv,FOR_SALE,11.99,5.99,0.0,Born To Rally
Keychains,Pickleball Definition Keychain,False,p_8b3bvrv3ec,FOR_SALE,11.99,5.99,0.0,Born To Rally
Keychains,Pickleball Addict Keychain,False,p_3pwb6jg3eb,FOR_SALE,11.99,5.99,0.0,Born To Rally
Keychains,Pickleball Keychain - Pickleball Addict,False,p_7nmmjw47vg,FOR_SALE,11.99,5.99,0.0,Born To Rally
Keychains,Love Pickleball Keychain,False,p_84fhu7ndff,FOR_SALE,11.99,5.99,0.0,Born To Rally
Keychains,If You Can't Take the Heat Stay Out of the Kitchen Keychain,False,p_y46buwu547,FOR_SALE,11.99,5.99,0.0,Born To Rally
Keychains,Dink and Drink Keychain,False,p_fy4bunumv8,FOR_SALE,11.99,5.99,0.0,Born To Rally
Pendant & Charm Necklace,Tennis Racket 18K Gold Plated Necklace,True,p_nyr2tp4map,FOR_SALE,39.99,19.99,0.0,Born To Rally
Pendant & Charm Necklace,Tennis Pearl Necklace,True,p_qbdaaah98c,FOR_SALE,39.99,19.99,0.0,Born To Rally
Pendant & Charm Necklace,Tennis Racket Rhinestone Necklace,True,p_y383v8vbqq,FOR_SALE,39.99,19.99,0.0,Born To Rally
Pendant & Charm Necklace,Color Pop Tennis Necklace,False,p_adnf9us65n,FOR_SALE,19.99,9.99,0.0,Born To Rally
Pendant & Charm Necklace,Color Pop Pickleball Necklace,False,p_wr34c895es,FOR_SALE,24.99,12.49,0.0,Born To Rally
Pendant & Charm Necklace,Tennis Racket Rhinestone Necklace - Silver,False,p_awvs44k2g3,FOR_SALE,39.99,19.99,0.0,Born To Rally
Pendant & Charm Necklace,Tennis Racket Rhinestone Necklace - Gold,False,p_gqkc22mt7y,FOR_SALE,39.99,19.99,0.0,Born To Rally
Pendant & Charm Necklace,Men's Pickleball Stainless Steel Carbon Fiber Necklace,False,p_h57yc9ms7c,FOR_SALE,39.99,19.99,0.0,Born To Rally
Pendant & Charm Necklace,Pickleball Birthstone Connector Charm Necklace,False,p_mpm26bajn5,FOR_SALE,39.99,19.99,0.0,Born To Rally
Pendant & Charm Necklace,Pickleball Paw Necklace,False,p_qvd65tex2k,FOR_SALE,39.99,19.99,0.0,Born To Rally
Pendant & Charm Necklace,Sterling Silver Pickleball Paddle Necklace,False,p_jyuyvjp6p9,FOR_SALE,49.99,24.99,0.0,Born To Rally
Pendant & Charm Necklace,Gold Serve and Sparkle Pickleball Necklace,False,p_q3xjm6yw53,FOR_SALE,39.99,19.99,0.0,Born To Rally
Pendant & Charm Necklace,Gold Pickleball Connector Rhinestone Necklace,False,p_dxvrkyvqud,FOR_SALE,39.99,19.99,0.0,Born To Rally
Pendant & Charm Necklace,Pickleball Pearl Elegance Necklace - Gold,False,p_xxbf6ar8gm,FOR_SALE,39.99,19.99,0.0,Born To Rally
Pendant & Charm Necklace,Pickleball Cz Paddle Necklace,False,p_hpbcgf2crg,FOR_SALE,39.99,19.99,0.0,Born To Rally
Pendant & Charm Necklace,Pickleball Cz Paddle Necklace,False,p_r82pkh6gyq,FOR_SALE,39.99,19.99,0.0,Born To Rally
Pendant & Charm Necklace,Pickleball Necklace - Silver,False,p_tnfvh949wa,FOR_SALE,39.99,19.99,0.0,Born To Rally
Pendant & Charm Necklace,Pickleball Necklace,False,p_ccmzqu8b6v,FOR_SALE,39.99,19.99,0.0,Born To Rally
Pendant & Charm Necklace,Pickleball Heart Paddle Necklace,False,p_bbhb7ctykf,FOR_SALE,39.99,19.99,0.0,Born To Rally
Pendant & Charm Necklace,Tennis Racket Pendant Necklace 18K Gold,False,p_q4x2w55vzv,FOR_SALE,39.99,19.99,0.0,Born To Rally
Pendant & Charm Necklace,Tennis Racket Pendant Necklace 18K Gold,False,p_npqe45dmxa,FOR_SALE,39.99,19.99,0.0,Born To Rally
Pendant & Charm Necklace,Pickleball Lariat Necklace,False,p_r9syhzug9y,FOR_SALE,24.99,12.49,0.0,Born To Rally
Pendant & Charm Necklace,Pickleball Dink Charm Necklace,False,p_p5j634epqb,FOR_SALE,22.99,11.49,0.0,Born To Rally
Pendant & Charm Necklace,Pickleball Double Paddle Cz Necklace - Gold,False,p_6qqmwvp8n9,FOR_SALE,39.99,19.99,0.0,Born To Rally
Pendant & Charm Necklace,Pickleball Double Paddle Necklace - Gold,False,p_xe38bsjusr,FOR_SALE,39.99,19.99,0.0,Born To Rally
Pendant & Charm Necklace,Gold Pickleball Paddle Connector Necklace,False,p_gmedyr5vmt,FOR_SALE,39.99,19.99,0.0,Born To Rally
Pendant & Charm Necklace,Silver Pickleball Paddle Connector Necklace,False,p_nvc8tvhwbd,FOR_SALE,39.99,19.99,0.0,Born To Rally
Pendant & Charm Necklace,Silver Pickleball Connector Rhinestone Necklace,False,p_hts94hgvnr,FOR_SALE,39.99,19.99,0.0,Born To Rally
Pendant & Charm Necklace,Gold Pickleball Connector Rhinestone Necklace,False,p_qjpgv29gbm,FOR_SALE,39.99,19.99,0.0,Born To Rally
Pendant & Charm Necklace,Pickleball Connector Necklace,False,p_b9taq9h24p,FOR_SALE,39.99,19.99,0.0,Born To Rally
Pendant & Charm Necklace,Life Is Better When I'm Playing Pickleball,False,p_7uxcy5tv4y,FOR_SALE,11.99,5.99,0.0,Born To Rally
Pendant & Charm Necklace,Pickleball Ball Charm,False,p_es9fjk5f4z,FOR_SALE,4.99,2.49,0.0,Born To Rally
Pendant & Charm Necklace,Pickleball Heart Paddle Necklace,False,p_78hqmus2em,FOR_SALE,39.99,19.99,0.0,Born To Rally
Pendant & Charm Necklace,Pickleball Heart Necklace,False,p_a89w5d4k8f,FOR_SALE,39.99,19.99,0.0,Born To Rally
Pendant & Charm Necklace,Pickleball Heart Necklace,False,p_hf85ynmxw7,FOR_SALE,39.99,19.99,0.0,Born To Rally
Pendant & Charm Necklace,Pickleball Charm Necklace,False,p_ntdnmz38sj,FOR_SALE,39.99,19.99,0.0,Born To Rally
Sports Towels,Pickleball Towel - Pink & Green Microfiber & Cotton Towel,False,p_q58kkv37bh,FOR_SALE,20.0,10.0,0.0,Born To Rally
Sports Towels,Pickleball Queen Microfiber Double Sided Towel,False,p_6tya2vppfv,FOR_SALE,22.0,11.0,0.0,Born To Rally
Sports Towels,Just One More Game Pickleball Microfiber Double Sided Towel,False,p_6hv3vg6m7z,FOR_SALE,22.0,11.0,0.0,Born To Rally
Sports Towels,Tennis Racket Towel- Microfiber & Cotton Athletic Towels Wit,False,p_e3c8dmrt27,FOR_SALE,20.0,10.0,0.0,Born To Rally
Sports Towels,Live Love Tennis Double-Sided Microfiber Towel,False,p_jw4fxcryh4,FOR_SALE,22.0,11.0,0.0,Born To Rally
Sports Towels,Eat Sleep Tennis Double-Sided Microfiber Towel,False,p_59h6ytuka2,FOR_SALE,22.0,11.0,0.0,Born To Rally
Sports Towels,Tennis Over Served Double-Sided Microfiber Towel,False,p_hfur8bvzus,FOR_SALE,22.0,11.0,0.0,Born To Rally
Sports Towels,Pickleball Towel - Pink & Navy Microfiber & Cotton Towel,False,p_k4t64q7jk8,FOR_SALE,20.0,10.0,0.0,Born To Rally
Sports Towels,Dink Responsibly Double-Sided Microfiber Towel,False,p_udrtmqnj3g,FOR_SALE,22.0,11.0,0.0,Born To Rally
Sports Towels,Pickleball King Towel - Microfiber Double Sided Towel,False,p_u59cgqerms,FOR_SALE,22.0,11.0,0.0,Born To Rally
Sports Towels,Purple Tennis Towel- Microfiber & Cotton Athletic Towels with Carabiner Clip,False,p_3sn864atr6,FOR_SALE,22.0,11.0,0.0,Born To Rally
Sports Towels,Tennis Love Towel- Microfiber & Cotton Athletic Towels with Carabiner Clip,False,p_8n35yv44jg,FOR_SALE,22.0,11.0,0.0,Born To Rally
Sports Towels,Tennis Balls Towel- Microfiber & Cotton Athletic Towels with,False,p_vfdjezw77x,FOR_SALE,22.0,11.0,0.0,Born To Rally
Sports Towels,Peace Love Tennis Towel- Microfiber & Cotton Athletic Towels,False,p_bh2nh9szkr,FOR_SALE,22.0,11.0,0.0,Born To Rally
Sports Towels,Pickleball Towel - Pick Style,False,p_nzhcwgtj3k,FOR_SALE,20.0,10.0,0.0,Born To Rally
Sports Towels,Pickleball Towel- Pink Microfiber & Cotton Towel,False,p_8wb55f396p,FOR_SALE,22.0,11.0,0.0,Born To Rally
Sports Towels,Pickleball Towel- Pink Flower Microfiber & Cotton Towel,False,p_57hjyau6zs,FOR_SALE,22.0,11.0,0.0,Born To Rally
Sports Towels,Pickleball Towel- Paw Print Microfiber & Cotton Athletic Towels with Carabiner Clip,False,p_q8gvnc9hzt,FOR_SALE,22.0,11.0,0.0,Born To Rally
Sports Towels,Pickleball Towel- Paddle and Stars Microfiber & Cotton Towel,False,p_5b6t7a69ne,FOR_SALE,22.0,11.0,0.0,Born To Rally
Sports Towels,Pickleball Towel- Dink Microfiber & Cotton Towel,False,p_q5jrwkpxc3,FOR_SALE,22.0,11.0,0.0,Born To Rally
Sports Towels,Cooling Pickleball Towels - Turquoise,False,p_7gcjpdvkkj,FOR_SALE,20.0,10.0,0.0,Born To Rally
Sports Towels,Cooling Pickleball Towels - Pink,False,p_v58pqbw6rk,FOR_SALE,20.0,10.0,0.0,Born To Rally
Sports Towels,Cooling Pickleball Towels - Coral,False,p_yjbhqwjwtw,FOR_SALE,20.0,10.0,0.0,Born To Rally
Sports Towels,Cooling Pickleball Towels - Blue,False,p_52aumghhnm,FOR_SALE,20.0,10.0,0.0,Born To Rally
Sports Towels,Tennis Towel- Microfiber & Cotton Athletic Towels with Carab,False,p_f8txzb8faj,FOR_SALE,24.0,12.0,0.0,Born To Rally
Sports Towels,Pickleball Towel- Microfiber & Cotton Sports Towels,False,p_nfrrnrz98q,FOR_SALE,22.0,11.0,0.0,Born To Rally
Sports Towels,Pickleball Paddle Microfiber Towel,False,p_m6urbsywv2,FOR_SALE,24.0,12.0,0.0,Born To Rally
Sports Towels,Pickleball Microfiber Towel - Blue/Green,False,p_vw5zd93q2d,FOR_SALE,24.0,12.0,0.0,Born To Rally
Sports Towels,Live Love Pickleball Microfiber Towel,False,p_x9kvp3xm28,FOR_SALE,24.0,12.0,0.0,Born To Rally
Sports Towels,Pickleball Towel- Eat Sleep Pickleball Microfiber Towel,False,p_eus8ht6yek,FOR_SALE,24.0,12.0,0.0,Born To Rally
Beaded Bracelets,Pickleball Carbon Fiber Beaded Bracelet,True,p_4sgu6psj7g,FOR_SALE,39.99,19.99,0.0,Born To Rally
Beaded Bracelets,Two Tone Tennis Pearl Beaded Bracelet,False,p_3r25v3vazq,FOR_SALE,39.99,19.99,0.0,Born To Rally
Beaded Bracelets,Two Tone Pickleball Pearl Beaded Bracelet,False,p_s7z79ad4x4,FOR_SALE,39.99,19.99,0.0,Born To Rally
Beaded Bracelets,Two Tone Tennis Beaded Bracelet,False,p_yruraavg4s,FOR_SALE,39.99,19.99,0.0,Born To Rally
Beaded Bracelets,Two Tone Pickleball Beaded Bracelet,False,p_h2pj2sc8cf,FOR_SALE,39.99,19.99,0.0,Born To Rally
Beaded Bracelets,Gold Beaded Adjustable Tennis Racket Bracelet,False,p_23kpyr9gfu,FOR_SALE,39.99,19.99,0.0,Born To Rally
Beaded Bracelets,Sterling Silver Pickleball Beaded Stretch Bracelet,False,p_bwe2ssjudk,FOR_SALE,39.99,19.99,0.0,Born To Rally
Beaded Bracelets,Pickleball Paddle Beaded Stretch Bracelet -Pick Color,False,p_sw48m6qfd8,FOR_SALE,39.99,19.99,0.0,Born To Rally
Beaded Bracelets,Pickleball Paddle Beaded Rhinestone Bracelet -Silver,False,p_ctg2sug8bk,FOR_SALE,39.99,19.99,0.0,Born To Rally
Beaded Bracelets,Pickleball Paddle Beaded Rhinestone Bracelet -Gold,False,p_srbunfmv75,FOR_SALE,39.99,19.99,0.0,Born To Rally
Beaded Bracelets,Pickleball Beaded Stretch Rhinestone Bracelet -Silver,False,p_n2z3jz33ur,FOR_SALE,39.99,19.99,0.0,Born To Rally
Beaded Bracelets,Pickleball Beaded Stretch Rhinestone Bracelet -Gold,False,p_dr6d2tz8pg,FOR_SALE,39.99,19.99,0.0,Born To Rally
Beaded Bracelets,Beaded Tennis Racket Bracelet,False,p_rk95hxfc4s,FOR_SALE,39.99,19.99,0.0,Born To Rally
Beaded Bracelets,Pearl Pickleball Beaded Stretch Bracelet,False,p_qpt5rvp79h,FOR_SALE,39.99,19.99,0.0,Born To Rally
Beaded Bracelets,Pickleball Beaded Stretch Bracelet -Silver,False,p_5fsh5h3gmb,FOR_SALE,39.99,19.99,0.0,Born To Rally
Beaded Bracelets,Pickleball Beaded Stretch Bracelet -Gold,False,p_t3z59jakcm,FOR_SALE,39.99,19.99,0.0,Born To Rally
Beaded Bracelets,Tennis Racket Charm Gold Bead Layered Bracelets 18K Gold Pla,False,p_e6zsgmcrru,FOR_SALE,39.99,19.99,0.0,Born To Rally
Beaded Bracelets,Silver Cz Pickleball Beaded Stretch Bracelet,False,p_x4fnhpfjry,FOR_SALE,39.99,19.99,0.0,Born To Rally
Beaded Bracelets,Pickleball Heart Beaded Stretch Bracelet - Silver,False,p_4k8y956dqd,FOR_SALE,39.99,19.99,0.0,Born To Rally
Beaded Bracelets,Pickleball Heart Beaded Stretch Bracelet -Gold,False,p_6p22jz5hf4,FOR_SALE,39.99,19.99,0.0,Born To Rally
Beaded Bracelets,Gold Pickleball Beaded Stretch Bracelet,False,p_ppm4vx8hzt,FOR_SALE,39.99,19.99,0.0,Born To Rally
Beaded Bracelets,Blue Paddle Pickleball Charm Beaded Bracelet,False,p_c2dnj8872z,FOR_SALE,29.99,14.99,0.0,Born To Rally
Beaded Bracelets,Pickleball Bracelet | Rhinestone Paddle Adjustable Bracelet,False,p_pvpadynnyt,FOR_SALE,39.99,19.99,0.0,Born To Rally
Link & Chain Bracelets,Tennis Racket Adjustable Bracelet,False,p_znn4r6pxd3,FOR_SALE,29.99,14.99,0.0,Born To Rally
Link & Chain Bracelets,Pickleball Paw Print Paddle Adjustable Bracelet,False,p_xyravkr59p,FOR_SALE,29.99,14.99,0.0,Born To Rally
Link & Chain Bracelets,Two Tone Pickleball Paddle Chain Bracelet - Pick Color,False,p_uyvaf7hqqg,FOR_SALE,39.99,19.99,0.0,Born To Rally
Link & Chain Bracelets,Pickleball Paddle Chain Bracelet - Pick Color,False,p_xzt5hyrspn,FOR_SALE,39.99,19.99,0.0,Born To Rally
Link & Chain Bracelets,Pickleball Paddle Chain Bracelet - Silver,False,p_gn4tdpxvqb,FOR_SALE,39.99,19.99,0.0,Born To Rally
Link & Chain Bracelets,Silver Tennis Racket Adjustable Bracelet,False,p_p628b5sf6n,FOR_SALE,29.99,14.99,0.0,Born To Rally
Link & Chain Bracelets,Gold Tennis Racket Adjustable Bracelet,False,p_jazraa62a2,FOR_SALE,39.99,19.99,0.0,Born To Rally
Link & Chain Bracelets,Gold Tennis Racket Adjustable Bracelet,False,p_kyta46qn87,FOR_SALE,39.99,19.99,0.0,Born To Rally
Link & Chain Bracelets,Pickleball Birthstone Connector Charm Bracelet,False,p_67ct53c64f,FOR_SALE,39.99,19.99,0.0,Born To Rally
Link & Chain Bracelets,Gold Tennis Racket Adjustable Bracelet,False,p_qrqvc7u6fh,FOR_SALE,29.99,14.99,0.0,Born To Rally
Link & Chain Bracelets,Tennis Racket Adjustable Bracelet,False,p_a2srenwk4b,FOR_SALE,29.99,14.99,0.0,Born To Rally
Link & Chain Bracelets,Silver Pickleball Paddle Adjustable Bracelet,False,p_8d4bmkveex,FOR_SALE,29.99,14.99,0.0,Born To Rally
Link & Chain Bracelets,Silver Pickleball Cz Adjustable Bracelet,False,p_pghh63hzx5,FOR_SALE,29.99,14.99,0.0,Born To Rally
Link & Chain Bracelets,Gold Pickleball Paddle Cz Adjustable Bracelet,False,p_nhv3gkcmgr,FOR_SALE,29.99,14.99,0.0,Born To Rally
Link & Chain Bracelets,Gold Pickleball Paddle Adjustable Bracelet,False,p_zm5sc2877d,FOR_SALE,29.99,14.99,0.0,Born To Rally
Link & Chain Bracelets,Gold Pickleball Cz Adjustable Bracelet,False,p_akrd3uvdm9,FOR_SALE,29.99,14.99,0.0,Born To Rally
Stud & Post Earrings,Tennis Racket Stud Earrings - Pick Color,False,p_m69aqgj2xb,FOR_SALE,24.99,12.49,0.0,Born To Rally
Stud & Post Earrings,Color Pop Pickleball Paddle Stud Earrings - Pick Color,False,p_y8say5f9pg,FOR_SALE,24.99,12.49,0.0,Born To Rally
Stud & Post Earrings,Pickleball Stud Earrings,False,p_h7muku4k99,FOR_SALE,15.99,7.99,0.0,Born To Rally
Stud & Post Earrings,Purple Pickleball Paddle Stud Earrings,False,p_f9kap7wkwj,FOR_SALE,24.99,12.49,0.0,Born To Rally
Stud & Post Earrings,Pink Pickleball Paddle Stud Earrings,False,p_q232mw9t4g,FOR_SALE,24.99,12.49,0.0,Born To Rally
Stud & Post Earrings,Pickleball Paddle Stud Earrings,False,p_udqxsarbbq,FOR_SALE,24.99,12.49,0.0,Born To Rally
Stud & Post Earrings,Pickleball Earrings,False,p_56cmws3t6w,FOR_SALE,24.99,12.49,0.0,Born To Rally
Stud & Post Earrings,Silver Pickleball Paddle Stud Earrings,False,p_v449gydbsd,FOR_SALE,24.99,12.49,0.0,Born To Rally
Stud & Post Earrings,Silver Cz Pickleball Paddle Stud Earrings,False,p_6vukrrvkpn,FOR_SALE,24.99,12.49,0.0,Born To Rally
Stud & Post Earrings,Gold Pickleball Pearl Stud Earrings,False,p_hmucj6a5sw,FOR_SALE,24.99,12.49,0.0,Born To Rally
Stud & Post Earrings,Gold Pickleball Pearl Paddle Stud Earrings,False,p_6zd84pgmgd,FOR_SALE,24.99,12.49,0.0,Born To Rally
Stud & Post Earrings,Gold Cz Pickleball Paddle Stud Earrings,False,p_wpq83yfbb3,FOR_SALE,24.99,12.49,0.0,Born To Rally
Stud & Post Earrings,Pickleball Paddle Stud Earrings,False,p_rv7px74pte,FOR_SALE,24.99,12.49,0.0,Born To Rally
Stud & Post Earrings,Gold Double Pickleball Paddle Stud Earrings,False,p_urc3h579nu,FOR_SALE,24.99,12.49,0.0,Born To Rally
Stud & Post Earrings,Silver Pickleball Stud Earrings,False,p_a99khxpeqp,FOR_SALE,24.99,12.49,0.0,Born To Rally
Stud & Post Earrings,Gold Pickleball Stud Earrings,False,p_rqy6awqfv6,FOR_SALE,24.99,12.49,0.0,Born To Rally
Dangle Earrings,Tennis Racket Dangle Earrings,True,p_pkttbepmxb,FOR_SALE,24.99,12.49,0.0,Born To Rally
Dangle Earrings,Tennis Rhinestone Racket Dangle Earrings,True,p_96ucvgtb3z,FOR_SALE,24.99,12.49,0.0,Born To Rally
Dangle Earrings,Tennis Pearl Racket Dangle Earrings,True,p_ecssajvnks,FOR_SALE,24.99,12.49,0.0,Born To Rally
Dangle Earrings,Tennis Ball Wine Stopper and Charms,False,p_t9r56jn7k4,FOR_SALE,22.0,11.0,0.0,Born To Rally
Dangle Earrings,Pickleball Paw Print Dangle Earrings,False,p_c36367wpc6,FOR_SALE,24.99,12.49,0.0,Born To Rally
Dangle Earrings,Pickleball Dangle Earrings,False,p_b9by2r8f5m,FOR_SALE,15.99,7.99,0.0,Born To Rally
Dangle Earrings,Pickleball Paddle Cz Dangle Earrings - 18k Gold Plated,False,p_h5nvs7kyeq,FOR_SALE,24.99,12.49,0.0,Born To Rally
Dangle Earrings,Gold Double Pickleball Paddle Cz Stud Earrings,False,p_r7q2dpxxwj,FOR_SALE,24.99,12.49,0.0,Born To Rally
Dangle Earrings,Pickleball Paddle Cz Dangle Earrings,False,p_revydugbe9,FOR_SALE,24.99,12.49,0.0,Born To Rally
Dangle Earrings,Silver Pickleball Heart Charm,False,p_329j7ejg25,FOR_SALE,19.98,9.99,0.0,Born To Rally
Dangle Earrings,Pickleball Heart Dangle Earrings,False,p_phskd566qb,FOR_SALE,24.99,12.49,0.0,Born To Rally
Dangle Earrings,Pickleball Heart Dangle Earrings,False,p_scvgdgue59,FOR_SALE,24.99,12.49,0.0,Born To Rally
Dangle Earrings,Pickleball Dangle Earrings,False,p_et7b39aenn,FOR_SALE,24.99,12.49,0.0,Born To Rally
Dangle Earrings,Pickleball Dangle Earrings,False,p_utye6dvbjp,FOR_SALE,24.99,12.49,0.0,Born To Rally
Dangle Earrings,Pickleball Birthstone Dangle Earrings,False,p_r4wfqndz26,FOR_SALE,24.99,12.49,0.0,Born To Rally
Charm & Dangle Bracelets,Pickleball Bracelet | Paddle Connector Adjustable Bracelet,False,p_j5msfjwnb2,FOR_SALE,34.99,17.49,0.0,Born To Rally
Charm & Dangle Bracelets,Pickleball Queen Charm Bracelet,False,p_mcyh5d87m3,FOR_SALE,19.98,9.99,0.0,Born To Rally
Charm & Dangle Bracelets,Pickleball Charm Bracelet,False,p_jec6pywvns,FOR_SALE,19.98,9.99,0.0,Born To Rally
Charm & Dangle Bracelets,Pickleball Charm Bracelet,False,p_zmuwhd8ba5,FOR_SALE,19.98,9.99,0.0,Born To Rally
Charm & Dangle Bracelets,Pickleball Bracelet | Silver Open Paddle Ball Adjustable Bracelet,False,p_2a7z3wayre,FOR_SALE,34.99,17.49,0.0,Born To Rally
Charm & Dangle Bracelets,Pickleball Bracelet | Silver Cz Open Paddle Adjustable Bracelet,False,p_b3276khrya,FOR_SALE,39.99,19.99,0.0,Born To Rally
Charm & Dangle Bracelets,Pickleball Bracelet | Open Paddle Adjustable Bracelet,False,p_nmus3enfc8,FOR_SALE,39.99,19.99,0.0,Born To Rally
Charm & Dangle Bracelets,Pickleball Bracelet | Gold Open Paddle Adjustable Bracelet,False,p_hp46b8vk88,FOR_SALE,34.99,17.49,0.0,Born To Rally
Charm & Dangle Bracelets,Pickleball Bracelet | Gold Open Paddle Adjustable Bracelet,False,p_4j8h2s4me5,FOR_SALE,39.99,19.99,0.0,Born To Rally
Charm & Dangle Bracelets,Pickleball Bracelet | Closed Paddle Adjustable Bracelet,False,p_vtf83gpfuv,FOR_SALE,34.99,17.49,0.0,Born To Rally
Hair Ties,Tennis Hair Ties,False,p_5xxswayudz,FOR_SALE,8.99,4.49,0.0,Born To Rally
Hair Ties,Tennis Love Hair Ties,False,p_hzqgxzkajb,FOR_SALE,7.99,3.99,0.0,Born To Rally
Hair Ties,Love Tennis Hair Ties,False,p_vxzybnka72,FOR_SALE,8.99,4.49,0.0,Born To Rally
Hair Ties,Tennis Scrunchie,False,p_hsm7mgdmp9,FOR_SALE,5.99,2.99,0.0,Born To Rally
Hair Ties,Tennis Hair Ties- Multicolored,False,p_g34khu4myy,FOR_SALE,8.99,4.49,0.0,Born To Rally
Hair Ties,Tennis Hair Ties,False,p_vaaju3pkp5,FOR_SALE,8.99,4.49,0.0,Born To Rally
Hair Ties,Rally Tennis Hair Ties,False,p_rv3wxzxhgy,FOR_SALE,8.99,4.49,0.0,Born To Rally
Hair Ties,Pickleball Hair Ties,False,p_fmvsjq4rd3,FOR_SALE,7.99,3.99,0.0,Born To Rally
Hair Ties,Pickleball Multi Colored Hair Ties,False,p_myrbrwbva8,FOR_SALE,7.99,3.99,0.0,Born To Rally
Hair Ties,Pickleball Love Hair Ties,False,p_9uc447y4m9,FOR_SALE,7.99,3.99,0.0,Born To Rally
Makeup Bag,Tennis Racket Cosmetic Bag,False,p_mray8nhzcm,FOR_SALE,14.99,7.49,0.0,Born To Rally
Makeup Bag,Tennis Love Cosmetic Bag,False,p_9qdbh8exw9,FOR_SALE,14.99,7.49,0.0,Born To Rally
Makeup Bag,Tennis Captain Cosmetic Bag,False,p_ch7be8atpe,FOR_SALE,14.99,7.49,0.0,Born To Rally
Makeup Bag,Pink Pickleball Cosmetic Bag,False,p_km9kd93zuj,FOR_SALE,19.99,9.99,0.0,Born To Rally
Makeup Bag,Pickleball Cosmetic Bag - White,False,p_gvr3d6hpcj,FOR_SALE,19.99,9.99,0.0,Born To Rally
Makeup Bag,Pickleball Cosmetic Bag - Flowers,False,p_5p2yxe35j8,FOR_SALE,19.99,9.99,0.0,Born To Rally
Makeup Bag,Pickleball Cosmetic Bag - Black,False,p_4v8szftmsw,FOR_SALE,19.99,9.99,0.0,Born To Rally
Makeup Bag,Pickleball Cosmetic Bag - Nautical,False,p_rvjb6bfuy8,FOR_SALE,19.99,9.99,0.0,Born To Rally
Makeup Bag,Pickleball Cosmetic Bags - Pick Style,False,p_yvvnyqg63w,FOR_SALE,19.99,9.99,0.0,Born To Rally
Notepad,Pickleball Notepad - To Do After Pickleball,True,p_whu3wj3376,FOR_SALE,12.0,6.0,0.0,Born To Rally
Notepad,Tennis Love Notepad,True,p_xrffksbhaf,FOR_SALE,12.0,6.0,0.0,Born To Rally
Notepad,To Do After Pickleball Notepads,True,p_23cncv8rxs,FOR_SALE,11.0,5.5,0.0,Born To Rally
Notepad,Things To Do After Tennis Notepad,True,p_vm8w3wpvgn,FOR_SALE,12.0,6.0,0.0,Born To Rally
Notepad,Things To Do After Pickleball Notepad,True,p_g66szx4wqa,FOR_SALE,12.0,6.0,0.0,Born To Rally
Notepad,Pickleball Notepad,True,p_3wuhaf47ad,FOR_SALE,12.0,6.0,0.0,Born To Rally
Notepad,Tennis Notepad - To Do After Tennis,True,p_7p8973ftfk,FOR_SALE,12.0,6.0,0.0,Born To Rally
Notepad,Pickleball Love Notepad,True,p_gfsh3g8rt4,FOR_SALE,12.0,6.0,0.0,Born To Rally
Notepad,Pickleball Notepad - Pickleball Girl,True,p_mmx3nmjxva,FOR_SALE,12.0,6.0,0.0,Born To Rally
Birthday Card,Pickleball Birthday Card - Dink Responsibly,True,p_mc3df42ses,FOR_SALE,2.99,1.49,0.0,Born To Rally
Birthday Card,Tennis Birthday Card - Serving Up Some Love,True,p_3jfkppbee7,FOR_SALE,2.99,1.49,0.0,Born To Rally
Birthday Card,Pickleball Birthday Card - I Dink Your the Best,True,p_t2xpuk5aq5,FOR_SALE,2.99,1.49,0.0,Born To Rally
Birthday Card,Pickleball Birthday Card - Serving Up Some Love,True,p_j79dku9w42,FOR_SALE,2.99,1.49,0.0,Born To Rally
Birthday Card,Pickleball Birthday Card - Dinking of You,True,p_6ha9fth2d8,FOR_SALE,2.99,1.49,0.0,Born To Rally
Birthday Card,Pickleball Birthday Card - Dinking of You,True,p_57vx8w5mqq,FOR_SALE,2.99,1.49,0.0,Born To Rally
Birthday Card,Pickleball Pickleb Birthday Card,False,p_938bkf9rb7,FOR_SALE,2.99,1.49,0.0,Born To Rally
Birthday Card,Pickleball Birthday Card,False,p_kdc2bpnhtp,FOR_SALE,2.99,1.49,0.0,Born To Rally
Ornaments,"Pickleball Ornament- Eat, Dink & Be Merry",False,p_mmpd5dkfcn,FOR_SALE,12.99,6.49,0.0,Born To Rally
Ornaments,Pickleball Tree Ornament,False,p_b66umxng64,FOR_SALE,12.99,6.49,0.0,Born To Rally
Ornaments,Santa's Favorite Pickleball Player Ornament,False,p_5wbddbm5na,FOR_SALE,12.99,6.49,0.0,Born To Rally
Ornaments,Pickleball Ornament - Ho Ho Ho,False,p_krazd7rvjq,FOR_SALE,12.99,6.49,0.0,Born To Rally
Ornaments,Pickleball Ornament - Santa's Favorite Pickleball Player,False,p_k6pq35sss9,FOR_SALE,14.99,7.49,0.0,Born To Rally
Ornaments,Pickleball Christmas Ornament,False,p_x9v5rkys2z,FOR_SALE,15.99,7.99,0.0,Born To Rally
Ornaments,Pickleball Snowflake Christmas Ornament,False,p_ehafktujxg,FOR_SALE,15.99,7.99,0.0,Born To Rally
Ornaments,Pickleball Paddle Christmas Ornament,False,p_zdn4g68keg,FOR_SALE,14.99,7.49,0.0,Born To Rally
Socks,Tennis Love Ankle Socks,False,p_axh3u8yykt,FOR_SALE,9.99,4.99,0.0,Born To Rally
Socks,Tennis Ankle Socks - Pick Color,False,p_q42dp8v3fk,FOR_SALE,9.99,4.99,0.0,Born To Rally
Socks,Pickleball Love Ankle Socks,False,p_ajw3txfps7,FOR_SALE,9.99,4.99,0.0,Born To Rally
Socks,Pickleball Lucky Socks,False,p_h8k288v9n3,FOR_SALE,9.99,4.99,0.0,Born To Rally
Socks,Pickleball Ankle Socks,False,p_qfzj3crnf6,FOR_SALE,9.99,4.99,0.0,Born To Rally
Socks,Bamboo Pickleball Socks- Blue,False,p_f2k745kjg9,FOR_SALE,12.99,6.49,0.0,Born To Rally
Socks,Bamboo Pickleball Socks- Navy,False,p_qw4m56pgdj,FOR_SALE,12.99,6.49,0.0,Born To Rally
Socks,Bamboo Pickleball Socks- Gray,False,p_ecj2thgxak,FOR_SALE,12.99,6.49,0.0,Born To Rally
Woven & Braided Bracelets,Pickleball Stainless Steel Carbon Fiber Bracelet,False,p_9wb4ubvzhm,FOR_SALE,39.99,19.99,0.0,Born To Rally
Woven & Braided Bracelets,Tennis Racket Adjustable Rope Bracelet - Pick Color,False,p_g5358yuqgn,FOR_SALE,19.99,9.99,0.0,Born To Rally
Woven & Braided Bracelets,Pickleball Paddle Adjustable Rope Bracelet - Pick Color,False,p_f3aebd3pw5,FOR_SALE,19.98,9.99,0.0,Born To Rally
Woven & Braided Bracelets,Black Pickleball Paddle Adjustable Rope Bracelet,False,p_u4ng2smkpf,FOR_SALE,19.99,9.99,0.0,Born To Rally
Woven & Braided Bracelets,Turquoise Pickleball Paddle Adjustable Rope Bracelet,False,p_4ytmhbuwz6,FOR_SALE,19.99,9.99,0.0,Born To Rally
Woven & Braided Bracelets,Navy Blue Pickleball Paddle Adjustable Rope Bracelet,False,p_cu8q92spbt,FOR_SALE,19.99,9.99,0.0,Born To Rally
Woven & Braided Bracelets,Pink Pickleball Paddle Adjustable Rope Bracelet,False,p_agz2my5yw5,FOR_SALE,19.99,9.99,0.0,Born To Rally
Woven & Braided Bracelets,Pickleball Paddle Adjustable Rope Bracelet - Pick Color,False,p_r3cqhyzmzj,FOR_SALE,19.99,9.99,0.0,Born To Rally
Gift Bag,Good Friends Gift Bag,True,p_5khq55fnkf,FOR_SALE,3.98,1.99,0.0,Born To Rally
Gift Bag,Cheers To 60 Gift Bag,True,p_mfj9pksxvz,FOR_SALE,3.98,1.99,0.0,Born To Rally
Gift Bag,60th Birthday Gift Bag - Fabulous and Sixty,True,p_9yu5u9qw5s,FOR_SALE,3.98,1.99,0.0,Born To Rally
Gift Bag,50th Birthday Gift Bag - Fabulous and Fifty,True,p_9sskmgsfk2,FOR_SALE,4.0,2.0,0.0,Born To Rally
Gift Bag,50th Birthday Gift Bag - Cheers To 50,True,p_2ksfaa9uhp,FOR_SALE,4.0,2.0,0.0,Born To Rally
Gift Bag,Pickleball Pickle Gift Bag,False,p_ng6xsp2mga,FOR_SALE,2.99,1.49,0.0,Born To Rally
Gift Bag,Pickleball Paddle Gift Bag,False,p_yp242ya4f8,FOR_SALE,2.99,1.49,0.0,Born To Rally
Wine Charm,Tennis Wine Stopper and Silver Charms,False,p_v4nzvxhu9q,FOR_SALE,22.0,11.0,0.0,Born To Rally
Wine Charm,Pickleball Ball Wine Stopper and Charms,False,p_f444eg22gu,FOR_SALE,24.99,12.49,0.0,Born To Rally
Wine Charm,Silver Pickleball Wine Stopper and Charms,False,p_tjvwt9fzjc,FOR_SALE,24.99,12.49,0.0,Born To Rally
Wine Charm,Pickleball Wine Stopper and Charms,False,p_ajy8ze9gpe,FOR_SALE,24.99,12.49,0.0,Born To Rally
Wine Charm,Pickleball Ball Wine Charms,False,p_828fb9tmrz,FOR_SALE,14.99,7.49,0.0,Born To Rally
Wine Charm,Tennis Wine Charms,False,p_sngpwb2nma,FOR_SALE,14.99,7.49,0.0,Born To Rally
Wine Charm,Pickleball Wine Charms,False,p_5ngrazv5w3,FOR_SALE,14.99,7.49,0.0,Born To Rally
Tennis Bracelets,Tennis Beaded Rhinestone Racket Bracelet - Silver,False,p_328dmtb2sj,FOR_SALE,39.99,19.99,0.0,Born To Rally
Tennis Bracelets,Gold Rhinestone Tennis Racket Beaded Bracelet,False,p_vfzhwe9hc2,FOR_SALE,39.99,19.99,0.0,Born To Rally
Tennis Bracelets,Gold Pearl Tennis Racket Beaded Bracelet,False,p_4rkj6c6tgz,FOR_SALE,39.99,19.99,0.0,Born To Rally
Tennis Bracelets,Tennis Racket Charm Gold Bead Layered Bracelets 18K Gold Plated,False,p_ehuvj6bbhd,FOR_SALE,39.99,19.99,0.0,Born To Rally
Tennis Bracelets,Tennis Racket Charm Gold Bead Layered Bracelets 18K Gold Pla,False,p_bpn3yxgrz8,FOR_SALE,39.99,19.99,0.0,Born To Rally
Coasters,Pickleball Ball Coasters - 6pc Set,False,p_e8bew2dwuv,FOR_SALE,29.99,14.99,0.0,Born To Rally
Coasters,Tennis Coasters - Love,False,p_kv2m7ytach,FOR_SALE,24.99,12.49,0.0,Born To Rally
Coasters,Pickleball Coasters - Day Drinkers,False,p_86vew7gnd3,FOR_SALE,24.99,12.49,0.0,Born To Rally
Coasters,Pickleball Coasters - 6pc Set,False,p_mr8hpy9z76,FOR_SALE,29.99,14.99,0.0,Born To Rally
Wine Carrier Bags,Tennis Wine Tote - White,False,p_tpjk7wnqcy,FOR_SALE,16.99,8.49,0.0,Born To Rally
Wine Carrier Bags,Tennis Wine Tote - Black,False,p_73uttxvghb,FOR_SALE,16.99,8.49,0.0,Born To Rally
Wine Carrier Bags,Pickleball Wine Tote - White,False,p_k3euspjkcq,FOR_SALE,16.99,8.49,0.0,Born To Rally
Wine Carrier Bags,Pickleball Wine Tote - Dink Responsibly,False,p_rjvj4svftx,FOR_SALE,16.99,8.49,0.0,Born To Rally
Dishcloth,Pink Dink Responsibly Double-Sided Microfiber Towel,False,p_n97jghhk2c,FOR_SALE,22.0,11.0,0.0,Born To Rally
Dishcloth,Over Served Tennis Towel- Microfiber & Cotton Athletic Towels with Carabiner Clip,False,p_3n4zku4qvx,FOR_SALE,22.0,11.0,0.0,Born To Rally
Dishcloth,Pickleball Towel- Blue Flower Microfiber & Cotton Towel,False,p_7t9m4zpxrg,FOR_SALE,22.0,11.0,0.0,Born To Rally
Individual Charm & Pendant,Tennis Double Racket Zipper Pull Clip On Charm,True,p_frvmq5rer2,FOR_SALE,12.99,6.49,0.0,Born To Rally
Individual Charm & Pendant,Tennis Racket Clip On Charm- Zipper Pull,True,p_bfx25jmnx3,FOR_SALE,12.99,6.49,0.0,Born To Rally
Individual Charm & Pendant,Pickleball Birthstone Charm,False,p_f5vh3kz8x6,FOR_SALE,9.99,4.99,0.0,Born To Rally
Sports Bags,Pickleball Bag - Turquoise,False,p_k6x2qyqzyt,FOR_SALE,59.99,29.99,0.0,Born To Rally
Sports Bags,Pickleball Bag - Coral,False,p_dkgczjzzhg,FOR_SALE,59.99,29.99,0.0,Born To Rally
Sports Bags,Womens Pickleball Bag,False,p_qpgx2esxyv,FOR_SALE,59.99,29.99,0.0,Born To Rally
Tote Bag,Pickleball Drawstring Bag,True,p_zuwkvhm53m,FOR_SALE,14.99,7.49,0.0,Born To Rally
Tote Bag,Tennis Drawstring Bag,True,p_e3r2nt7vdd,FOR_SALE,14.99,7.49,0.0,Born To Rally
Tote Bag,Friends Gift Bag- Side By Side or Miles,True,p_s5574h445h,FOR_SALE,3.98,1.99,0.0,Born To Rally
Fashion Headbands,Tennis Headbands - 3pc Set,False,p_8cahmdjcud,FOR_SALE,11.99,5.99,0.0,Born To Rally
Fashion Headbands,Pickleball Headbands,False,p_fqgt7z3nqd,FOR_SALE,11.99,5.99,0.0,Born To Rally
Insulated Mugs & Tumblers,Pickleball Wine Tumbler - Over Served,False,p_pkgq4fx7jm,FOR_SALE,22.0,11.0,0.0,Born To Rally
Insulated Mugs & Tumblers,Pickleball Wine Tumblers,False,p_x5a57xqcv2,FOR_SALE,22.0,11.0,0.0,Born To Rally
Scrunchies,Tennis Scrunchies - 3pc Set,False,p_5rvcqh6kxt,FOR_SALE,5.99,2.99,0.0,Born To Rally
Scrunchies,Pickleball Scrunchies,False,p_dyu9vpvaex,FOR_SALE,9.99,4.99,0.0,Born To Rally
Water Bottle,Tennis Water Bottle Pouch,False,p_ap7erapbkn,FOR_SALE,13.99,6.99,0.0,Born To Rally
Water Bottle,Pickleball Water Bottle Pouch,False,p_a9jexq9uur,FOR_SALE,13.99,6.99,0.0,Born To Rally
Wine Gift Bag,Pickleball Wine Totes,False,p_hja5vcxqq3,FOR_SALE,19.98,9.99,0.0,Born To Rally
Wine Gift Bag,Pickleball Wine Tote,False,p_mzvc3pkcmn,FOR_SALE,16.99,8.49,0.0,Born To Rally
Band & Stacked Ring,Gold Pickleball Heart Charm,False,p_75mpsqvah2,FOR_SALE,19.98,9.99,0.0,Born To Rally
Cuff Bracelets,Gold Pickleball Cuff Adjustable Bracelet,False,p_hyskj4mzjc,FOR_SALE,39.99,19.99,0.0,Born To Rally
Drink Huggers & Koozies,Pickleball Coozie - Can Holder Sleeve,True,p_dwh5bmdykf,FOR_SALE,5.99,2.99,0.0,Born To Rally
Father's Day Card,Pickleball Fathers Day Card,True,p_3ujr55ja85,FOR_SALE,2.99,1.49,0.0,Born To Rally
Link & Chain Necklace,Pearl Tennis Racket Necklace,False,p_nayg4ye4hy,FOR_SALE,39.99,19.99,0.0,Born To Rally
Mother's Day Card,Pickleball Mother's Day Card,True,p_vux73n8wvs,FOR_SALE,2.99,1.49,0.0,Born To Rally
Sticker,Pickleball Bag - Navy,False,p_mge9ehvpyn,FOR_SALE,59.99,29.99,0.0,Born To Rally
Wall Signs,Vintage Truck Pickleball Ornament,False,p_8dnad638fe,FOR_SALE,12.99,6.49,0.0,Born To Rally
Wine Glass,Tennis Wine Tumbler - Over Served,False,p_q682wqejk5,FOR_SALE,22.0,11.0,0.0,Born To Rally
