token,order_token,product_token,brand_order_token,product_name,product_option_name,suggested_retail_price,retailer_price,retailer_original_price,quantity,total_retailer_price,retailer_total,discount_percentage,localized_brand_order_number,product_variations
oi_6k8zmx9978,o_28w5z997ar,p_7753bsunqm,bo_pzx2eu5fbz,Bon|Artis Bike Baskets Tea Towel,default,1990,995,995,8,7960,7960,0,#PZX2EU5FBZ,
oi_hhmbbp5q42,o_28w5z997ar,p_zwzh9dgcy7,bo_pzx2eu5fbz,Bon|Artis Bees Love These Tea Towel,default,1990,995,995,8,7960,7960,0,#PZX2EU5FBZ,
oi_9unqq895r6,o_28w5z997ar,p_3pyqfgnfp6,bo_pzx2eu5fbz,Bon|Artis Blue & Orange Bouquet Tea Towel,default,1990,995,995,8,7960,7960,0,#PZX2EU5FBZ,
oi_br9xjbx89v,o_yumgbh338w,p_7nt46c37ff,bo_ggnmd8t8za,Bon|Artis Painted Dog Tea Towel,default,1990,995,995,16,15920,15920,0,#GGNMD8T8ZA,
oi_f4tep99a5s,o_yumgbh338w,p_3d532gbm2v,bo_ggnmd8t8za,Bon|Artis Painted Dog Tote Bag,default,2500,1250,1250,6,7500,7500,0,#GGNMD8T8ZA,
oi_s5rtk6ebeg,o_6dhjvtx26s,p_3pyqfgnfp6,bo_8ph9bdgn56,Bon|Artis Blue & Orange Bouquet Tea Towel,default,1990,995,995,4,3980,3980,0,#8PH9BDGN56,
oi_vx823mnxpp,o_6dhjvtx26s,p_zwzh9dgcy7,bo_8ph9bdgn56,Bon|Artis Bees Love These Tea Towel,default,1990,995,995,4,3980,3980,0,#8PH9BDGN56,
oi_mqf3rrhrh7,o_6dhjvtx26s,p_v98nxkvsts,bo_8ph9bdgn56,Bon|Artis Oohlala House Tea Towel,default,1990,995,995,4,3980,3980,0,#8PH9BDGN56,
oi_p9zqr5bvzj,o_6dhjvtx26s,p_7nt46c37ff,bo_8ph9bdgn56,Bon|Artis Painted Dog Tea Towel,default,1990,995,995,4,3980,3980,0,#8PH9BDGN56,
oi_3jrkjvhqxe,o_6dhjvtx26s,p_ju8v5n88a9,bo_8ph9bdgn56,Bon|Artis Blue Cat Tea Towel,default,1990,995,995,4,3980,3980,0,#8PH9BDGN56,
oi_wrjwtyy2e4,o_6dhjvtx26s,p_29tukxtnzy,bo_8ph9bdgn56,Bon|Artis Red Dog Tea Towel,default,1990,995,995,4,3980,3980,0,#8PH9BDGN56,
oi_kkdbab9d8c,o_q6scz8fmc6,p_v98nxkvsts,bo_h7jyz863qj,Bon|Artis Oohlala House Tea Towel,default,1990,995,995,12,11940,11940,0,#H7JYZ863QJ,
oi_426dtp3j26,o_q6scz8fmc6,p_3pyqfgnfp6,bo_h7jyz863qj,Bon|Artis Blue & Orange Bouquet Tea Towel,default,1990,995,995,6,5970,5970,0,#H7JYZ863QJ,
oi_cvqmsvfsm3,o_q6scz8fmc6,p_7nt46c37ff,bo_h7jyz863qj,Bon|Artis Painted Dog Tea Towel,default,1990,995,995,6,5970,5970,0,#H7JYZ863QJ,
oi_jrx9us7nsp,o_q6scz8fmc6,p_beugb7a95u,bo_h7jyz863qj,Bon|Artis Ooh La La Cats Tea Towel,default,1990,995,995,6,5970,5970,0,#H7JYZ863QJ,
oi_v49c5scaje,o_q6scz8fmc6,p_rmfv5unqhc,bo_h7jyz863qj,Bon|Artis Ooh La La House Pajama Set,Small,15800,7900,7900,4,31600,31600,0,#H7JYZ863QJ,
oi_tk8kxhux4j,o_q6scz8fmc6,p_6wng4c655h,bo_h7jyz863qj,Bon|Artis Ooh La La Cats Pajama Long Shirt,Medium,11400,5700,5700,1,5700,5700,0,#H7JYZ863QJ,
oi_7veq9pbakm,o_q6scz8fmc6,p_rmfv5unqhc,bo_h7jyz863qj,Bon|Artis Ooh La La House Pajama Set,Large,15800,7900,7900,2,15800,15800,0,#H7JYZ863QJ,
oi_wq6vbxqa5k,o_q6scz8fmc6,p_rmfv5unqhc,bo_h7jyz863qj,Bon|Artis Ooh La La House Pajama Set,Medium,15800,7900,7900,4,31600,31600,0,#H7JYZ863QJ,
oi_pskfvn3m55,o_q6scz8fmc6,p_pdj8rur3c6,bo_h7jyz863qj,Bon|Artis Ooh La La Poodles Tea Towel,default,1990,995,995,12,11940,11940,0,#H7JYZ863QJ,
oi_52tc54wzqn,o_q6scz8fmc6,p_6wng4c655h,bo_h7jyz863qj,Bon|Artis Ooh La La Cats Pajama Long Shirt,Small,11400,5700,5700,1,5700,5700,0,#H7JYZ863QJ,
oi_x4x8gkdvmj,o_x866r2k7h7,p_v98nxkvsts,bo_m3n78cgjyq,Bon|Artis Oohlala House Tea Towel,default,1990,995,995,4,3980,3980,0,#M3N78CGJYQ,
oi_qnqb3yfzma,o_x866r2k7h7,p_ju8v5n88a9,bo_m3n78cgjyq,Bon|Artis Blue Cat Tea Towel,default,1990,995,995,4,3980,3980,0,#M3N78CGJYQ,
oi_uff2ve7zqp,o_x866r2k7h7,p_7753bsunqm,bo_m3n78cgjyq,Bon|Artis Bike Baskets Tea Towel,default,1990,995,995,4,3980,3980,0,#M3N78CGJYQ,
oi_fpatfpaq5b,o_x866r2k7h7,p_7nt46c37ff,bo_m3n78cgjyq,Bon|Artis Painted Dog Tea Towel,default,1990,995,995,8,7960,7960,0,#M3N78CGJYQ,
oi_2ms3z2fqef,o_x866r2k7h7,p_3d532gbm2v,bo_m3n78cgjyq,Bon|Artis Painted Dog Tote Bag,default,2500,1250,1250,3,3750,3750,0,#M3N78CGJYQ,
oi_utw43rw2a7,o_v4d8aemtxy,p_h769hx52cx,bo_dpw4y4d92p,Bon|Artis Ooh La La Cat’s Meow Tea Towel,default,1990,995,995,8,7960,7960,0,#DPW4Y4D92P,
oi_ypx68p6uk6,o_v4d8aemtxy,p_7nt46c37ff,bo_dpw4y4d92p,Bon|Artis Painted Dog Tea Towel,default,1990,995,995,8,7960,7960,0,#DPW4Y4D92P,
oi_6qm9egnykj,o_v4d8aemtxy,p_pdj8rur3c6,bo_dpw4y4d92p,Bon|Artis Ooh La La Poodles Tea Towel,default,1990,995,995,4,3980,3980,0,#DPW4Y4D92P,
oi_qdet5vhghh,o_v4d8aemtxy,p_29tukxtnzy,bo_dpw4y4d92p,Bon|Artis Red Dog Tea Towel,default,1990,995,995,4,3980,3980,0,#DPW4Y4D92P,
oi_xzdp4yhhx8,o_v4d8aemtxy,p_ju8v5n88a9,bo_dpw4y4d92p,Bon|Artis Blue Cat Tea Towel,default,1990,995,995,4,3980,3980,0,#DPW4Y4D92P,
oi_bwjbcc4sje,o_v4d8aemtxy,p_beugb7a95u,bo_dpw4y4d92p,Bon|Artis Ooh La La Cats Tea Towel,default,1990,995,995,8,7960,7960,0,#DPW4Y4D92P,
oi_j2cqaj2mjw,o_v4d8aemtxy,p_v98nxkvsts,bo_dpw4y4d92p,Bon|Artis Oohlala House Tea Towel,default,1990,995,995,16,15920,15920,0,#DPW4Y4D92P,
oi_a4rs6h9wnv,o_273rqdfrjm,p_v98nxkvsts,bo_jmp7xevtkn,Bon|Artis Oohlala House Tea Towel,default,1990,995,995,8,7960,7960,0,#JMP7XEVTKN,
oi_25mg6zsqdp,o_273rqdfrjm,p_3pyqfgnfp6,bo_jmp7xevtkn,Bon|Artis Blue & Orange Bouquet Tea Towel,default,1990,995,995,4,3980,3980,0,#JMP7XEVTKN,
oi_7837mjnz8g,o_273rqdfrjm,p_7753bsunqm,bo_jmp7xevtkn,Bon|Artis Bike Baskets Tea Towel,default,1990,995,995,9,8955,8955,0,#JMP7XEVTKN,
oi_sxxy3muhzf,o_mpqh6j62vm,p_kk9dcpd88n,bo_w8s7gfzebp,Bon|Artis Ooh La La House Cosmetic Bags,"Small (7""x2.25'x4.25)",2400,1200,1200,3,3600,3600,0,#W8S7GFZEBP,
oi_vq8a4j4zjm,o_mpqh6j62vm,p_kk9dcpd88n,bo_w8s7gfzebp,Bon|Artis Ooh La La House Cosmetic Bags,"Medium (9""x3""6"")",2800,1400,1400,3,4200,4200,0,#W8S7GFZEBP,
oi_5fecr9krjq,o_mpqh6j62vm,p_v98nxkvsts,bo_w8s7gfzebp,Bon|Artis Oohlala House Tea Towel,default,1990,995,995,4,3980,3980,0,#W8S7GFZEBP,
oi_ma6hx96ynw,o_mpqh6j62vm,p_pdj8rur3c6,bo_w8s7gfzebp,Bon|Artis Ooh La La Poodles Tea Towel,default,1990,995,995,4,3980,3980,0,#W8S7GFZEBP,
oi_k4hqg3dg3k,o_mpqh6j62vm,p_anxvuvu5wd,bo_w8s7gfzebp,Bon|Artis Oo La La House Pajama Long Shirt,Small,11400,5700,5700,1,5700,5700,0,#W8S7GFZEBP,
oi_96sxe38ev6,o_mpqh6j62vm,p_anxvuvu5wd,bo_w8s7gfzebp,Bon|Artis Oo La La House Pajama Long Shirt,Medium,11400,5700,5700,2,11400,11400,0,#W8S7GFZEBP,
oi_xuuutdppwy,o_mpqh6j62vm,p_rmfv5unqhc,bo_w8s7gfzebp,Bon|Artis Ooh La La House Pajama Set,Medium,15800,7900,7900,2,15800,15800,0,#W8S7GFZEBP,
oi_z8dnaxckzc,o_nr52xspjyq,p_3455x82jp3,bo_udchmyuybm,Bon|Artis Painted Dog Cosmetic Bags,"Medium (9""x3""6"")",2800,1400,1400,3,4200,4200,0,#UDCHMYUYBM,
oi_wths2svdv6,o_nr52xspjyq,p_3455x82jp3,bo_udchmyuybm,Bon|Artis Painted Dog Cosmetic Bags,"Large (12""x5""x8"")",3400,1700,1700,3,5100,5100,0,#UDCHMYUYBM,
oi_m5c44c2xua,o_nr52xspjyq,p_54kxruvpxe,bo_udchmyuybm,Bon|Artis Ooh La La Cats Cosmetic Bags,"Medium (9""x3""6"")",2800,1400,1400,3,4200,4200,0,#UDCHMYUYBM,
oi_ead7favzpt,o_nr52xspjyq,p_54kxruvpxe,bo_udchmyuybm,Bon|Artis Ooh La La Cats Cosmetic Bags,"Large (12""x5""x8"")",3400,1700,1700,3,5100,5100,0,#UDCHMYUYBM,
oi_ndux55uqn8,o_nr52xspjyq,p_zs9z9rbu3q,bo_udchmyuybm,Bon|Artis Ooh La La Cats Tote Bag,default,2500,1250,1250,3,3750,3750,0,#UDCHMYUYBM,
oi_sd45ft4rr5,o_nr52xspjyq,p_s8cbx7xbxx,bo_udchmyuybm,Bon|Artis Ooh La La Cats Meow Tote Bag,default,2500,1250,1250,3,3750,3750,0,#UDCHMYUYBM,
oi_239f32yxwm,o_nr52xspjyq,p_37f29ef524,bo_udchmyuybm,Bon|Artis Ooh La La Poodles Tote Bag,default,2500,1250,1250,3,3750,3750,0,#UDCHMYUYBM,
oi_h4fquvfugd,o_nr52xspjyq,p_h769hx52cx,bo_udchmyuybm,Bon|Artis Ooh La La Cat’s Meow Tea Towel,default,1990,995,995,4,3980,3980,0,#UDCHMYUYBM,
oi_49z3gcffyq,o_nr52xspjyq,p_7nt46c37ff,bo_udchmyuybm,Bon|Artis Painted Dog Tea Towel,default,1990,995,995,4,3980,3980,0,#UDCHMYUYBM,
oi_vj8fcx87ap,o_nr52xspjyq,p_54kxruvpxe,bo_udchmyuybm,Bon|Artis Ooh La La Cats Cosmetic Bags,"Small (7""x2.25'x4.25)",2400,1200,1200,3,3600,3600,0,#UDCHMYUYBM,
oi_g2gpfmdsfu,o_nr52xspjyq,p_3455x82jp3,bo_udchmyuybm,Bon|Artis Painted Dog Cosmetic Bags,"Small (7""x2.25'x4.25)",2400,1200,1200,3,3600,3600,0,#UDCHMYUYBM,
oi_8yjcx6y8st,o_nr52xspjyq,p_3d532gbm2v,bo_udchmyuybm,Bon|Artis Painted Dog Tote Bag,default,2500,1250,1250,3,3750,3750,0,#UDCHMYUYBM,
oi_dhvfjktzhp,o_957p6qvxrq,p_29tukxtnzy,bo_z55nn3f9gn,Bon|Artis Red Dog Tea Towel,default,1990,995,995,8,7960,7960,0,#Z55NN3F9GN,
oi_c3673n5qkp,o_957p6qvxrq,p_ju8v5n88a9,bo_z55nn3f9gn,Bon|Artis Blue Cat Tea Towel,default,1990,995,995,8,7960,7960,0,#Z55NN3F9GN,
oi_xndbhqtwur,o_957p6qvxrq,p_3455x82jp3,bo_z55nn3f9gn,Bon|Artis Painted Dog Cosmetic Bags,"Medium (9""x3""6"")",2800,1400,1400,9,12600,12600,0,#Z55NN3F9GN,
oi_xn4fu4smqf,o_6eep4n8xjc,p_v98nxkvsts,bo_a567wp8zzs,Bon|Artis Oohlala House Tea Towel,default,1990,995,995,4,3383,3980,15,#A567WP8ZZS,
oi_vh7cdz434n,o_6eep4n8xjc,p_h769hx52cx,bo_a567wp8zzs,Bon|Artis Ooh La La Cat’s Meow Tea Towel,default,1990,995,995,4,3383,3980,15,#A567WP8ZZS,
oi_bme7pu9unu,o_6eep4n8xjc,p_pdj8rur3c6,bo_a567wp8zzs,Bon|Artis Ooh La La Poodles Tea Towel,default,1990,995,995,4,3383,3980,15,#A567WP8ZZS,
oi_ghr3kkg3n4,o_6eep4n8xjc,p_7nt46c37ff,bo_a567wp8zzs,Bon|Artis Painted Dog Tea Towel,default,1990,995,995,4,3383,3980,15,#A567WP8ZZS,
oi_wxmvksv5bf,o_6eep4n8xjc,p_3pyqfgnfp6,bo_a567wp8zzs,Bon|Artis Blue & Orange Bouquet Tea Towel,default,1990,995,995,4,3383,3980,15,#A567WP8ZZS,
oi_h2tjgzw7v4,o_6eep4n8xjc,p_s8cbx7xbxx,bo_a567wp8zzs,Bon|Artis Ooh La La Cats Meow Tote Bag,default,2500,1250,1250,3,3188,3750,15,#A567WP8ZZS,
oi_mj2apc6mpp,o_6eep4n8xjc,p_h34qa4rpxc,bo_a567wp8zzs,Bon|Artis Ooh La La House Tote Bag,default,2500,1250,1250,3,3188,3750,15,#A567WP8ZZS,
oi_yv33fs37sm,o_6eep4n8xjc,p_7753bsunqm,bo_a567wp8zzs,Bon|Artis Bike Baskets Tea Towel,default,1990,995,995,4,3383,3980,15,#A567WP8ZZS,
oi_ma2uj3wmjf,o_6eep4n8xjc,p_rvr7y67x3n,bo_a567wp8zzs,Bon|Artis Elephant Garden Tea Towel,default,1990,995,995,4,3383,3980,15,#A567WP8ZZS,
oi_b7aanafvby,o_6eep4n8xjc,p_3d532gbm2v,bo_a567wp8zzs,Bon|Artis Painted Dog Tote Bag,default,2500,1250,1250,3,3188,3750,15,#A567WP8ZZS,
oi_ukgkzy6ydj,o_6eep4n8xjc,p_zs9z9rbu3q,bo_a567wp8zzs,Bon|Artis Ooh La La Cats Tote Bag,default,2500,1250,1250,3,3188,3750,15,#A567WP8ZZS,
oi_qnuq7ymsrh,o_s3sj378628,p_v98nxkvsts,bo_9qrvxmsqu6,Bon|Artis Oohlala House Tea Towel,default,1990,995,995,4,3383,3980,15,#9QRVXMSQU6,
oi_em7fkdgbc3,o_s3sj378628,p_3pyqfgnfp6,bo_9qrvxmsqu6,Bon|Artis Blue & Orange Bouquet Tea Towel,default,1990,995,995,4,3383,3980,15,#9QRVXMSQU6,
oi_b74ycx5edg,o_s3sj378628,p_h769hx52cx,bo_9qrvxmsqu6,Bon|Artis Ooh La La Cat’s Meow Tea Towel,default,1990,995,995,4,3383,3980,15,#9QRVXMSQU6,
oi_5vf4963z93,o_s3sj378628,p_ju8v5n88a9,bo_9qrvxmsqu6,Bon|Artis Blue Cat Tea Towel,default,1990,995,995,4,3383,3980,15,#9QRVXMSQU6,
oi_4qeevj2rg9,o_s3sj378628,p_7nt46c37ff,bo_9qrvxmsqu6,Bon|Artis Painted Dog Tea Towel,default,1990,995,995,8,6766,7960,15,#9QRVXMSQU6,
oi_6epxg5hpzf,o_awmhvhnqq7,p_zwzh9dgcy7,bo_t7ayz8dv5y,Bon|Artis Bees Love These Tea Towel,default,1990,995,995,4,3383,3980,15,#T7AYZ8DV5Y,
oi_qvm3886cbq,o_awmhvhnqq7,p_atux9zvk77,bo_t7ayz8dv5y,Bon|Artis Bees Love These Apron,default,4200,2100,2100,2,3570,4200,15,#T7AYZ8DV5Y,
oi_qhbdejddfa,o_awmhvhnqq7,p_swmea5w7b9,bo_t7ayz8dv5y,Bon|Artis Painted Dog Apron,default,4200,2100,2100,2,3570,4200,15,#T7AYZ8DV5Y,
oi_ghh7kyser4,o_awmhvhnqq7,p_7nt46c37ff,bo_t7ayz8dv5y,Bon|Artis Painted Dog Tea Towel,default,1990,995,995,8,6766,7960,15,#T7AYZ8DV5Y,
oi_qsgturyred,o_sxdfy8sn52,p_pdj8rur3c6,bo_fsjmek52y9,Bon|Artis Ooh La La Poodles Tea Towel,default,1990,995,995,4,3383,3980,15,#FSJMEK52Y9,
oi_g7dpuwhafh,o_sxdfy8sn52,p_h769hx52cx,bo_fsjmek52y9,Bon|Artis Ooh La La Cat’s Meow Tea Towel,default,1990,995,995,4,3383,3980,15,#FSJMEK52Y9,
oi_4mcukdmz78,o_sxdfy8sn52,p_v98nxkvsts,bo_fsjmek52y9,Bon|Artis Oohlala House Tea Towel,default,1990,995,995,4,3383,3980,15,#FSJMEK52Y9,
oi_rect3wkexb,o_sxdfy8sn52,p_zwzh9dgcy7,bo_fsjmek52y9,Bon|Artis Bees Love These Tea Towel,default,1990,995,995,4,3383,3980,15,#FSJMEK52Y9,
oi_he4xpy9zwa,o_sxdfy8sn52,p_beugb7a95u,bo_fsjmek52y9,Bon|Artis Ooh La La Cats Tea Towel,default,1990,995,995,4,3383,3980,15,#FSJMEK52Y9,
oi_z5vqpwcdfb,o_sxdfy8sn52,p_3pyqfgnfp6,bo_fsjmek52y9,Bon|Artis Blue & Orange Bouquet Tea Towel,default,1990,995,995,4,3383,3980,15,#FSJMEK52Y9,
oi_d7h6emec3v,o_rvkc2m4gy7,p_7nt46c37ff,bo_ggn9mfc7re,Bon|Artis Painted Dog Tea Towel,default,1990,995,995,12,10149,11940,15,#GGN9MFC7RE,
oi_ck4xtp35dj,o_rvkc2m4gy7,p_v98nxkvsts,bo_ggn9mfc7re,Bon|Artis Oohlala House Tea Towel,default,1990,995,995,12,10149,11940,15,#GGN9MFC7RE,
oi_tzxzs2amp9,o_rvkc2m4gy7,p_pdj8rur3c6,bo_ggn9mfc7re,Bon|Artis Ooh La La Poodles Tea Towel,default,1990,995,995,12,10149,11940,15,#GGN9MFC7RE,
oi_ax7e2xdd75,o_67dvty5ms8,p_7nt46c37ff,bo_hg7294eazu,Bon|Artis Painted Dog Tea Towel,default,1990,995,995,4,3383,3980,15,#HG7294EAZU,
oi_2wjeuamm7j,o_67dvty5ms8,p_v98nxkvsts,bo_hg7294eazu,Bon|Artis Oohlala House Tea Towel,default,1990,995,995,4,3383,3980,15,#HG7294EAZU,
oi_aztvzd4yda,o_67dvty5ms8,p_3455x82jp3,bo_hg7294eazu,Bon|Artis Painted Dog Cosmetic Bags,"Medium (9""x3""6"")",2800,1400,1400,3,3570,4200,15,#HG7294EAZU,
oi_s2qs4t2jwx,o_67dvty5ms8,p_kk9dcpd88n,bo_hg7294eazu,Bon|Artis Ooh La La House Cosmetic Bags,"Medium (9""x3""6"")",2800,1400,1400,3,3570,4200,15,#HG7294EAZU,
oi_rnb8ehysrd,o_67dvty5ms8,p_pdj8rur3c6,bo_hg7294eazu,Bon|Artis Ooh La La Poodles Tea Towel,default,1990,995,995,4,3383,3980,15,#HG7294EAZU,
oi_8kn7pzfcsv,o_67dvty5ms8,p_h769hx52cx,bo_hg7294eazu,Bon|Artis Ooh La La Cat’s Meow Tea Towel,default,1990,995,995,4,3383,3980,15,#HG7294EAZU,
oi_dxna6wdg7t,o_3vbfq5eahk,p_swmea5w7b9,bo_3zgfznjmyq,Bon|Artis Painted Dog Apron,default,4200,2100,2100,4,7140,8400,15,#3ZGFZNJMYQ,
oi_27236mwhnn,o_3vbfq5eahk,p_s8cbx7xbxx,bo_3zgfznjmyq,Bon|Artis Ooh La La Cats Meow Tote Bag,default,2500,1250,1250,3,3188,3750,15,#3ZGFZNJMYQ,
oi_j6drajaq2p,o_3vbfq5eahk,p_3d532gbm2v,bo_3zgfznjmyq,Bon|Artis Painted Dog Tote Bag,default,2500,1250,1250,3,3188,3750,15,#3ZGFZNJMYQ,
oi_38cewxkmej,o_3vbfq5eahk,p_7nt46c37ff,bo_3zgfznjmyq,Bon|Artis Painted Dog Tea Towel,default,1990,995,995,4,3383,3980,15,#3ZGFZNJMYQ,
oi_vm6684tbkq,o_3vbfq5eahk,p_b5bhk2gnqe,bo_3zgfznjmyq,Bon|Artis Ooh La La Cats Apron,default,4200,2100,2100,2,3570,4200,15,#3ZGFZNJMYQ,
oi_ggwywtgave,o_hdnepnub7m,p_54kxruvpxe,bo_7n53fqbbgg,Bon|Artis Ooh La La Cats Cosmetic Bags,"Medium (9""x3""6"")",2800,1400,1400,3,3570,4200,15,#7N53FQBBGG,
oi_vzfqm4rccx,o_hdnepnub7m,p_v98nxkvsts,bo_7n53fqbbgg,Bon|Artis Oohlala House Tea Towel,default,1990,995,995,4,3383,3980,15,#7N53FQBBGG,
oi_egukhwzyy8,o_hdnepnub7m,p_3pyqfgnfp6,bo_7n53fqbbgg,Bon|Artis Blue & Orange Bouquet Tea Towel,default,1990,995,995,4,3383,3980,15,#7N53FQBBGG,
oi_wvrqnd3kgk,o_hdnepnub7m,p_7753bsunqm,bo_7n53fqbbgg,Bon|Artis Bike Baskets Tea Towel,default,1990,995,995,4,3383,3980,15,#7N53FQBBGG,
oi_ktunz9np6y,o_hdnepnub7m,p_7nt46c37ff,bo_7n53fqbbgg,Bon|Artis Painted Dog Tea Towel,default,1990,995,995,4,3383,3980,15,#7N53FQBBGG,
oi_3g7nzhtpba,o_hdnepnub7m,p_zvv43brwrk,bo_7n53fqbbgg,Bon|Artis Black Cottage Tea Towel,default,1990,995,995,4,3383,3980,15,#7N53FQBBGG,
oi_62u4vgdmyw,o_hdnepnub7m,p_h769hx52cx,bo_7n53fqbbgg,Bon|Artis Ooh La La Cat’s Meow Tea Towel,default,1990,995,995,4,3383,3980,15,#7N53FQBBGG,
oi_haxvtg7cfz,o_hdnepnub7m,p_ju8v5n88a9,bo_7n53fqbbgg,Bon|Artis Blue Cat Tea Towel,default,1990,995,995,8,6766,7960,15,#7N53FQBBGG,
oi_e5bq45ff2a,o_hdnepnub7m,p_3455x82jp3,bo_7n53fqbbgg,Bon|Artis Painted Dog Cosmetic Bags,"Small (7""x2.25'x4.25)",2400,1200,1200,3,3060,3600,15,#7N53FQBBGG,
oi_wxpuk636mz,o_hdnepnub7m,p_kk9dcpd88n,bo_7n53fqbbgg,Bon|Artis Ooh La La House Cosmetic Bags,"Medium (9""x3""6"")",2800,1400,1400,3,3570,4200,15,#7N53FQBBGG,
oi_tntmsxb646,o_hdnepnub7m,p_29tukxtnzy,bo_7n53fqbbgg,Bon|Artis Red Dog Tea Towel,default,1990,995,995,8,6766,7960,15,#7N53FQBBGG,
oi_exqrmnrzhy,o_85ywn8npb9,p_4wwx2hgr9n,bo_cd2t5ge3p8,Bon|Artis Ooh La La Cats Pajama Set,Large,15800,7900,7900,1,7900,7900,0,#CD2T5GE3P8,
oi_asxd776qq9,o_85ywn8npb9,p_4wwx2hgr9n,bo_cd2t5ge3p8,Bon|Artis Ooh La La Cats Pajama Set,Medium,15800,7900,7900,2,15800,15800,0,#CD2T5GE3P8,
oi_rb7fv89fje,o_85ywn8npb9,p_4wwx2hgr9n,bo_cd2t5ge3p8,Bon|Artis Ooh La La Cats Pajama Set,Small,15800,7900,7900,1,7900,7900,0,#CD2T5GE3P8,
oi_xdpfkxbrmt,o_85ywn8npb9,p_rmfv5unqhc,bo_cd2t5ge3p8,Bon|Artis Ooh La La House Pajama Set,Small,15800,7900,7900,1,7900,7900,0,#CD2T5GE3P8,
oi_6ua3zgm9gc,o_85ywn8npb9,p_rmfv5unqhc,bo_cd2t5ge3p8,Bon|Artis Ooh La La House Pajama Set,Large,15800,7900,7900,1,7900,7900,0,#CD2T5GE3P8,
oi_kvxeyuqwsu,o_85ywn8npb9,p_rmfv5unqhc,bo_cd2t5ge3p8,Bon|Artis Ooh La La House Pajama Set,Medium,15800,7900,7900,2,15800,15800,0,#CD2T5GE3P8,
oi_m3v6erhm75,o_85ywn8npb9,p_us6qfhtjyq,bo_cd2t5ge3p8,Bon|Artis The Painted Dog Pajama Set,Small,15800,7900,7900,1,7900,7900,0,#CD2T5GE3P8,
oi_wrrpmq4fzv,o_85ywn8npb9,p_us6qfhtjyq,bo_cd2t5ge3p8,Bon|Artis The Painted Dog Pajama Set,Medium,15800,7900,7900,2,15800,15800,0,#CD2T5GE3P8,
oi_s56wbcx49x,o_85ywn8npb9,p_us6qfhtjyq,bo_cd2t5ge3p8,Bon|Artis The Painted Dog Pajama Set,Large,15800,7900,7900,1,7900,7900,0,#CD2T5GE3P8,
oi_dfbj7suyjv,o_5eqhf9hvcg,p_7nt46c37ff,bo_8f6sqbrt2g,Bon|Artis Painted Dog Tea Towel,default,1990,995,995,4,3980,3980,0,#8F6SQBRT2G,
oi_7crxxt88gu,o_5eqhf9hvcg,p_swmea5w7b9,bo_8f6sqbrt2g,Bon|Artis Painted Dog Apron,default,4200,2100,2100,2,4200,4200,0,#8F6SQBRT2G,
oi_vukakxk2ye,o_5eqhf9hvcg,p_3pyqfgnfp6,bo_8f6sqbrt2g,Bon|Artis Blue & Orange Bouquet Tea Towel,default,1990,995,995,4,3980,3980,0,#8F6SQBRT2G,
oi_24j3tzk9gz,o_5eqhf9hvcg,p_zwzh9dgcy7,bo_8f6sqbrt2g,Bon|Artis Bees Love These Tea Towel,default,1990,995,995,4,3980,3980,0,#8F6SQBRT2G,
oi_2v6uwpgfp9,o_5eqhf9hvcg,p_29tukxtnzy,bo_8f6sqbrt2g,Bon|Artis Red Dog Tea Towel,default,1990,995,995,4,3980,3980,0,#8F6SQBRT2G,
oi_kuj9gkk6rw,o_wg5jx8frse,p_v98nxkvsts,bo_vdxqbwb7py,Bon|Artis Oohlala House Tea Towel,default,1990,995,995,4,3980,3980,0,#VDXQBWB7PY,
oi_cqdp8q99q7,o_wg5jx8frse,p_zwzh9dgcy7,bo_vdxqbwb7py,Bon|Artis Bees Love These Tea Towel,default,1990,995,995,4,3980,3980,0,#VDXQBWB7PY,
oi_mwwujce29s,o_wg5jx8frse,p_7753bsunqm,bo_vdxqbwb7py,Bon|Artis Bike Baskets Tea Towel,default,1990,995,995,8,7960,7960,0,#VDXQBWB7PY,
oi_kxkmy54nhs,o_wg5jx8frse,p_3pyqfgnfp6,bo_vdxqbwb7py,Bon|Artis Blue & Orange Bouquet Tea Towel,default,1990,995,995,8,7960,7960,0,#VDXQBWB7PY,
oi_jah7xv3747,o_neb79kyj29,p_7753bsunqm,bo_kgfwpkagjm,Bon|Artis Bike Baskets Tea Towel,default,1990,995,995,4,3980,3980,0,#KGFWPKAGJM,
oi_qccqmhy6cn,o_neb79kyj29,p_zvv43brwrk,bo_kgfwpkagjm,Bon|Artis Black Cottage Tea Towel,default,1990,995,995,4,3980,3980,0,#KGFWPKAGJM,
oi_nyyctegtpv,o_neb79kyj29,p_zwzh9dgcy7,bo_kgfwpkagjm,Bon|Artis Bees Love These Tea Towel,default,1990,995,995,4,3980,3980,0,#KGFWPKAGJM,
oi_zcsp6wrntf,o_neb79kyj29,p_3pyqfgnfp6,bo_kgfwpkagjm,Bon|Artis Blue & Orange Bouquet Tea Towel,default,1990,995,995,4,3980,3980,0,#KGFWPKAGJM,
oi_s6apjsdm3k,o_neb79kyj29,p_h769hx52cx,bo_kgfwpkagjm,Bon|Artis Ooh La La Cat’s Meow Tea Towel,default,1990,995,995,4,3980,3980,0,#KGFWPKAGJM,
oi_cxfb3f9wh4,o_neb79kyj29,p_3d532gbm2v,bo_kgfwpkagjm,Bon|Artis Painted Dog Tote Bag,default,2500,1250,1250,3,3750,3750,0,#KGFWPKAGJM,
oi_8hz936pmez,o_neb79kyj29,p_h34qa4rpxc,bo_kgfwpkagjm,Bon|Artis Ooh La La House Tote Bag,default,2500,1250,1250,3,3750,3750,0,#KGFWPKAGJM,
oi_5zghxjpt77,o_u2cp6f46hm,p_zwzh9dgcy7,bo_vtguxsv5av,Bon|Artis Bees Love These Tea Towel,default,1990,995,995,4,3980,3980,0,#VTGUXSV5AV,
oi_u3bvadybu6,o_u2cp6f46hm,p_7nt46c37ff,bo_vtguxsv5av,Bon|Artis Painted Dog Tea Towel,default,1990,995,995,4,3980,3980,0,#VTGUXSV5AV,
oi_eptkcq5ad4,o_u2cp6f46hm,p_pdj8rur3c6,bo_vtguxsv5av,Bon|Artis Ooh La La Poodles Tea Towel,default,1990,995,995,4,3980,3980,0,#VTGUXSV5AV,
oi_wswytq4dbe,o_u2cp6f46hm,p_3pyqfgnfp6,bo_vtguxsv5av,Bon|Artis Blue & Orange Bouquet Tea Towel,default,1990,995,995,4,3980,3980,0,#VTGUXSV5AV,
oi_yqhbjrhqfe,o_u2cp6f46hm,p_beugb7a95u,bo_vtguxsv5av,Bon|Artis Ooh La La Cats Tea Towel,default,1990,995,995,4,3980,3980,0,#VTGUXSV5AV,
oi_4gj77fu4jj,o_u2cp6f46hm,p_v98nxkvsts,bo_vtguxsv5av,Bon|Artis Oohlala House Tea Towel,default,1990,995,995,4,3980,3980,0,#VTGUXSV5AV,
oi_uw63p37a24,o_u2cp6f46hm,p_kk9dcpd88n,bo_vtguxsv5av,Bon|Artis Ooh La La House Cosmetic Bags,"Medium (9""x3""6"")",2800,1400,1400,3,4200,4200,0,#VTGUXSV5AV,
oi_qafr4fh7fe,o_u2cp6f46hm,p_3455x82jp3,bo_vtguxsv5av,Bon|Artis Painted Dog Cosmetic Bags,"Medium (9""x3""6"")",2800,1400,1400,3,4200,4200,0,#VTGUXSV5AV,
oi_z5z6pxws6k,o_u2cp6f46hm,p_37f29ef524,bo_vtguxsv5av,Bon|Artis Ooh La La Poodles Tote Bag,default,2500,1250,1250,3,3750,3750,0,#VTGUXSV5AV,
oi_qs7kwxs5qw,o_u2cp6f46hm,p_h34qa4rpxc,bo_vtguxsv5av,Bon|Artis Ooh La La House Tote Bag,default,2500,1250,1250,3,3750,3750,0,#VTGUXSV5AV,
oi_re3b86pv8j,o_frsvu9hap5,p_anxvuvu5wd,bo_tzfjbgyj8w,Bon|Artis Oo La La House Pajama Long Shirt,X-Large,11400,5700,5700,1,5700,5700,0,#TZFJBGYJ8W,
oi_6ga8yf6bsw,o_frsvu9hap5,p_anxvuvu5wd,bo_tzfjbgyj8w,Bon|Artis Oo La La House Pajama Long Shirt,Medium,11400,5700,5700,1,5700,5700,0,#TZFJBGYJ8W,
oi_scz45u4bc5,o_frsvu9hap5,p_qydpvzv9dq,bo_tzfjbgyj8w,Bon|Artis Ooh La La House Apron,default,4200,2100,2100,2,4200,4200,0,#TZFJBGYJ8W,
oi_rkzexd27bq,o_frsvu9hap5,p_tnkewb7fqv,bo_tzfjbgyj8w,Bon|Artis Painted Dog Pajama Long Shirt,Medium,11400,5700,5700,1,5700,5700,0,#TZFJBGYJ8W,
oi_wysv42db89,o_frsvu9hap5,p_tnkewb7fqv,bo_tzfjbgyj8w,Bon|Artis Painted Dog Pajama Long Shirt,X-Large,11400,5700,5700,1,5700,5700,0,#TZFJBGYJ8W,
oi_fju998sb3h,o_frsvu9hap5,p_kk9dcpd88n,bo_tzfjbgyj8w,Bon|Artis Ooh La La House Cosmetic Bags,"Medium (9""x3""6"")",2800,1400,1400,3,4200,4200,0,#TZFJBGYJ8W,
oi_ubbjdvafaj,o_v7nv66sptb,p_7nt46c37ff,bo_sffz7ys9bm,Bon|Artis Painted Dog Tea Towel,default,1990,995,995,4,3980,3980,0,#SFFZ7YS9BM,
oi_5ftx24mgcx,o_v7nv66sptb,p_v98nxkvsts,bo_sffz7ys9bm,Bon|Artis Oohlala House Tea Towel,default,1990,995,995,4,3980,3980,0,#SFFZ7YS9BM,
oi_c555ajdkj6,o_v7nv66sptb,p_pdj8rur3c6,bo_sffz7ys9bm,Bon|Artis Ooh La La Poodles Tea Towel,default,1990,995,995,4,3980,3980,0,#SFFZ7YS9BM,
oi_h94n7negza,o_v7nv66sptb,p_h34qa4rpxc,bo_sffz7ys9bm,Bon|Artis Ooh La La House Tote Bag,default,2500,1250,1250,3,3750,3750,0,#SFFZ7YS9BM,
oi_46uayy9ud5,o_v7nv66sptb,p_h769hx52cx,bo_sffz7ys9bm,Bon|Artis Ooh La La Cat’s Meow Tea Towel,default,1990,995,995,4,3980,3980,0,#SFFZ7YS9BM,
oi_m8q6yy7aj7,o_v7nv66sptb,p_3d532gbm2v,bo_sffz7ys9bm,Bon|Artis Painted Dog Tote Bag,default,2500,1250,1250,3,3750,3750,0,#SFFZ7YS9BM,
oi_4qx8g7sd3e,o_2tgbgcq4fp,p_kk9dcpd88n,bo_n4xe4ctyve,Bon|Artis Ooh La La House Cosmetic Bags,"Medium (9""x3""6"")",2800,1400,1400,3,4200,4200,0,#N4XE4CTYVE,
oi_pw49gu5y9h,o_2tgbgcq4fp,p_kk9dcpd88n,bo_n4xe4ctyve,Bon|Artis Ooh La La House Cosmetic Bags,"Large (12""x5""x8"")",3400,1700,1700,3,5100,5100,0,#N4XE4CTYVE,
oi_m48vt9drcs,o_2tgbgcq4fp,p_tnkewb7fqv,bo_n4xe4ctyve,Bon|Artis Painted Dog Pajama Long Shirt,Small,11400,5700,5700,1,5700,5700,0,#N4XE4CTYVE,
oi_pbfsk5y28u,o_2tgbgcq4fp,p_tnkewb7fqv,bo_n4xe4ctyve,Bon|Artis Painted Dog Pajama Long Shirt,Medium,11400,5700,5700,1,5700,5700,0,#N4XE4CTYVE,
oi_6wvxhuveq4,o_2tgbgcq4fp,p_anxvuvu5wd,bo_n4xe4ctyve,Bon|Artis Oo La La House Pajama Long Shirt,Large,11400,5700,5700,1,5700,5700,0,#N4XE4CTYVE,
oi_g3rytuaypb,o_2tgbgcq4fp,p_anxvuvu5wd,bo_n4xe4ctyve,Bon|Artis Oo La La House Pajama Long Shirt,Small,11400,5700,5700,2,11400,11400,0,#N4XE4CTYVE,
oi_bvxc6enuqe,o_npm9mmqdjx,p_s8cbx7xbxx,bo_xdbkbfm58b,Bon|Artis Ooh La La Cats Meow Tote Bag,default,2500,1250,1250,9,11250,11250,0,#XDBKBFM58B,
oi_dgpqhgksz2,o_npm9mmqdjx,p_zs9z9rbu3q,bo_xdbkbfm58b,Bon|Artis Ooh La La Cats Tote Bag,default,2500,1250,1250,3,3750,3750,0,#XDBKBFM58B,
oi_7mb5cpu6wf,o_npm9mmqdjx,p_3455x82jp3,bo_xdbkbfm58b,Bon|Artis Painted Dog Cosmetic Bags,"Small (7""x2.25'x4.25)",2400,1200,1200,3,3600,3600,0,#XDBKBFM58B,
oi_wwu7mesmkf,o_npm9mmqdjx,p_54kxruvpxe,bo_xdbkbfm58b,Bon|Artis Ooh La La Cats Cosmetic Bags,"Small (7""x2.25'x4.25)",2400,1200,1200,3,3600,3600,0,#XDBKBFM58B,
oi_vscdhmpr5a,o_g4shxw7nkr,p_rmfv5unqhc,bo_rputyzzuyp,Bon|Artis Ooh La La House Pajama Set,X-Large,15800,7900,7900,1,7900,7900,0,#RPUTYZZUYP,
oi_47fgff4pfh,o_g4shxw7nkr,p_us6qfhtjyq,bo_rputyzzuyp,Bon|Artis The Painted Dog Pajama Set,X-Large,15800,7900,7900,1,7900,7900,0,#RPUTYZZUYP,
oi_wfgjk3wec6,o_g4shxw7nkr,p_4wwx2hgr9n,bo_rputyzzuyp,Bon|Artis Ooh La La Cats Pajama Set,X-Large,15800,7900,7900,1,7900,7900,0,#RPUTYZZUYP,
oi_kqdpzc3p3p,o_g4shxw7nkr,p_4wwx2hgr9n,bo_rputyzzuyp,Bon|Artis Ooh La La Cats Pajama Set,Large,15800,7900,7900,1,7900,7900,0,#RPUTYZZUYP,
oi_q3a9b7wzzx,o_g4shxw7nkr,p_4wwx2hgr9n,bo_rputyzzuyp,Bon|Artis Ooh La La Cats Pajama Set,Medium,15800,7900,7900,1,7900,7900,0,#RPUTYZZUYP,
oi_w8f7sfg27g,o_g4shxw7nkr,p_us6qfhtjyq,bo_rputyzzuyp,Bon|Artis The Painted Dog Pajama Set,Large,15800,7900,7900,1,7900,7900,0,#RPUTYZZUYP,
oi_s37fnh3ekz,o_6ev8b5wb3q,p_swmea5w7b9,bo_t9ejcs6pqs,Bon|Artis Painted Dog Apron,default,4200,2100,2100,2,4200,4200,0,#T9EJCS6PQS,
oi_sn75e5zwx4,o_6ev8b5wb3q,p_b5bhk2gnqe,bo_t9ejcs6pqs,Bon|Artis Ooh La La Cats Apron,default,4200,2100,2100,2,4200,4200,0,#T9EJCS6PQS,
oi_tvga92mnfb,o_6ev8b5wb3q,p_qydpvzv9dq,bo_t9ejcs6pqs,Bon|Artis Ooh La La House Apron,default,4200,2100,2100,2,4200,4200,0,#T9EJCS6PQS,
oi_dvqpvsebky,o_6ev8b5wb3q,p_3455x82jp3,bo_t9ejcs6pqs,Bon|Artis Painted Dog Cosmetic Bags,"Medium (9""x3""6"")",2800,1400,1400,3,4200,4200,0,#T9EJCS6PQS,
oi_4vswbgzev3,o_6ev8b5wb3q,p_54kxruvpxe,bo_t9ejcs6pqs,Bon|Artis Ooh La La Cats Cosmetic Bags,"Medium (9""x3""6"")",2800,1400,1400,3,4200,4200,0,#T9EJCS6PQS,
oi_phzzfd2e3z,o_44zj5dktsc,p_7nt46c37ff,bo_cmfj8fzysj,Bon|Artis Painted Dog Tea Towel,default,1990,995,995,4,3582,3980,10,#CMFJ8FZYSJ,
oi_y5bjz4uezu,o_44zj5dktsc,p_v98nxkvsts,bo_cmfj8fzysj,Bon|Artis Oohlala House Tea Towel,default,1990,995,995,4,3582,3980,10,#CMFJ8FZYSJ,
oi_7sgatm7xjq,o_44zj5dktsc,p_rmfv5unqhc,bo_cmfj8fzysj,Bon|Artis Ooh La La House Pajama Set,Medium,15800,7900,7900,1,7110,7900,10,#CMFJ8FZYSJ,
oi_25nqeequp9,o_44zj5dktsc,p_rmfv5unqhc,bo_cmfj8fzysj,Bon|Artis Ooh La La House Pajama Set,X-Large,15800,7900,7900,1,7110,7900,10,#CMFJ8FZYSJ,
oi_ce2ncmz9v2,o_44zj5dktsc,p_rmfv5unqhc,bo_cmfj8fzysj,Bon|Artis Ooh La La House Pajama Set,Large,15800,7900,7900,1,7110,7900,10,#CMFJ8FZYSJ,
oi_b84caawax8,o_44zj5dktsc,p_us6qfhtjyq,bo_cmfj8fzysj,Bon|Artis The Painted Dog Pajama Set,Medium,15800,7900,7900,1,7110,7900,10,#CMFJ8FZYSJ,
oi_kjq48uu4xe,o_44zj5dktsc,p_h34qa4rpxc,bo_cmfj8fzysj,Bon|Artis Ooh La La House Tote Bag,default,2500,1250,1250,3,3375,3750,10,#CMFJ8FZYSJ,
oi_hzfc2kx6vf,o_55xbefmetm,p_3d532gbm2v,bo_57zuwj8brg,Bon|Artis Painted Dog Tote Bag,default,2500,1250,1250,9,11250,11250,0,#57ZUWJ8BRG,
oi_6mfusurxpm,o_55xbefmetm,p_s8cbx7xbxx,bo_57zuwj8brg,Bon|Artis Ooh La La Cats Meow Tote Bag,default,2500,1250,1250,6,7500,7500,0,#57ZUWJ8BRG,
oi_c44psy55ar,o_55xbefmetm,p_7nt46c37ff,bo_57zuwj8brg,Bon|Artis Painted Dog Tea Towel,default,1990,995,995,4,3980,3980,0,#57ZUWJ8BRG,
oi_c95r53tuvd,o_ytvdeh2vrz,p_rmfv5unqhc,bo_dtxvyf3qfh,Bon|Artis Ooh La La House Pajama Set,Small,15800,7900,7900,1,7900,7900,0,#DTXVYF3QFH,
oi_mtdgahj2rp,o_ytvdeh2vrz,p_rmfv5unqhc,bo_dtxvyf3qfh,Bon|Artis Ooh La La House Pajama Set,X-Large,15800,7900,7900,1,7900,7900,0,#DTXVYF3QFH,
oi_dtjfw3c8jz,o_ytvdeh2vrz,p_rmfv5unqhc,bo_dtxvyf3qfh,Bon|Artis Ooh La La House Pajama Set,Medium,15800,7900,7900,1,7900,7900,0,#DTXVYF3QFH,
oi_gx8trz6xe5,o_ytvdeh2vrz,p_rmfv5unqhc,bo_dtxvyf3qfh,Bon|Artis Ooh La La House Pajama Set,Large,15800,7900,7900,1,7900,7900,0,#DTXVYF3QFH,
oi_bg7ynccg3k,o_fnrscrw5nu,p_rmfv5unqhc,bo_8qf99jb9m3,Bon|Artis Ooh La La House Pajama Set,Medium,15800,7900,7900,1,7900,7900,0,#8QF99JB9M3,
oi_gxapf8fey4,o_fnrscrw5nu,p_rmfv5unqhc,bo_8qf99jb9m3,Bon|Artis Ooh La La House Pajama Set,Small,15800,7900,7900,2,15800,15800,0,#8QF99JB9M3,
oi_2frgu9xxu5,o_fnrscrw5nu,p_us6qfhtjyq,bo_8qf99jb9m3,Bon|Artis The Painted Dog Pajama Set,Small,15800,7900,7900,1,7900,7900,0,#8QF99JB9M3,
oi_zewtjn7wmn,o_fnrscrw5nu,p_us6qfhtjyq,bo_8qf99jb9m3,Bon|Artis The Painted Dog Pajama Set,Medium,15800,7900,7900,2,15800,15800,0,#8QF99JB9M3,
oi_pgzmz97k5e,o_au885bet2r,p_anxvuvu5wd,bo_fdkcuj3w75,Bon|Artis Oo La La House Pajama Long Shirt,X-Large,11400,5700,5700,1,5700,5700,0,#FDKCUJ3W75,
oi_9adfua4ara,o_au885bet2r,p_v98nxkvsts,bo_fdkcuj3w75,Bon|Artis Oohlala House Tea Towel,default,1990,995,995,8,7960,7960,0,#FDKCUJ3W75,
oi_kgsqpxe4vn,o_au885bet2r,p_qydpvzv9dq,bo_fdkcuj3w75,Bon|Artis Ooh La La House Apron,default,4200,2100,2100,2,4200,4200,0,#FDKCUJ3W75,
oi_ys495rjq6c,o_au885bet2r,p_kk9dcpd88n,bo_fdkcuj3w75,Ooh La La House Cosmetic Bags,"Large (12""x5""x8"")",3400,1700,1700,3,5100,5100,0,#FDKCUJ3W75,
oi_ducmysjuh2,o_au885bet2r,p_3455x82jp3,bo_fdkcuj3w75,Painted Dog Cosmetic Bags,"Medium (9""x3""6"")",2800,1400,1400,3,4200,4200,0,#FDKCUJ3W75,
oi_kmj3bmpna9,o_cwrvc4c68g,p_v98nxkvsts,bo_aubaefvram,Bon|Artis Oohlala House Tea Towel,default,1990,995,995,4,3980,3980,0,#AUBAEFVRAM,
oi_f7bvcwnqun,o_cwrvc4c68g,p_7nt46c37ff,bo_aubaefvram,Bon|Artis Painted Dog Tea Towel,default,1990,995,995,4,3980,3980,0,#AUBAEFVRAM,
oi_4jm4aa59ct,o_cwrvc4c68g,p_h769hx52cx,bo_aubaefvram,Bon|Artis Ooh La La Cat’s Meow Tea Towel,default,1990,995,995,4,3980,3980,0,#AUBAEFVRAM,
oi_vw7ux753jw,o_cwrvc4c68g,p_h34qa4rpxc,bo_aubaefvram,Bon|Artis Ooh La La House Tote Bag,default,2500,1250,1250,3,3750,3750,0,#AUBAEFVRAM,
oi_eg2w79vjuv,o_cwrvc4c68g,p_pdj8rur3c6,bo_aubaefvram,Bon|Artis Ooh La La Poodles Tea Towel,default,1990,995,995,4,3980,3980,0,#AUBAEFVRAM,
oi_k76xt3p4cf,o_cwrvc4c68g,p_3d532gbm2v,bo_aubaefvram,Bon|Artis Painted Dog Tote Bag,default,2500,1250,1250,3,3750,3750,0,#AUBAEFVRAM,
oi_uqugsaweyz,o_ma9jgqxmvw,p_swmea5w7b9,bo_zrzbrysbfe,Bon|Artis Painted Dog Apron,default,4200,2100,2100,2,4200,4200,0,#ZRZBRYSBFE,
oi_4ayn2zffpa,o_ma9jgqxmvw,p_7nt46c37ff,bo_zrzbrysbfe,Bon|Artis Painted Dog Tea Towel,default,1990,995,995,8,7960,7960,0,#ZRZBRYSBFE,
oi_j3eky2ntzb,o_ma9jgqxmvw,p_pdj8rur3c6,bo_zrzbrysbfe,Bon|Artis Ooh La La Poodles Tea Towel,default,1990,995,995,4,3980,3980,0,#ZRZBRYSBFE,
oi_5jsvfxgdg4,o_ma9jgqxmvw,p_zwzh9dgcy7,bo_zrzbrysbfe,Bon|Artis Bees Love These Tea Towel,default,1990,995,995,8,7960,7960,0,#ZRZBRYSBFE,
oi_6zza6mjmwr,o_c6mpmahn2f,p_us6qfhtjyq,bo_mygfqvutvv,Bon|Artis The Painted Dog Pajama Set,Medium,15800,7900,7900,2,15800,15800,0,#MYGFQVUTVV,
oi_s3z8cmtnp4,o_c6mpmahn2f,p_rmfv5unqhc,bo_mygfqvutvv,Bon|Artis Ooh La La House Pajama Set,Large,15800,7900,7900,1,7900,7900,0,#MYGFQVUTVV,
oi_dkyjgux4ub,o_c6mpmahn2f,p_rmfv5unqhc,bo_mygfqvutvv,Bon|Artis Ooh La La House Pajama Set,Small,15800,7900,7900,1,7900,7900,0,#MYGFQVUTVV,
oi_cshhtmzmsd,o_c6mpmahn2f,p_rmfv5unqhc,bo_mygfqvutvv,Bon|Artis Ooh La La House Pajama Set,Medium,15800,7900,7900,2,15800,15800,0,#MYGFQVUTVV,
oi_ff73wbrf48,o_c6mpmahn2f,p_4wwx2hgr9n,bo_mygfqvutvv,Bon|Artis Ooh La La Cats Pajama Set,Medium,15800,7900,7900,2,15800,15800,0,#MYGFQVUTVV,
oi_bgahs7pycq,o_c6mpmahn2f,p_4wwx2hgr9n,bo_mygfqvutvv,Bon|Artis Ooh La La Cats Pajama Set,Small,15800,7900,7900,1,7900,7900,0,#MYGFQVUTVV,
oi_dp7y3sv9z7,o_c6mpmahn2f,p_4wwx2hgr9n,bo_mygfqvutvv,Bon|Artis Ooh La La Cats Pajama Set,Large,15800,7900,7900,1,7900,7900,0,#MYGFQVUTVV,
oi_pa5netwrar,o_c6mpmahn2f,p_us6qfhtjyq,bo_mygfqvutvv,Bon|Artis The Painted Dog Pajama Set,Large,15800,7900,7900,1,7900,7900,0,#MYGFQVUTVV,
oi_pu4gymqkng,o_c6mpmahn2f,p_us6qfhtjyq,bo_mygfqvutvv,Bon|Artis The Painted Dog Pajama Set,Small,15800,7900,7900,1,7900,7900,0,#MYGFQVUTVV,
oi_4h6zu4njnz,o_c6mpmahn2f,p_7753bsunqm,bo_mygfqvutvv,Bon|Artis Bike Baskets Tea Towel,default,1990,995,995,8,7960,7960,0,#MYGFQVUTVV,
oi_38pyy4g39d,o_c6mpmahn2f,p_v98nxkvsts,bo_mygfqvutvv,Bon|Artis Oohlala House Tea Towel,default,1990,995,995,8,7960,7960,0,#MYGFQVUTVV,
oi_xysr7jktkr,o_c6mpmahn2f,p_h769hx52cx,bo_mygfqvutvv,Bon|Artis Ooh La La Cat’s Meow Tea Towel,default,1990,995,995,8,7960,7960,0,#MYGFQVUTVV,
oi_emjsqtxbd6,o_c6mpmahn2f,p_zvv43brwrk,bo_mygfqvutvv,Bon|Artis Black Cottage Tea Towel,default,1990,995,995,8,7960,7960,0,#MYGFQVUTVV,
oi_2pdpk9hgmd,o_c6mpmahn2f,p_3pyqfgnfp6,bo_mygfqvutvv,Bon|Artis Blue & Orange Bouquet Tea Towel,default,1990,995,995,8,7960,7960,0,#MYGFQVUTVV,
oi_nxwz28qjcm,o_c6mpmahn2f,p_7nt46c37ff,bo_mygfqvutvv,Bon|Artis Painted Dog Tea Towel,default,1990,995,995,8,7960,7960,0,#MYGFQVUTVV,
oi_c4rfqvkunw,o_c6mpmahn2f,p_kk9dcpd88n,bo_mygfqvutvv,Ooh La La House Cosmetic Bags,"Small (7""x2.25'x4.25)",2400,1200,1200,3,3600,3600,0,#MYGFQVUTVV,
oi_6j7ztr3fmb,o_c6mpmahn2f,p_kk9dcpd88n,bo_mygfqvutvv,Ooh La La House Cosmetic Bags,"Medium (9""x3""6"")",2800,1400,1400,3,4200,4200,0,#MYGFQVUTVV,
oi_26gtbwpvtu,o_c6mpmahn2f,p_kk9dcpd88n,bo_mygfqvutvv,Ooh La La House Cosmetic Bags,"Large (12""x5""x8"")",3400,1700,1700,3,5100,5100,0,#MYGFQVUTVV,
oi_q94ec6y9cs,o_uk7fvf2xzz,p_kk9dcpd88n,bo_pxegzx23t6,Ooh La La House Cosmetic Bags,"Small (7""x2.25'x4.25)",2400,1200,1200,12,14400,14400,0,#PXEGZX23T6,
oi_5ehdcgwg8q,o_uk7fvf2xzz,p_pdj8rur3c6,bo_pxegzx23t6,Bon|Artis Ooh La La Poodles Tea Towel,default,1990,995,995,8,7960,7960,0,#PXEGZX23T6,
oi_zm833zxy4u,o_uk7fvf2xzz,p_qydpvzv9dq,bo_pxegzx23t6,Bon|Artis Ooh La La House Apron,default,4200,2100,2100,6,12600,12600,0,#PXEGZX23T6,
oi_cca4uafx7q,o_uk7fvf2xzz,p_rmfv5unqhc,bo_pxegzx23t6,Bon|Artis Ooh La La House Pajama Set,Small,15800,7900,7900,6,47400,47400,0,#PXEGZX23T6,
oi_s5gcxmkz2a,o_uk7fvf2xzz,p_rmfv5unqhc,bo_pxegzx23t6,Bon|Artis Ooh La La House Pajama Set,X-Large,15800,7900,7900,1,7900,7900,0,#PXEGZX23T6,
oi_upv4fufkcv,o_uk7fvf2xzz,p_6wng4c655h,bo_pxegzx23t6,Bon|Artis Ooh La La Cats Pajama Long Shirt,Medium,11400,5700,5700,1,5700,5700,0,#PXEGZX23T6,
oi_8wgffj5p5g,o_uk7fvf2xzz,p_6wng4c655h,bo_pxegzx23t6,Bon|Artis Ooh La La Cats Pajama Long Shirt,Small,11400,5700,5700,1,5700,5700,0,#PXEGZX23T6,
oi_298jjazduh,o_dwydfzj87x,p_kk9dcpd88n,bo_nbab4ekrvw,Ooh La La House Cosmetic Bags,"Medium (9""x3""6"")",2800,1400,1400,3,4200,4200,0,#NBAB4EKRVW,
oi_6yf264fryh,o_dwydfzj87x,p_rmfv5unqhc,bo_nbab4ekrvw,Bon|Artis Ooh La La House Pajama Set,Medium,15800,7900,7900,2,15800,15800,0,#NBAB4EKRVW,
oi_v2gnzvrsk9,o_dwydfzj87x,p_us6qfhtjyq,bo_nbab4ekrvw,Bon|Artis The Painted Dog Pajama Set,Small,15800,7900,7900,1,7900,7900,0,#NBAB4EKRVW,
oi_qqhw3aak5h,o_dwydfzj87x,p_us6qfhtjyq,bo_nbab4ekrvw,Bon|Artis The Painted Dog Pajama Set,Medium,15800,7900,7900,1,7900,7900,0,#NBAB4EKRVW,
oi_8wm39mv2e5,o_dwydfzj87x,p_4wwx2hgr9n,bo_nbab4ekrvw,Bon|Artis Ooh La La Cats Pajama Set,Large,15800,7900,7900,1,7900,7900,0,#NBAB4EKRVW,
oi_9dm4r8auv3,o_dwydfzj87x,p_4wwx2hgr9n,bo_nbab4ekrvw,Bon|Artis Ooh La La Cats Pajama Set,Medium,15800,7900,7900,1,7900,7900,0,#NBAB4EKRVW,
oi_utpg3styhd,o_dwydfzj87x,p_4wwx2hgr9n,bo_nbab4ekrvw,Bon|Artis Ooh La La Cats Pajama Set,Small,15800,7900,7900,1,7900,7900,0,#NBAB4EKRVW,
oi_uajqubr75d,o_khkwq68688,p_s8cbx7xbxx,bo_yq9bvzggte,Bon|Artis Ooh La La Cats Meow Tote Bag,default,2500,1250,1250,6,7500,7500,0,#YQ9BVZGGTE,
oi_cjtbpcasds,o_khkwq68688,p_7nt46c37ff,bo_yq9bvzggte,Bon|Artis Painted Dog Tea Towel,default,1990,995,995,4,3980,3980,0,#YQ9BVZGGTE,
oi_bunznktgvm,o_khkwq68688,p_h769hx52cx,bo_yq9bvzggte,Bon|Artis Ooh La La Cat’s Meow Tea Towel,default,1990,995,995,4,3980,3980,0,#YQ9BVZGGTE,
oi_7995zcdat9,o_khkwq68688,p_3d532gbm2v,bo_yq9bvzggte,Bon|Artis Painted Dog Tote Bag,default,2500,1250,1250,6,7500,7500,0,#YQ9BVZGGTE,
oi_t8j4cknh5v,o_9fecqe2yaw,p_rmfv5unqhc,bo_fdtdtghb7m,Bon|Artis Ooh La La House Pajama Set,Large,15800,7900,7900,2,15800,15800,0,#FDTDTGHB7M,
oi_ure52jwkbq,o_9fecqe2yaw,p_rmfv5unqhc,bo_fdtdtghb7m,Bon|Artis Ooh La La House Pajama Set,Medium,15800,7900,7900,4,31600,31600,0,#FDTDTGHB7M,
oi_6qpwhgghvb,o_xqjfmfksfp,p_beugb7a95u,bo_a6n3ks8un6,Bon|Artis Ooh La La Cats Tea Towel,default,1990,995,995,12,11940,11940,0,#A6N3KS8UN6,
oi_66fnbez699,o_xqjfmfksfp,p_7nt46c37ff,bo_a6n3ks8un6,Bon|Artis Painted Dog Tea Towel,default,1990,995,995,12,11940,11940,0,#A6N3KS8UN6,
oi_bydnv25kd8,o_xqjfmfksfp,p_h769hx52cx,bo_a6n3ks8un6,Bon|Artis Ooh La La Cat’s Meow Tea Towel,default,1990,995,995,4,3980,3980,0,#A6N3KS8UN6,
oi_wuymm53zsa,o_xqjfmfksfp,p_3455x82jp3,bo_a6n3ks8un6,Painted Dog Cosmetic Bags,"Small (7""x2.25'x4.25)",2400,1200,1200,6,7200,7200,0,#A6N3KS8UN6,
oi_xrbunzq8xs,o_xqjfmfksfp,p_kk9dcpd88n,bo_a6n3ks8un6,Ooh La La House Cosmetic Bags,"Small (7""x2.25'x4.25)",2400,1200,1200,6,7200,7200,0,#A6N3KS8UN6,
oi_dmbrsda4uk,o_xqjfmfksfp,p_54kxruvpxe,bo_a6n3ks8un6,Ooh La La Cats Cosmetic Bags,"Small (7""x2.25'x4.25)",2400,1200,1200,6,7200,7200,0,#A6N3KS8UN6,
oi_d4j488wzgg,o_xqjfmfksfp,p_v98nxkvsts,bo_a6n3ks8un6,Bon|Artis Oohlala House Tea Towel,default,1990,995,995,8,7960,7960,0,#A6N3KS8UN6,
oi_gca8rgmtwb,o_xqjfmfksfp,p_6wng4c655h,bo_a6n3ks8un6,Bon|Artis Ooh La La Cats Pajama Long Shirt,X-Large,11400,5700,5700,1,5700,5700,0,#A6N3KS8UN6,
oi_f7z7b4ampj,o_xqjfmfksfp,p_6wng4c655h,bo_a6n3ks8un6,Bon|Artis Ooh La La Cats Pajama Long Shirt,Large,11400,5700,5700,1,5700,5700,0,#A6N3KS8UN6,
oi_tq57hmbu66,o_xqjfmfksfp,p_6wng4c655h,bo_a6n3ks8un6,Bon|Artis Ooh La La Cats Pajama Long Shirt,Small,11400,5700,5700,1,5700,5700,0,#A6N3KS8UN6,
oi_2kfzy4sexa,o_xqjfmfksfp,p_6wng4c655h,bo_a6n3ks8un6,Bon|Artis Ooh La La Cats Pajama Long Shirt,Medium,11400,5700,5700,1,5700,5700,0,#A6N3KS8UN6,
oi_j5cjpkxwtj,o_xqjfmfksfp,p_tnkewb7fqv,bo_a6n3ks8un6,Bon|Artis Painted Dog Pajama Long Shirt,X-Large,11400,5700,5700,1,5700,5700,0,#A6N3KS8UN6,
oi_kua8rs7tkx,o_xqjfmfksfp,p_tnkewb7fqv,bo_a6n3ks8un6,Bon|Artis Painted Dog Pajama Long Shirt,Large,11400,5700,5700,1,5700,5700,0,#A6N3KS8UN6,
oi_y8kx57n7gp,o_xqjfmfksfp,p_tnkewb7fqv,bo_a6n3ks8un6,Bon|Artis Painted Dog Pajama Long Shirt,Medium,11400,5700,5700,1,5700,5700,0,#A6N3KS8UN6,
oi_sbpkb4jyky,o_xqjfmfksfp,p_tnkewb7fqv,bo_a6n3ks8un6,Bon|Artis Painted Dog Pajama Long Shirt,Small,11400,5700,5700,1,5700,5700,0,#A6N3KS8UN6,
oi_67jpzmmvxj,o_3b5synvs2x,p_h34qa4rpxc,bo_7beeczu74q,Bon|Artis Ooh La La House Tote Bag,default,2500,1250,1250,3,3750,3750,0,#7BEECZU74Q,
oi_4cc42kkpgf,o_3b5synvs2x,p_4wwx2hgr9n,bo_7beeczu74q,Bon|Artis Ooh La La Cats Pajama Set,Small,15800,7900,7900,1,7900,7900,0,#7BEECZU74Q,
oi_gv3as2vxn7,o_3b5synvs2x,p_4wwx2hgr9n,bo_7beeczu74q,Bon|Artis Ooh La La Cats Pajama Set,Medium,15800,7900,7900,1,7900,7900,0,#7BEECZU74Q,
oi_hncd8bguy4,o_3b5synvs2x,p_rmfv5unqhc,bo_7beeczu74q,Bon|Artis Ooh La La House Pajama Set,Small,15800,7900,7900,2,15800,15800,0,#7BEECZU74Q,
oi_7e578twz9w,o_3b5synvs2x,p_us6qfhtjyq,bo_7beeczu74q,Bon|Artis The Painted Dog Pajama Set,Small,15800,7900,7900,1,7900,7900,0,#7BEECZU74Q,
oi_fnnm38jk7k,o_jfr2geh7h3,p_ju8v5n88a9,bo_fg498dgyxm,Bon|Artis Blue Cat Tea Towel,default,1990,995,995,12,11940,11940,0,#FG498DGYXM,
oi_vug3yxjyz7,o_jfr2geh7h3,p_7nt46c37ff,bo_fg498dgyxm,Bon|Artis Painted Dog Tea Towel,default,1990,995,995,12,11940,11940,0,#FG498DGYXM,
oi_kt6x3nwnbw,o_wpzrw4bzg2,p_rmfv5unqhc,bo_bh88ryehja,Bon|Artis Ooh La La House Pajama Set,Small,15800,7900,7900,2,15800,15800,0,#BH88RYEHJA,
oi_nze9s4urju,o_wpzrw4bzg2,p_rmfv5unqhc,bo_bh88ryehja,Bon|Artis Ooh La La House Pajama Set,X-Large,15800,7900,7900,1,7900,7900,0,#BH88RYEHJA,
oi_865sh52jy7,o_kdmx697afr,p_h34qa4rpxc,bo_8vauzvrkc6,Bon|Artis Ooh La La House Tote Bag,default,2500,1250,1250,6,7500,7500,0,#8VAUZVRKC6,
oi_q2f8feg4gp,o_kdmx697afr,p_qydpvzv9dq,bo_8vauzvrkc6,Bon|Artis Ooh La La House Apron,default,4200,2100,2100,4,8400,8400,0,#8VAUZVRKC6,
oi_j4eyywdck8,o_kdmx697afr,p_rmfv5unqhc,bo_8vauzvrkc6,Bon|Artis Ooh La La House Pajama Set,Small,15800,7900,7900,2,15800,15800,0,#8VAUZVRKC6,
oi_g45vjpvvye,o_kdmx697afr,p_rmfv5unqhc,bo_8vauzvrkc6,Bon|Artis Ooh La La House Pajama Set,Large,15800,7900,7900,2,15800,15800,0,#8VAUZVRKC6,
oi_yy6kdx9zjh,o_kdmx697afr,p_rmfv5unqhc,bo_8vauzvrkc6,Bon|Artis Ooh La La House Pajama Set,Medium,15800,7900,7900,2,15800,15800,0,#8VAUZVRKC6,
oi_sjfaj594xu,o_kdmx697afr,p_v98nxkvsts,bo_8vauzvrkc6,Bon|Artis Oohlala House Tea Towel,default,1990,995,995,24,23880,23880,0,#8VAUZVRKC6,
oi_ne7e5wvk8n,o_xferjsruh3,p_ju8v5n88a9,bo_fwhxu7ktr5,Bon|Artis Blue Cat Tea Towel,default,1990,995,995,4,3980,3980,0,#FWHXU7KTR5,
oi_hjh6yw5map,o_xferjsruh3,p_7nt46c37ff,bo_fwhxu7ktr5,Bon|Artis Painted Dog Tea Towel,default,1990,995,995,8,7960,7960,0,#FWHXU7KTR5,
oi_jphwtjdv4e,o_xferjsruh3,p_3pyqfgnfp6,bo_fwhxu7ktr5,Bon|Artis Blue & Orange Bouquet Tea Towel,default,1990,995,995,8,7960,7960,0,#FWHXU7KTR5,
oi_j5w8mtyz8n,o_xferjsruh3,p_7753bsunqm,bo_fwhxu7ktr5,Bon|Artis Bike Baskets Tea Towel,default,1990,995,995,4,3980,3980,0,#FWHXU7KTR5,
oi_9n7bbgkxm4,o_xferjsruh3,p_h769hx52cx,bo_fwhxu7ktr5,Bon|Artis Ooh La La Cat’s Meow Tea Towel,default,1990,995,995,4,3980,3980,0,#FWHXU7KTR5,
oi_t45zb88rq7,o_mngmten24r,p_7nt46c37ff,bo_42svqq7mhc,Bon|Artis Painted Dog Tea Towel,default,1990,995,995,4,3980,3980,0,#42SVQQ7MHC,
oi_yt5bm48dtk,o_mngmten24r,p_7753bsunqm,bo_42svqq7mhc,Bon|Artis Bike Baskets Tea Towel,default,1990,995,995,4,3980,3980,0,#42SVQQ7MHC,
oi_qj4eux34vq,o_mngmten24r,p_beugb7a95u,bo_42svqq7mhc,Bon|Artis Ooh La La Cats Tea Towel,default,1990,995,995,4,3980,3980,0,#42SVQQ7MHC,
oi_ct5p3txtm6,o_mngmten24r,p_29tukxtnzy,bo_42svqq7mhc,Bon|Artis Red Dog Tea Towel,default,1990,995,995,4,3980,3980,0,#42SVQQ7MHC,
oi_vm8z8pc4c4,o_mngmten24r,p_3pyqfgnfp6,bo_42svqq7mhc,Bon|Artis Blue & Orange Bouquet Tea Towel,default,1990,995,995,4,3980,3980,0,#42SVQQ7MHC,
oi_uvmxjt2wym,o_mngmten24r,p_ju8v5n88a9,bo_42svqq7mhc,Bon|Artis Blue Cat Tea Towel,default,1990,995,995,8,7960,7960,0,#42SVQQ7MHC,
oi_v3p2hj67vm,o_bxdxkx6pd4,p_qydpvzv9dq,bo_xnucgc37c8,Bon|Artis Ooh La La House Apron,default,4200,2100,2100,2,4200,4200,0,#XNUCGC37C8,
oi_2j7s2rmykd,o_bxdxkx6pd4,p_b5bhk2gnqe,bo_xnucgc37c8,Bon|Artis Ooh La La Cats Apron,default,4200,2100,2100,2,4200,4200,0,#XNUCGC37C8,
oi_eux3efd53k,o_bxdxkx6pd4,p_swmea5w7b9,bo_xnucgc37c8,Bon|Artis Painted Dog Apron,default,4200,2100,2100,2,4200,4200,0,#XNUCGC37C8,
oi_v5kkkupwgn,o_bxdxkx6pd4,p_4az7yk7mp6,bo_xnucgc37c8,Bon|Artis Llamas Tea Towel,default,1990,995,995,4,3980,3980,0,#XNUCGC37C8,
oi_mgfhk56ynm,o_bxdxkx6pd4,p_rvr7y67x3n,bo_xnucgc37c8,Bon|Artis Elephant Garden Tea Towel,default,1990,995,995,4,3980,3980,0,#XNUCGC37C8,
oi_nqpx7nvebm,o_bxdxkx6pd4,p_7nt46c37ff,bo_xnucgc37c8,Bon|Artis Painted Dog Tea Towel,default,1990,995,995,4,3980,3980,0,#XNUCGC37C8,
oi_eg2cu8z73n,o_bxdxkx6pd4,p_pdj8rur3c6,bo_xnucgc37c8,Bon|Artis Ooh La La Poodles Tea Towel,default,1990,995,995,4,3980,3980,0,#XNUCGC37C8,
oi_3y34wswzc4,o_kmufzhwrg7,p_h34qa4rpxc,bo_hebb8ngne2,Bon|Artis Ooh La La House Tote Bag,default,2500,1250,1250,3,3188,3750,15,#HEBB8NGNE2,
oi_keytxqwfwa,o_kmufzhwrg7,p_29tukxtnzy,bo_hebb8ngne2,Bon|Artis Red Dog Tea Towel,default,1990,995,995,4,3383,3980,15,#HEBB8NGNE2,
oi_c3frgj2av5,o_kmufzhwrg7,p_v98nxkvsts,bo_hebb8ngne2,Bon|Artis Oohlala House Tea Towel,default,1990,995,995,4,3383,3980,15,#HEBB8NGNE2,
oi_ascmh6q5k8,o_kmufzhwrg7,p_7nt46c37ff,bo_hebb8ngne2,Bon|Artis Painted Dog Tea Towel,default,1990,995,995,4,3383,3980,15,#HEBB8NGNE2,
oi_bhugzvb68r,o_kmufzhwrg7,p_3pyqfgnfp6,bo_hebb8ngne2,Bon|Artis Blue & Orange Bouquet Tea Towel,default,1990,995,995,4,3383,3980,15,#HEBB8NGNE2,
oi_zrrufh7wgj,o_kmufzhwrg7,p_pdj8rur3c6,bo_hebb8ngne2,Bon|Artis Ooh La La Poodles Tea Towel,default,1990,995,995,4,3383,3980,15,#HEBB8NGNE2,
oi_tzwp97vjg4,o_gnqww2t8yv,p_h34qa4rpxc,bo_fgsg24txbs,Bon|Artis Ooh La La House Tote Bag,default,2500,1250,1250,15,15938,18750,15,#FGSG24TXBS,
oi_m7yhxhv5r3,o_gnqww2t8yv,p_beugb7a95u,bo_fgsg24txbs,Bon|Artis Ooh La La Cats Tea Towel,default,1990,995,995,20,16915,19900,15,#FGSG24TXBS,
oi_zejufcb9fm,o_gnqww2t8yv,p_zs9z9rbu3q,bo_fgsg24txbs,Bon|Artis Ooh La La Cats Tote Bag,default,2500,1250,1250,18,19125,22500,15,#FGSG24TXBS,
oi_4rrnh2gaw2,o_gnqww2t8yv,p_s8cbx7xbxx,bo_fgsg24txbs,Bon|Artis Ooh La La Cats Meow Tote Bag,default,2500,1250,1250,12,12750,15000,15,#FGSG24TXBS,
oi_mcg3gx7ba4,o_gnqww2t8yv,p_v98nxkvsts,bo_fgsg24txbs,Bon|Artis Oohlala House Tea Towel,default,1990,995,995,20,16915,19900,15,#FGSG24TXBS,
oi_q57ucuensp,o_2reyy785wy,p_7nt46c37ff,bo_abbmz5rzwh,Bon|Artis Painted Dog Tea Towel,default,1990,995,995,4,3383,3980,15,#ABBMZ5RZWH,
oi_qasabk8dwz,o_2reyy785wy,p_v98nxkvsts,bo_abbmz5rzwh,Bon|Artis Oohlala House Tea Towel,default,1990,995,995,12,10149,11940,15,#ABBMZ5RZWH,
oi_zp49v7rc34,o_2reyy785wy,p_pdj8rur3c6,bo_abbmz5rzwh,Bon|Artis Ooh La La Poodles Tea Towel,default,1990,995,995,4,3383,3980,15,#ABBMZ5RZWH,
oi_kmu5btdkhm,o_2reyy785wy,p_6wng4c655h,bo_abbmz5rzwh,Bon|Artis Ooh La La Cats Pajama Long Shirt,Large,11400,5700,5700,1,4845,5700,15,#ABBMZ5RZWH,
oi_gvkasmqxsg,o_2reyy785wy,p_6wng4c655h,bo_abbmz5rzwh,Bon|Artis Ooh La La Cats Pajama Long Shirt,Medium,11400,5700,5700,1,4845,5700,15,#ABBMZ5RZWH,
oi_yjby73vgpp,o_2reyy785wy,p_6wng4c655h,bo_abbmz5rzwh,Bon|Artis Ooh La La Cats Pajama Long Shirt,Small,11400,5700,5700,1,4845,5700,15,#ABBMZ5RZWH,
oi_y547ahymfx,o_2reyy785wy,p_qydpvzv9dq,bo_abbmz5rzwh,Bon|Artis Ooh La La House Apron,default,4200,2100,2100,2,3570,4200,15,#ABBMZ5RZWH,
oi_vw9wmkjk4t,o_2reyy785wy,p_h34qa4rpxc,bo_abbmz5rzwh,Bon|Artis Ooh La La House Tote Bag,default,2500,1250,1250,3,3188,3750,15,#ABBMZ5RZWH,
oi_zhbumu8sax,o_2reyy785wy,p_rmfv5unqhc,bo_abbmz5rzwh,Bon|Artis Ooh La La House Pajama Set,Large,15800,7900,7900,1,6715,7900,15,#ABBMZ5RZWH,
oi_a5c3wd7cfe,o_2reyy785wy,p_rmfv5unqhc,bo_abbmz5rzwh,Bon|Artis Ooh La La House Pajama Set,Small,15800,7900,7900,1,6715,7900,15,#ABBMZ5RZWH,
oi_as3dvtjdvy,o_2reyy785wy,p_rmfv5unqhc,bo_abbmz5rzwh,Bon|Artis Ooh La La House Pajama Set,Medium,15800,7900,7900,2,13430,15800,15,#ABBMZ5RZWH,
oi_w44e7bc67y,o_qtvbfabtmw,p_7753bsunqm,bo_gjmb46abn2,Bon|Artis Bike Baskets Tea Towel,default,1990,995,995,4,3383,3980,15,#GJMB46ABN2,
oi_jug2r35zch,o_qtvbfabtmw,p_zvv43brwrk,bo_gjmb46abn2,Bon|Artis Black Cottage Tea Towel,default,1990,995,995,4,3383,3980,15,#GJMB46ABN2,
oi_rrsmgr5fhg,o_qtvbfabtmw,p_zwzh9dgcy7,bo_gjmb46abn2,Bon|Artis Bees Love These Tea Towel,default,1990,995,995,4,3383,3980,15,#GJMB46ABN2,
oi_5u27q2fws8,o_qtvbfabtmw,p_3pyqfgnfp6,bo_gjmb46abn2,Bon|Artis Blue & Orange Bouquet Tea Towel,default,1990,995,995,4,3383,3980,15,#GJMB46ABN2,
oi_ytqdhwcb4x,o_qtvbfabtmw,p_s8cbx7xbxx,bo_gjmb46abn2,Bon|Artis Ooh La La Cats Meow Tote Bag,default,2500,1250,1250,3,3188,3750,15,#GJMB46ABN2,
oi_fmzk7p8pq8,o_qtvbfabtmw,p_3d532gbm2v,bo_gjmb46abn2,Bon|Artis Painted Dog Tote Bag,default,2500,1250,1250,3,3188,3750,15,#GJMB46ABN2,
oi_4mhk3mqb5m,o_9wzvptfwus,p_7nt46c37ff,bo_gjmjs3fkya,Bon|Artis Painted Dog Tea Towel,default,1990,995,995,8,6766,7960,15,#GJMJS3FKYA,
oi_2cab5wt885,o_9wzvptfwus,p_pdj8rur3c6,bo_gjmjs3fkya,Bon|Artis Ooh La La Poodles Tea Towel,default,1990,995,995,8,6766,7960,15,#GJMJS3FKYA,
oi_2m2ght2fxe,o_9wzvptfwus,p_v98nxkvsts,bo_gjmjs3fkya,Bon|Artis Oohlala House Tea Towel,default,1990,995,995,8,6766,7960,15,#GJMJS3FKYA,
oi_ejhsy3r2te,o_jwtkgtvnf5,p_zwzh9dgcy7,bo_6maxaww7pe,Bon|Artis Bees Love These Tea Towel,default,1990,995,995,4,3383,3980,15,#6MAXAWW7PE,
oi_sr56b8fnzd,o_jwtkgtvnf5,p_h34qa4rpxc,bo_6maxaww7pe,Bon|Artis Ooh La La House Tote Bag,default,2500,1250,1250,3,3188,3750,15,#6MAXAWW7PE,
oi_28dr7nympy,o_jwtkgtvnf5,p_37f29ef524,bo_6maxaww7pe,Bon|Artis Ooh La La Poodles Tote Bag,default,2500,1250,1250,3,3188,3750,15,#6MAXAWW7PE,
oi_dxzjtb5dhf,o_jwtkgtvnf5,p_3d532gbm2v,bo_6maxaww7pe,Bon|Artis Painted Dog Tote Bag,default,2500,1250,1250,3,3188,3750,15,#6MAXAWW7PE,
oi_4sva8xge9a,o_jwtkgtvnf5,p_7nt46c37ff,bo_6maxaww7pe,Bon|Artis Painted Dog Tea Towel,default,1990,995,995,4,3383,3980,15,#6MAXAWW7PE,
oi_58jcdjgama,o_jwtkgtvnf5,p_pdj8rur3c6,bo_6maxaww7pe,Bon|Artis Ooh La La Poodles Tea Towel,default,1990,995,995,4,3383,3980,15,#6MAXAWW7PE,
oi_khz9snvqyd,o_ewz5kbfpnh,p_b5bhk2gnqe,bo_8guh9egq8s,Bon|Artis Ooh La La Cats Apron,default,4200,2100,2100,2,4200,4200,0,#8GUH9EGQ8S,
oi_ygnendnu5t,o_ewz5kbfpnh,p_qydpvzv9dq,bo_8guh9egq8s,Bon|Artis Ooh La La House Apron,default,4200,2100,2100,2,4200,4200,0,#8GUH9EGQ8S,
oi_pfbdf5xh42,o_ewz5kbfpnh,p_swmea5w7b9,bo_8guh9egq8s,Bon|Artis Painted Dog Apron,default,4200,2100,2100,2,4200,4200,0,#8GUH9EGQ8S,
oi_2x3q99ap5g,o_ewz5kbfpnh,p_ju8v5n88a9,bo_8guh9egq8s,Bon|Artis Blue Cat Tea Towel,default,1990,995,995,4,3980,3980,0,#8GUH9EGQ8S,
oi_g5ava6jpm9,o_ewz5kbfpnh,p_7nt46c37ff,bo_8guh9egq8s,Bon|Artis Painted Dog Tea Towel,default,1990,995,995,4,3980,3980,0,#8GUH9EGQ8S,
oi_g88z67rusq,o_ewz5kbfpnh,p_29tukxtnzy,bo_8guh9egq8s,Bon|Artis Red Dog Tea Towel,default,1990,995,995,4,3980,3980,0,#8GUH9EGQ8S,
oi_qfthesnqha,o_grgg488hqe,p_h769hx52cx,bo_3z2zshp8cr,Bon|Artis Ooh La La Cat’s Meow Tea Towel,default,1990,995,995,8,7960,7960,0,#3Z2ZSHP8CR,
oi_jwxfsa3vqb,o_grgg488hqe,p_7nt46c37ff,bo_3z2zshp8cr,Bon|Artis Painted Dog Tea Towel,default,1990,995,995,8,7960,7960,0,#3Z2ZSHP8CR,
oi_37dv5d4pjr,o_grgg488hqe,p_29tukxtnzy,bo_3z2zshp8cr,Bon|Artis Red Dog Tea Towel,default,1990,995,995,4,3980,3980,0,#3Z2ZSHP8CR,
oi_bh8nuzy5c6,o_grgg488hqe,p_ju8v5n88a9,bo_3z2zshp8cr,Bon|Artis Blue Cat Tea Towel,default,1990,995,995,4,3980,3980,0,#3Z2ZSHP8CR,
oi_ure2r833ky,o_wsp69fdeye,p_29tukxtnzy,bo_sherk57vrp,Bon|Artis Red Dog Tea Towel,default,1990,995,995,4,3980,3980,0,#SHERK57VRP,
oi_s5bcnn74pp,o_wsp69fdeye,p_37f29ef524,bo_sherk57vrp,Bon|Artis Ooh La La Poodles Tote Bag,default,2500,1250,1250,3,3750,3750,0,#SHERK57VRP,
oi_uy9yyf5web,o_wsp69fdeye,p_swmea5w7b9,bo_sherk57vrp,Bon|Artis Painted Dog Apron,default,4200,2100,2100,2,4200,4200,0,#SHERK57VRP,
oi_9ka6228j92,o_wsp69fdeye,p_7nt46c37ff,bo_sherk57vrp,Bon|Artis Painted Dog Tea Towel,default,1990,995,995,4,3980,3980,0,#SHERK57VRP,
oi_j46xnrw24u,o_wsp69fdeye,p_zs9z9rbu3q,bo_sherk57vrp,Bon|Artis Ooh La La Cats Tote Bag,default,2500,1250,1250,3,3750,3750,0,#SHERK57VRP,
oi_v3bfqku9nj,o_wsp69fdeye,p_us6qfhtjyq,bo_sherk57vrp,Bon|Artis The Painted Dog Pajama Set,Small,15800,7900,7900,1,7900,7900,0,#SHERK57VRP,
oi_n4nuavh8qs,o_wsp69fdeye,p_us6qfhtjyq,bo_sherk57vrp,Bon|Artis The Painted Dog Pajama Set,Medium,15800,7900,7900,1,7900,7900,0,#SHERK57VRP,
oi_5swuzd9jtx,o_wsp69fdeye,p_us6qfhtjyq,bo_sherk57vrp,Bon|Artis The Painted Dog Pajama Set,Large,15800,7900,7900,1,7900,7900,0,#SHERK57VRP,
oi_b94kffvr4v,o_wsp69fdeye,p_us6qfhtjyq,bo_sherk57vrp,Bon|Artis The Painted Dog Pajama Set,X-Large,15800,7900,7900,1,7900,7900,0,#SHERK57VRP,
oi_3b7ds4gvhz,o_q9sytwxt95,p_pdj8rur3c6,bo_4b44bc3e7s,Bon|Artis Ooh La La Poodles Tea Towel,default,1990,995,995,4,3980,3980,0,#4B44BC3E7S,
oi_dcc7ye4qq7,o_q9sytwxt95,p_7nt46c37ff,bo_4b44bc3e7s,Bon|Artis Painted Dog Tea Towel,default,1990,995,995,8,7960,7960,0,#4B44BC3E7S,
oi_r6hkwhdzk4,o_q9sytwxt95,p_h769hx52cx,bo_4b44bc3e7s,Bon|Artis Ooh La La Cat’s Meow Tea Towel,default,1990,995,995,8,7960,7960,0,#4B44BC3E7S,
oi_xebsjqh82z,o_q9sytwxt95,p_v98nxkvsts,bo_4b44bc3e7s,Bon|Artis Oohlala House Tea Towel,default,1990,995,995,4,3980,3980,0,#4B44BC3E7S,
oi_a64jjxqzbg,o_4hkke7ed3w,p_v98nxkvsts,bo_cjrg38pu52,Bon|Artis Oohlala House Tea Towel,default,1990,995,995,24,23880,23880,0,#CJRG38PU52,
oi_pme45gawtz,o_4hkke7ed3w,p_atux9zvk77,bo_cjrg38pu52,Bon|Artis Bees Love These Apron,default,4200,2100,2100,4,8400,8400,0,#CJRG38PU52,
oi_txtpvmd3b8,o_4hkke7ed3w,p_7nt46c37ff,bo_cjrg38pu52,Bon|Artis Painted Dog Tea Towel,default,1990,995,995,20,19900,19900,0,#CJRG38PU52,
oi_egeggqpb3b,o_4hkke7ed3w,p_zs9z9rbu3q,bo_cjrg38pu52,Bon|Artis Ooh La La Cats Tote Bag,default,2500,1250,1250,6,7500,7500,0,#CJRG38PU52,
oi_5aftjneuyh,o_4hkke7ed3w,p_h769hx52cx,bo_cjrg38pu52,Bon|Artis Ooh La La Cat’s Meow Tea Towel,default,1990,995,995,20,19900,19900,0,#CJRG38PU52,
oi_j9dz7kgf9q,o_4hkke7ed3w,p_h34qa4rpxc,bo_cjrg38pu52,Bon|Artis Ooh La La House Tote Bag,default,2500,1250,1250,6,7500,7500,0,#CJRG38PU52,
oi_cghqbu9ajx,o_jyw9ppszdt,p_v98nxkvsts,bo_ean49bece7,Bon|Artis Oohlala House Tea Towel,default,1990,995,995,16,15920,15920,0,#EAN49BECE7,
oi_taz5cag34y,o_jyw9ppszdt,p_beugb7a95u,bo_ean49bece7,Bon|Artis Ooh La La Cats Tea Towel,default,1990,995,995,12,11940,11940,0,#EAN49BECE7,
oi_6kf43bbs8g,o_jyw9ppszdt,p_zwzh9dgcy7,bo_ean49bece7,Bon|Artis Bees Love These Tea Towel,default,1990,995,995,8,7960,7960,0,#EAN49BECE7,
oi_6g822aya87,o_d2bzsj4pqg,p_beugb7a95u,bo_v2mfctg62b,Bon|Artis Ooh La La Cats Tea Towel,default,1990,995,995,4,3980,3980,0,#V2MFCTG62B,
oi_3nj9sp8rum,o_d2bzsj4pqg,p_v98nxkvsts,bo_v2mfctg62b,Bon|Artis Oohlala House Tea Towel,default,1990,995,995,4,3980,3980,0,#V2MFCTG62B,
oi_chxhdnwya6,o_d2bzsj4pqg,p_zwzh9dgcy7,bo_v2mfctg62b,Bon|Artis Bees Love These Tea Towel,default,1990,995,995,4,3980,3980,0,#V2MFCTG62B,
oi_rzvmjsjdzk,o_d2bzsj4pqg,p_3pyqfgnfp6,bo_v2mfctg62b,Bon|Artis Blue & Orange Bouquet Tea Towel,default,1990,995,995,4,3980,3980,0,#V2MFCTG62B,
oi_ycguudfgbn,o_d2bzsj4pqg,p_7nt46c37ff,bo_v2mfctg62b,Bon|Artis Painted Dog Tea Towel,default,1990,995,995,4,3980,3980,0,#V2MFCTG62B,
oi_r8jphbnmwg,o_d2bzsj4pqg,p_3d532gbm2v,bo_v2mfctg62b,Bon|Artis Painted Dog Tote Bag,default,2500,1250,1250,3,3750,3750,0,#V2MFCTG62B,
oi_qzakd82rew,o_d2bzsj4pqg,p_h34qa4rpxc,bo_v2mfctg62b,Bon|Artis Ooh La La House Tote Bag,default,2500,1250,1250,3,3750,3750,0,#V2MFCTG62B,
oi_8xuhe54krh,o_qhj3pu4kv6,p_v98nxkvsts,bo_ac2r96ccyx,Bon|Artis Oohlala House Tea Towel,default,1990,995,995,8,7960,7960,0,#AC2R96CCYX,
oi_qqp6z6kqch,o_qhj3pu4kv6,p_pdj8rur3c6,bo_ac2r96ccyx,Bon|Artis Ooh La La Poodles Tea Towel,default,1990,995,995,8,7960,7960,0,#AC2R96CCYX,
oi_c64cxzjpge,o_qhj3pu4kv6,p_7nt46c37ff,bo_ac2r96ccyx,Bon|Artis Painted Dog Tea Towel,default,1990,995,995,4,3980,3980,0,#AC2R96CCYX,
oi_ujmy9vg77y,o_qhj3pu4kv6,p_h769hx52cx,bo_ac2r96ccyx,Bon|Artis Ooh La La Cat’s Meow Tea Towel,default,1990,995,995,4,3980,3980,0,#AC2R96CCYX,
oi_cxsfy374dc,o_2pnejrk66y,p_zwzh9dgcy7,bo_uqn6skrw4d,Bon|Artis Bees Love These Tea Towel,default,1990,995,995,4,3980,3980,0,#UQN6SKRW4D,
oi_nbc4kd3sfz,o_2pnejrk66y,p_zvv43brwrk,bo_uqn6skrw4d,Bon|Artis Black Cottage Tea Towel,default,1990,995,995,12,11940,11940,0,#UQN6SKRW4D,
oi_jb5pw6p8g6,o_2pnejrk66y,p_3pyqfgnfp6,bo_uqn6skrw4d,Bon|Artis Blue & Orange Bouquet Tea Towel,default,1990,995,995,8,7960,7960,0,#UQN6SKRW4D,
oi_gt8npcfs6c,o_spngtrdah9,p_v98nxkvsts,bo_x742q2hu2f,Bon|Artis Oohlala House Tea Towel,default,1990,995,995,4,3980,3980,0,#X742Q2HU2F,
oi_c6h9prkh2j,o_spngtrdah9,p_qydpvzv9dq,bo_x742q2hu2f,Bon|Artis Ooh La La House Apron,default,4200,2100,2100,2,4200,4200,0,#X742Q2HU2F,
oi_e6jnfysm5b,o_spngtrdah9,p_rvr7y67x3n,bo_x742q2hu2f,Bon|Artis Elephant Garden Tea Towel,default,1990,995,995,4,3980,3980,0,#X742Q2HU2F,
oi_y4wnrdwrbq,o_spngtrdah9,p_3pyqfgnfp6,bo_x742q2hu2f,Bon|Artis Blue & Orange Bouquet Tea Towel,default,1990,995,995,4,3980,3980,0,#X742Q2HU2F,
oi_4uuvhuzmwz,o_spngtrdah9,p_zvv43brwrk,bo_x742q2hu2f,Bon|Artis Black Cottage Tea Towel,default,1990,995,995,4,3980,3980,0,#X742Q2HU2F,
oi_z2qpr48tav,o_spngtrdah9,p_ju8v5n88a9,bo_x742q2hu2f,Bon|Artis Blue Cat Tea Towel,default,1990,995,995,4,3980,3980,0,#X742Q2HU2F,
oi_hdaxtebujr,o_spngtrdah9,p_29tukxtnzy,bo_x742q2hu2f,Bon|Artis Red Dog Tea Towel,default,1990,995,995,4,3980,3980,0,#X742Q2HU2F,
oi_xzyj4cve3t,o_spngtrdah9,p_7nt46c37ff,bo_x742q2hu2f,Bon|Artis Painted Dog Tea Towel,default,1990,995,995,4,3980,3980,0,#X742Q2HU2F,
oi_gcd2ru9wtx,o_spngtrdah9,p_pdj8rur3c6,bo_x742q2hu2f,Bon|Artis Ooh La La Poodles Tea Towel,default,1990,995,995,4,3980,3980,0,#X742Q2HU2F,
oi_ya2f3m3bu5,o_spngtrdah9,p_beugb7a95u,bo_x742q2hu2f,Bon|Artis Ooh La La Cats Tea Towel,default,1990,995,995,4,3980,3980,0,#X742Q2HU2F,
oi_7uaek9ttrd,o_spngtrdah9,p_b5bhk2gnqe,bo_x742q2hu2f,Bon|Artis Ooh La La Cats Apron,default,4200,2100,2100,2,4200,4200,0,#X742Q2HU2F,
oi_dqmtdw6mds,o_spngtrdah9,p_swmea5w7b9,bo_x742q2hu2f,Bon|Artis Painted Dog Apron,default,4200,2100,2100,2,4200,4200,0,#X742Q2HU2F,
oi_fbmzmcpfee,o_spngtrdah9,p_4az7yk7mp6,bo_x742q2hu2f,Bon|Artis Llamas Tea Towel,default,1990,995,995,4,3980,3980,0,#X742Q2HU2F,
oi_rez29rkddd,o_spngtrdah9,p_7753bsunqm,bo_x742q2hu2f,Bon|Artis Bike Baskets Tea Towel,default,1990,995,995,4,3980,3980,0,#X742Q2HU2F,
oi_dp4yypfnru,o_spngtrdah9,p_atux9zvk77,bo_x742q2hu2f,Bon|Artis Bees Love These Apron,default,4200,2100,2100,2,4200,4200,0,#X742Q2HU2F,
oi_wypk2sjhpk,o_spngtrdah9,p_h769hx52cx,bo_x742q2hu2f,Bon|Artis Ooh La La Cat’s Meow Tea Towel,default,1990,995,995,4,3980,3980,0,#X742Q2HU2F,
oi_pd2bbtpawc,o_xawk3snn8z,p_beugb7a95u,bo_j96tnttr4m,Bon|Artis Ooh La La Cats Tea Towel,default,1990,995,995,24,23880,23880,0,#J96TNTTR4M,
oi_8w2cnr7gqg,o_xawk3snn8z,p_7nt46c37ff,bo_j96tnttr4m,Bon|Artis Painted Dog Tea Towel,default,1990,995,995,24,23880,23880,0,#J96TNTTR4M,
oi_x2qaf4nxzm,o_xawk3snn8z,p_pdj8rur3c6,bo_j96tnttr4m,Bon|Artis Ooh La La Poodles Tea Towel,default,1990,995,995,16,15920,15920,0,#J96TNTTR4M,
oi_9dz7gcq9e6,o_xawk3snn8z,p_h769hx52cx,bo_j96tnttr4m,Bon|Artis Ooh La La Cat’s Meow Tea Towel,default,1990,995,995,24,23880,23880,0,#J96TNTTR4M,
oi_evvqyhy2a2,o_xawk3snn8z,p_v98nxkvsts,bo_j96tnttr4m,Bon|Artis Oohlala House Tea Towel,default,1990,995,995,44,43780,43780,0,#J96TNTTR4M,
oi_v8gmc2d4gy,o_ewx4kb3nc9,p_ju8v5n88a9,bo_8xyyjm5t7z,Bon|Artis Blue Cat Tea Towel,default,1990,995,995,4,3980,3980,0,#8XYYJM5T7Z,
oi_ckmzdajqat,o_ewx4kb3nc9,p_pdj8rur3c6,bo_8xyyjm5t7z,Bon|Artis Ooh La La Poodles Tea Towel,default,1990,995,995,4,3980,3980,0,#8XYYJM5T7Z,
oi_dpvur4q9bq,o_ewx4kb3nc9,p_3pyqfgnfp6,bo_8xyyjm5t7z,Bon|Artis Blue & Orange Bouquet Tea Towel,default,1990,995,995,4,3980,3980,0,#8XYYJM5T7Z,
oi_7cp9bzm3a2,o_ewx4kb3nc9,p_7nt46c37ff,bo_8xyyjm5t7z,Bon|Artis Painted Dog Tea Towel,default,1990,995,995,4,3980,3980,0,#8XYYJM5T7Z,
oi_jh6n8vxpr2,o_ewx4kb3nc9,p_v98nxkvsts,bo_8xyyjm5t7z,Bon|Artis Oohlala House Tea Towel,default,1990,995,995,4,3980,3980,0,#8XYYJM5T7Z,
oi_nyjxjjwdew,o_ewx4kb3nc9,p_29tukxtnzy,bo_8xyyjm5t7z,Bon|Artis Red Dog Tea Towel,default,1990,995,995,4,3980,3980,0,#8XYYJM5T7Z,
oi_h9e5bj3ybv,o_ewx4kb3nc9,p_beugb7a95u,bo_8xyyjm5t7z,Bon|Artis Ooh La La Cats Tea Towel,default,1990,995,995,4,3980,3980,0,#8XYYJM5T7Z,
oi_97a5med7s4,o_ewx4kb3nc9,p_zwzh9dgcy7,bo_8xyyjm5t7z,Bon|Artis Bees Love These Tea Towel,default,1990,995,995,4,3980,3980,0,#8XYYJM5T7Z,
oi_hate4kcvek,o_zcnf77mv2r,p_h769hx52cx,bo_fwdhewqw5k,Bon|Artis Ooh La La Cat’s Meow Tea Towel,default,1990,995,995,4,3980,3980,0,#FWDHEWQW5K,
oi_tmd4n64rd5,o_zcnf77mv2r,p_zvv43brwrk,bo_fwdhewqw5k,Bon|Artis Black Cottage Tea Towel,default,1990,995,995,4,3980,3980,0,#FWDHEWQW5K,
oi_y866eqvx7b,o_zcnf77mv2r,p_7nt46c37ff,bo_fwdhewqw5k,Bon|Artis Painted Dog Tea Towel,default,1990,995,995,4,3980,3980,0,#FWDHEWQW5K,
oi_gypfvb4z3y,o_zcnf77mv2r,p_beugb7a95u,bo_fwdhewqw5k,Bon|Artis Ooh La La Cats Tea Towel,default,1990,995,995,4,3980,3980,0,#FWDHEWQW5K,
oi_qg26t79ktk,o_zcnf77mv2r,p_zwzh9dgcy7,bo_fwdhewqw5k,Bon|Artis Bees Love These Tea Towel,default,1990,995,995,4,3980,3980,0,#FWDHEWQW5K,
oi_rr884py7h7,o_zcnf77mv2r,p_3pyqfgnfp6,bo_fwdhewqw5k,Bon|Artis Blue & Orange Bouquet Tea Towel,default,1990,995,995,4,3980,3980,0,#FWDHEWQW5K,
oi_z4ykc2bxpg,o_faynxanepx,p_zwzh9dgcy7,bo_dqmrvtt9bm,Bon|Artis Bees Love These Tea Towel,default,2400,1200,1200,2,2400,2400,0,#DQMRVTT9BM,
oi_5vuysfsszx,o_faynxanepx,p_beugb7a95u,bo_dqmrvtt9bm,Bon|Artis Oohlala Cats Tea Towel,default,2400,1200,1200,2,2400,2400,0,#DQMRVTT9BM,
oi_dndzkw8xxu,o_faynxanepx,p_29tukxtnzy,bo_dqmrvtt9bm,Bon|Artis Red Dog Tea Towel,default,2400,1200,1200,1,1200,1200,0,#DQMRVTT9BM,
oi_v6g7xuek4p,o_faynxanepx,p_ju8v5n88a9,bo_dqmrvtt9bm,Bon|Artis Blue Cat Tea Towel,default,2400,1200,1200,1,1200,1200,0,#DQMRVTT9BM,
oi_dtbq88c5h5,o_faynxanepx,p_7nt46c37ff,bo_dqmrvtt9bm,Bon|Artis Painted Dog Tea Towel,default,2400,1200,1200,2,2400,2400,0,#DQMRVTT9BM,
oi_33eghamta8,o_faynxanepx,p_7753bsunqm,bo_dqmrvtt9bm,Bon|Artis Bike Baskets Tea Towel,default,2400,1200,1200,1,1200,1200,0,#DQMRVTT9BM,
oi_kaxjbhrwjk,o_faynxanepx,p_zvv43brwrk,bo_dqmrvtt9bm,Bon|Artis Black Cottage Tea Towel,default,2400,1200,1200,1,1200,1200,0,#DQMRVTT9BM,
oi_sm29qxyf74,o_5q66dde4pd,p_7nt46c37ff,bo_nd42d9yj2h,Bon|Artis Painted Dog Tea Towel,default,1990,995,995,3,2985,2985,0,#ND42D9YJ2H,
oi_spk3k6nxtf,o_5q66dde4pd,p_3pyqfgnfp6,bo_nd42d9yj2h,Bon|Artis Blue & Orange Bouquet Tea Towel,default,1990,995,995,3,2985,2985,0,#ND42D9YJ2H,
oi_bskzdwusb7,o_5q66dde4pd,p_zwzh9dgcy7,bo_nd42d9yj2h,Bon|Artis Bees Love These Tea Towel,default,1990,995,995,3,2985,2985,0,#ND42D9YJ2H,
oi_jfzhgnx8y3,o_5q66dde4pd,p_beugb7a95u,bo_nd42d9yj2h,Bon|Artis Oohlala Cats Tea Towel,default,1990,995,995,3,2985,2985,0,#ND42D9YJ2H,
oi_65c5ssxxff,o_5q66dde4pd,p_7753bsunqm,bo_nd42d9yj2h,Bon|Artis Bike Baskets Tea Towel,default,1990,995,995,3,2985,2985,0,#ND42D9YJ2H,
